order_id,customer_ref,channel_id,store_id,status,ordered_at,gross_value,discount_value,tax_value,net_value,product_external_id,quantity,unit_price,discount_amount,tax_amount,net_price,is_promo
PED-00001,CLI-10000,CH-APP,LOJA-01,delivered,2024-05-09T04:14:35,1246.57,0.0,64.64,1311.21,SKU-2008,1,1246.57,0.0,64.64,1311.21,False
PED-00001,CLI-10000,CH-APP,LOJA-01,delivered,2024-05-09T04:14:35,8111.84,0.0,744.94,8856.78,SKU-2007,1,6865.27,0.0,680.3,7545.57,False
PED-00001,CLI-10000,CH-APP,LOJA-01,delivered,2024-05-09T04:14:35,8440.42,0.0,774.92,9215.34,SKU-2023,2,164.29,0.0,14.99,179.28,False
PED-00001,CLI-10000,CH-APP,LOJA-01,delivered,2024-05-09T04:14:35,8453.97,0.0,775.75,9229.72,SKU-2055,1,13.55,0.0,0.83,14.38,False
PED-00002,CLI-10000,CH-APP,LOJA-01,confirmed,2024-08-08T00:37:07,328.58,72.12,23.66,280.12,SKU-2023,2,164.29,36.06,11.83,140.06,True
PED-00003,CLI-10000,CH-APP,LOJA-01,returned,2025-08-08T03:11:38,1285.11,82.14,115.83,1318.8,SKU-2020,3,428.37,27.38,38.61,439.6,True
PED-00003,CLI-10000,CH-APP,LOJA-01,returned,2025-08-08T03:11:38,2227.27,82.14,219.35,2364.48,SKU-2141,2,471.08,0.0,51.76,522.84,False
PED-00003,CLI-10000,CH-APP,LOJA-01,returned,2025-08-08T03:11:38,2245.67,82.14,220.85,2384.38,SKU-2075,1,18.4,0.0,1.5,19.9,False
PED-00003,CLI-10000,CH-APP,LOJA-01,returned,2025-08-08T03:11:38,3221.97,200.32,304.01,3325.66,SKU-2092,2,488.15,59.09,41.58,470.64,True
PED-00004,CLI-10001,CH-APP,LOJA-01,delivered,2024-04-03T12:03:03,147.8,0.0,15.72,163.52,SKU-2083,1,147.8,0.0,15.72,163.52,False
PED-00004,CLI-10001,CH-APP,LOJA-01,delivered,2024-04-03T12:03:03,189.96,0.0,18.46,208.42,SKU-2014,2,21.08,0.0,1.37,22.45,False
PED-00005,CLI-10001,CH-APP,LOJA-01,delivered,2024-04-18T20:16:50,4250.16,0.0,372.86,4623.02,SKU-2117,1,4250.16,0.0,372.86,4623.02,False
PED-00005,CLI-10001,CH-APP,LOJA-01,delivered,2024-04-18T20:16:50,17907.78,0.0,1914.08,19821.86,SKU-2036,3,4552.54,0.0,513.74,5066.28,False
PED-00005,CLI-10001,CH-APP,LOJA-01,delivered,2024-04-18T20:16:50,26826.12,0.0,2982.62,29808.74,SKU-2067,2,4459.17,0.0,534.27,4993.44,False
PED-00005,CLI-10001,CH-APP,LOJA-01,delivered,2024-04-18T20:16:50,26834.97,0.0,2983.12,29818.09,SKU-2035,1,8.85,0.0,0.5,9.35,False
PED-00006,CLI-10001,CH-APP,LOJA-01,confirmed,2024-04-19T16:44:18,22320.15,0.0,1980.36,24300.51,SKU-2016,3,7440.05,0.0,660.12,8100.17,False
PED-00006,CLI-10001,CH-APP,LOJA-01,confirmed,2024-04-19T16:44:18,23985.69,0.0,2076.99,26062.68,SKU-2098,1,1665.54,0.0,96.63,1762.17,False
PED-00006,CLI-10001,CH-APP,LOJA-01,confirmed,2024-04-19T16:44:18,39429.09,0.0,3680.04,43109.13,SKU-2097,3,5147.8,0.0,534.35,5682.15,False
PED-00006,CLI-10001,CH-APP,LOJA-01,confirmed,2024-04-19T16:44:18,39627.19,0.0,3695.98,43323.17,SKU-2119,2,99.05,0.0,7.97,107.02,False
PED-00007,CLI-10001,CH-APP,LOJA-01,delivered,2024-05-12T06:25:05,603.93,0.0,57.21,661.14,SKU-2129,3,201.31,0.0,19.07,220.38,False
PED-00007,CLI-10001,CH-APP,LOJA-01,delivered,2024-05-12T06:25:05,3775.11,0.0,298.77,4073.88,SKU-2027,3,1057.06,0.0,80.52,1137.58,False
PED-00008,CLI-10001,CH-APP,LOJA-01,cancelled,2024-06-03T18:53:46,36.84,0.0,3.98,40.82,SKU-2125,2,18.42,0.0,1.99,20.41,False
PED-00008,CLI-10001,CH-APP,LOJA-01,cancelled,2024-06-03T18:53:46,134.52,0.0,10.52,145.04,SKU-2004,2,48.84,0.0,3.27,52.11,False
PED-00008,CLI-10001,CH-APP,LOJA-01,cancelled,2024-06-03T18:53:46,2793.96,0.0,159.44,2953.4,SKU-2028,3,886.48,0.0,49.64,936.12,False
PED-00009,CLI-10001,CH-APP,LOJA-01,confirmed,2024-06-04T07:31:49,598.97,0.0,66.53,665.5,SKU-2121,1,598.97,0.0,66.53,665.5,False
PED-00009,CLI-10001,CH-APP,LOJA-01,confirmed,2024-06-04T07:31:49,1908.73,0.0,217.19,2125.92,SKU-2140,2,654.88,0.0,75.33,730.21,False
PED-00010,CLI-10001,CH-APP,LOJA-01,delivered,2024-06-12T21:45:29,385.64,0.0,21.01,406.65,SKU-2112,1,385.64,0.0,21.01,406.65,False
PED-00010,CLI-10001,CH-APP,LOJA-01,delivered,2024-06-12T21:45:29,466.41,0.0,26.35,492.76,SKU-2132,1,80.77,0.0,5.34,86.11,False
PED-00010,CLI-10001,CH-APP,LOJA-01,delivered,2024-06-12T21:45:29,476.28,1.89,26.78,501.17,SKU-2115,1,9.87,1.89,0.43,8.41,True
PED-00011,CLI-10001,CH-APP,LOJA-01,delivered,2024-06-13T03:22:48,16.01,0.0,1.79,17.8,SKU-2124,1,16.01,0.0,1.79,17.8,False
PED-00011,CLI-10001,CH-APP,LOJA-01,delivered,2024-06-13T03:22:48,131.54,0.0,13.91,145.45,SKU-2054,3,38.51,0.0,4.04,42.55,False
PED-00011,CLI-10001,CH-APP,LOJA-01,delivered,2024-06-13T03:22:48,851.88,0.0,54.81,906.69,SKU-2138,2,360.17,0.0,20.45,380.62,False
PED-00012,CLI-10001,CH-APP,LOJA-01,delivered,2024-06-17T04:25:25,54.26,0.0,5.76,60.02,SKU-2015,2,27.13,0.0,2.88,30.01,False
PED-00013,CLI-10001,CH-APP,LOJA-01,delivered,2024-06-18T17:53:17,601.75,0.0,33.26,635.01,SKU-2071,1,601.75,0.0,33.26,635.01,False
PED-00013,CLI-10001,CH-APP,LOJA-01,delivered,2024-06-18T17:53:17,3876.61,590.88,269.03,3554.76,SKU-2118,3,1091.62,196.96,78.59,973.25,True
PED-00014,CLI-10002,CH-TELEVENDAS,LOJA-TELEVENDAS,delivered,2024-04-02T15:29:42,1291.86,0.0,151.16,1443.02,SKU-2000,2,645.93,0.0,75.58,721.51,False
PED-00014,CLI-10002,CH-TELEVENDAS,LOJA-TELEVENDAS,delivered,2024-04-02T15:29:42,1734.51,0.0,188.36,1922.87,SKU-2099,3,147.55,0.0,12.4,159.95,False
PED-00014,CLI-10002,CH-TELEVENDAS,LOJA-TELEVENDAS,delivered,2024-04-02T15:29:42,6193.68,0.0,713.69,6907.37,SKU-2067,1,4459.17,0.0,525.33,4984.5,False
PED-00014,CLI-10002,CH-TELEVENDAS,LOJA-TELEVENDAS,delivered,2024-04-02T15:29:42,36083.73,0.0,2335.73,38419.46,SKU-2116,3,9963.35,0.0,540.68,10504.03,False
PED-00015,CLI-10002,CH-TELEVENDAS,LOJA-TELEVENDAS,cancelled,2024-04-02T23:56:38,21.08,0.0,1.16,22.24,SKU-2014,1,21.08,0.0,1.16,22.24,False
PED-00015,CLI-10002,CH-TELEVENDAS,LOJA-TELEVENDAS,cancelled,2024-04-02T23:56:38,224.11,0.0,14.65,238.76,SKU-2130,1,203.03,0.0,13.49,216.52,False
PED-00016,CLI-10002,CH-TELEVENDAS,LOJA-TELEVENDAS,delivered,2024-04-18T02:53:21,3068.61,0.0,265.74,3334.35,SKU-2107,3,1022.87,0.0,88.58,1111.45,False
PED-00017,CLI-10002,CH-TELEVENDAS,LOJA-TELEVENDAS,delivered,2024-04-19T16:24:52,184.63,32.17,13.63,166.09,SKU-2033,1,184.63,32.17,13.63,166.09,True
PED-00017,CLI-10002,CH-TELEVENDAS,LOJA-TELEVENDAS,delivered,2024-04-19T16:24:52,7713.17,729.55,482.0,7465.62,SKU-2076,1,7528.54,697.38,468.37,7299.53,True
PED-00017,CLI-10002,CH-TELEVENDAS,LOJA-TELEVENDAS,delivered,2024-04-19T16:24:52,16213.49,729.55,1430.2,16914.14,SKU-2117,2,4250.16,0.0,474.1,4724.26,False
PED-00017,CLI-10002,CH-TELEVENDAS,LOJA-TELEVENDAS,delivered,2024-04-19T16:24:52,16357.41,729.55,1441.82,17069.68,SKU-2080,2,71.96,0.0,5.81,77.77,False
PED-00018,CLI-10002,CH-TELEVENDAS,LOJA-TELEVENDAS,confirmed,2024-04-22T03:35:07,942.16,0.0,53.94,996.1,SKU-2141,2,471.08,0.0,26.97,498.05,False
PED-00019,CLI-10002,CH-TELEVENDAS,LOJA-TELEVENDAS,delivered,2024-04-24T06:01:55,1343.19,0.0,99.39,1442.58,SKU-2069,3,447.73,0.0,33.13,480.86,False
PED-00019,CLI-10002,CH-TELEVENDAS,LOJA-TELEVENDAS,delivered,2024-04-24T06:01:55,2245.2,0.0,161.16,2406.36,SKU-2072,3,300.67,0.0,20.59,321.26,False
PED-00020,CLI-10002,CH-TELEVENDAS,LOJA-TELEVENDAS,delivered,2024-05-10T09:12:29,555.7,0.0,37.97,593.67,SKU-2070,1,555.7,0.0,37.97,593.67,False
PED-00020,CLI-10002,CH-TELEVENDAS,LOJA-TELEVENDAS,delivered,2024-05-10T09:12:29,813.01,0.0,63.56,876.57,SKU-2011,3,85.77,0.0,8.53,94.3,False
PED-00020,CLI-10002,CH-TELEVENDAS,LOJA-TELEVENDAS,delivered,2024-05-10T09:12:29,2750.8,126.06,266.15,2890.89,SKU-2000,3,645.93,42.02,67.53,671.44,True
PED-00020,CLI-10002,CH-TELEVENDAS,LOJA-TELEVENDAS,delivered,2024-05-10T09:12:29,2777.43,126.06,269.04,2920.41,SKU-2085,1,26.63,0.0,2.89,29.52,False
PED-00021,CLI-10002,CH-FISICO,LOJA-03,confirmed,2024-05-11T11:31:54,106.51,0.0,10.3,116.81,SKU-2091,1,106.51,0.0,10.3,116.81,False
PED-00022,CLI-10002,CH-TELEVENDAS,LOJA-TELEVENDAS,returned,2024-05-17T02:19:25,458.56,0.0,23.72,482.28,SKU-2060,1,458.56,0.0,23.72,482.28,False
PED-00022,CLI-10002,CH-TELEVENDAS,LOJA-TELEVENDAS,returned,2024-05-17T02:19:25,1543.06,0.0,137.33,1680.39,SKU-2041,3,361.5,0.0,37.87,399.37,False
PED-00023,CLI-10002,CH-TELEVENDAS,LOJA-TELEVENDAS,delivered,2024-05-24T16:21:38,1057.06,0.0,69.31,1126.37,SKU-2027,1,1057.06,0.0,69.31,1126.37,False
PED-00023,CLI-10002,CH-TELEVENDAS,LOJA-TELEVENDAS,delivered,2024-05-24T16:21:38,11352.66,0.0,1175.45,12528.11,SKU-2097,2,5147.8,0.0,553.07,5700.87,False
PED-00024,CLI-10002,CH-TELEVENDAS,LOJA-TELEVENDAS,delivered,2024-05-26T09:47:02,8218.68,0.0,801.87,9020.55,SKU-2017,3,2739.56,0.0,267.29,3006.85,False
PED-00024,CLI-10002,CH-TELEVENDAS,LOJA-TELEVENDAS,delivered,2024-05-26T09:47:02,10023.93,0.0,895.62,10919.55,SKU-2071,3,601.75,0.0,31.25,633.0,False
PED-00024,CLI-10002,CH-TELEVENDAS,LOJA-TELEVENDAS,delivered,2024-05-26T09:47:02,10458.11,0.0,946.58,11404.69,SKU-2089,2,217.09,0.0,25.48,242.57,False
PED-00025,CLI-10002,CH-TELEVENDAS,LOJA-TELEVENDAS,delivered,2024-05-27T04:37:42,350.74,0.0,22.2,372.94,SKU-2111,2,175.37,0.0,11.1,186.47,False
PED-00025,CLI-10002,CH-TELEVENDAS,LOJA-TELEVENDAS,delivered,2024-05-27T04:37:42,553.77,0.0,32.38,586.15,SKU-2130,1,203.03,0.0,10.18,213.21,False
PED-00025,CLI-10002,CH-TELEVENDAS,LOJA-TELEVENDAS,delivered,2024-05-27T04:37:42,1477.02,0.0,139.3,1616.32,SKU-2029,3,307.75,0.0,35.64,343.39,False
PED-00026,CLI-10002,CH-TELEVENDAS,LOJA-TELEVENDAS,cancelled,2024-05-28T16:40:09,215.88,0.0,16.98,232.86,SKU-2080,3,71.96,0.0,5.66,77.62,False
PED-00026,CLI-10002,CH-TELEVENDAS,LOJA-TELEVENDAS,cancelled,2024-05-28T16:40:09,1221.04,0.0,106.24,1327.28,SKU-2031,2,502.58,0.0,44.63,547.21,False
PED-00026,CLI-10002,CH-TELEVENDAS,LOJA-TELEVENDAS,cancelled,2024-05-28T16:40:09,8749.58,0.0,978.24,9727.82,SKU-2076,1,7528.54,0.0,872.0,8400.54,False
PED-00027,CLI-10002,CH-TELEVENDAS,LOJA-TELEVENDAS,delivered,2024-06-13T15:30:43,15559.78,0.0,1633.82,17193.6,SKU-2077,2,7779.89,0.0,816.91,8596.8,False
PED-00028,CLI-10002,CH-TELEVENDAS,LOJA-TELEVENDAS,delivered,2024-06-16T07:23:46,320.04,0.0,23.52,343.56,SKU-2043,3,106.68,0.0,7.84,114.52,False
PED-00028,CLI-10002,CH-TELEVENDAS,LOJA-TELEVENDAS,delivered,2024-06-16T07:23:46,963.82,0.0,65.83,1029.65,SKU-2021,1,643.78,0.0,42.31,686.09,False
PED-00028,CLI-10002,CH-TELEVENDAS,LOJA-TELEVENDAS,delivered,2024-06-16T07:23:46,1264.49,0.0,81.84,1346.33,SKU-2072,1,300.67,0.0,16.01,316.68,False
PED-00028,CLI-10002,CH-TELEVENDAS,LOJA-TELEVENDAS,delivered,2024-06-16T07:23:46,1408.09,0.0,96.74,1504.83,SKU-2131,2,71.8,0.0,7.45,79.25,False
PED-00029,CLI-10002,CH-TELEVENDAS,LOJA-TELEVENDAS,delivered,2024-07-01T04:14:35,10952.61,0.0,1232.01,12184.62,SKU-2126,3,3650.87,0.0,410.67,4061.54,False
PED-00029,CLI-10002,CH-TELEVENDAS,LOJA-TELEVENDAS,delivered,2024-07-01T04:14:35,11095.61,0.0,1241.35,12336.96,SKU-2102,1,143.0,0.0,9.34,152.34,False
PED-00029,CLI-10002,CH-TELEVENDAS,LOJA-TELEVENDAS,delivered,2024-07-01T04:14:35,12607.49,0.0,1322.26,13929.75,SKU-2062,3,503.96,0.0,26.97,530.93,False
PED-00029,CLI-10002,CH-TELEVENDAS,LOJA-TELEVENDAS,delivered,2024-07-01T04:14:35,17165.71,0.0,1588.89,18754.6,SKU-2037,1,4558.22,0.0,266.63,4824.85,False
PED-00030,CLI-10002,CH-TELEVENDAS,LOJA-TELEVENDAS,delivered,2024-07-05T10:51:43,204.93,0.0,12.54,217.47,SKU-2113,3,68.31,0.0,4.18,72.49,False
PED-00030,CLI-10002,CH-TELEVENDAS,LOJA-TELEVENDAS,delivered,2024-07-05T10:51:43,607.55,0.0,53.86,661.41,SKU-2129,2,201.31,0.0,20.66,221.97,False
PED-00030,CLI-10002,CH-TELEVENDAS,LOJA-TELEVENDAS,delivered,2024-07-05T10:51:43,814.19,0.0,75.43,889.62,SKU-2109,3,68.88,0.0,7.19,76.07,False
PED-00031,CLI-10002,CH-TELEVENDAS,LOJA-TELEVENDAS,delivered,2024-07-07T07:46:18,895.46,0.0,49.82,945.28,SKU-2069,2,447.73,0.0,24.91,472.64,False
PED-00031,CLI-10002,CH-TELEVENDAS,LOJA-TELEVENDAS,delivered,2024-07-07T07:46:18,922.09,0.0,52.45,974.54,SKU-2085,1,26.63,0.0,2.63,29.26,False
PED-00032,CLI-10002,CH-TELEVENDAS,LOJA-TELEVENDAS,delivered,2024-07-07T18:40:28,81.39,0.0,4.17,85.56,SKU-2015,3,27.13,0.0,1.39,28.52,False
PED-00032,CLI-10002,CH-TELEVENDAS,LOJA-TELEVENDAS,delivered,2024-07-07T18:40:28,1355.73,0.0,68.4,1424.13,SKU-2052,3,424.78,0.0,21.41,446.19,False
PED-00032,CLI-10002,CH-TELEVENDAS,LOJA-TELEVENDAS,delivered,2024-07-07T18:40:28,3401.47,0.0,226.54,3628.01,SKU-2107,2,1022.87,0.0,79.07,1101.94,False
PED-00032,CLI-10002,CH-TELEVENDAS,LOJA-TELEVENDAS,delivered,2024-07-07T18:40:28,3696.57,0.0,256.48,3953.05,SKU-2099,2,147.55,0.0,14.97,162.52,False
PED-00033,CLI-10002,CH-TELEVENDAS,LOJA-TELEVENDAS,delivered,2024-07-23T09:17:16,20595.81,0.0,1703.64,22299.45,SKU-2007,3,6865.27,0.0,567.88,7433.15,False
PED-00033,CLI-10002,CH-TELEVENDAS,LOJA-TELEVENDAS,delivered,2024-07-23T09:17:16,20743.36,0.0,1716.53,22459.89,SKU-2099,1,147.55,0.0,12.89,160.44,False
PED-00033,CLI-10002,CH-TELEVENDAS,LOJA-TELEVENDAS,delivered,2024-07-23T09:17:16,33005.36,0.0,2898.71,35904.07,SKU-2086,2,6131.0,0.0,591.09,6722.09,False
PED-00033,CLI-10002,CH-TELEVENDAS,LOJA-TELEVENDAS,delivered,2024-07-23T09:17:16,33120.2,0.0,2905.54,36025.74,SKU-2103,1,114.84,0.0,6.83,121.67,False
PED-00034,CLI-10002,CH-TELEVENDAS,LOJA-TELEVENDAS,delivered,2024-07-23T17:45:40,12262.0,0.0,683.4,12945.4,SKU-2086,2,6131.0,0.0,341.7,6472.7,False
PED-00034,CLI-10002,CH-TELEVENDAS,LOJA-TELEVENDAS,delivered,2024-07-23T17:45:40,17409.8,0.0,959.56,18369.36,SKU-2097,1,5147.8,0.0,276.16,5423.96,False
PED-00034,CLI-10002,CH-TELEVENDAS,LOJA-TELEVENDAS,delivered,2024-07-23T17:45:40,18613.3,0.0,1025.52,19638.82,SKU-2071,2,601.75,0.0,32.98,634.73,False
PED-00035,CLI-10002,CH-APP,LOJA-01,confirmed,2024-07-24T00:30:36,366.94,0.0,32.84,399.78,SKU-2061,2,183.47,0.0,16.42,199.89,False
PED-00035,CLI-10002,CH-APP,LOJA-01,confirmed,2024-07-24T00:30:36,921.22,0.0,70.5,991.72,SKU-2032,1,554.28,0.0,37.66,591.94,False
PED-00036,CLI-10002,CH-TELEVENDAS,LOJA-TELEVENDAS,delivered,2024-07-30T09:26:10,863.46,97.05,74.67,841.08,SKU-2079,3,287.82,32.35,24.89,280.36,True
PED-00036,CLI-10002,CH-TELEVENDAS,LOJA-TELEVENDAS,delivered,2024-07-30T09:26:10,2977.58,97.05,286.19,3166.72,SKU-2027,2,1057.06,0.0,105.76,1162.82,False
PED-00037,CLI-10002,CH-TELEVENDAS,LOJA-TELEVENDAS,delivered,2024-08-07T10:06:48,400.14,0.0,38.54,438.68,SKU-2030,2,200.07,0.0,19.27,219.34,False
PED-00037,CLI-10002,CH-TELEVENDAS,LOJA-TELEVENDAS,delivered,2024-08-07T10:06:48,418.71,0.0,39.91,458.62,SKU-2144,1,18.57,0.0,1.37,19.94,False
PED-00037,CLI-10002,CH-TELEVENDAS,LOJA-TELEVENDAS,delivered,2024-08-07T10:06:48,1066.41,0.0,77.09,1143.5,SKU-2010,2,323.85,0.0,18.59,342.44,False
PED-00038,CLI-10002,CH-TELEVENDAS,LOJA-TELEVENDAS,delivered,2024-08-14T07:54:15,29.78,0.0,3.22,33.0,SKU-2045,2,14.89,0.0,1.61,16.5,False
PED-00038,CLI-10002,CH-TELEVENDAS,LOJA-TELEVENDAS,delivered,2024-08-14T07:54:15,173.18,0.0,18.94,192.12,SKU-2133,3,47.8,0.0,5.24,53.04,False
PED-00038,CLI-10002,CH-TELEVENDAS,LOJA-TELEVENDAS,delivered,2024-08-14T07:54:15,620.91,0.0,55.46,676.37,SKU-2069,1,447.73,0.0,36.52,484.25,False
PED-00038,CLI-10002,CH-TELEVENDAS,LOJA-TELEVENDAS,delivered,2024-08-14T07:54:15,3214.47,0.0,306.44,3520.91,SKU-2137,2,1296.78,0.0,125.49,1422.27,False
PED-00039,CLI-10002,CH-TELEVENDAS,LOJA-TELEVENDAS,delivered,2024-08-18T23:53:05,24362.85,0.0,1689.3,26052.15,SKU-2066,3,8120.95,0.0,563.1,8684.05,False
PED-00039,CLI-10002,CH-TELEVENDAS,LOJA-TELEVENDAS,delivered,2024-08-18T23:53:05,25679.74,0.0,1772.76,27452.5,SKU-2087,1,1316.89,0.0,83.46,1400.35,False
PED-00039,CLI-10002,CH-TELEVENDAS,LOJA-TELEVENDAS,delivered,2024-08-18T23:53:05,26281.49,0.0,1823.43,28104.92,SKU-2071,1,601.75,0.0,50.67,652.42,False
PED-00040,CLI-10002,CH-TELEVENDAS,LOJA-TELEVENDAS,delivered,2024-08-27T00:33:33,328.58,0.0,32.34,360.92,SKU-2023,2,164.29,0.0,16.17,180.46,False
PED-00041,CLI-10002,CH-TELEVENDAS,LOJA-TELEVENDAS,delivered,2024-09-01T23:38:39,1309.76,0.0,86.62,1396.38,SKU-2140,2,654.88,0.0,43.31,698.19,False
PED-00041,CLI-10002,CH-TELEVENDAS,LOJA-TELEVENDAS,delivered,2024-09-01T23:38:39,1337.18,0.0,88.21,1425.39,SKU-2084,3,9.14,0.0,0.53,9.67,False
PED-00041,CLI-10002,CH-TELEVENDAS,LOJA-TELEVENDAS,delivered,2024-09-01T23:38:39,1603.85,0.0,114.43,1718.28,SKU-2090,3,88.89,0.0,8.74,97.63,False
PED-00041,CLI-10002,CH-TELEVENDAS,LOJA-TELEVENDAS,delivered,2024-09-01T23:38:39,11567.2,0.0,950.29,12517.49,SKU-2116,1,9963.35,0.0,835.86,10799.21,False
PED-00042,CLI-10002,CH-TELEVENDAS,LOJA-TELEVENDAS,delivered,2024-09-27T16:24:21,83.84,0.0,5.24,89.08,SKU-2049,2,41.92,0.0,2.62,44.54,False
PED-00043,CLI-10003,CH-FISICO,LOJA-02,confirmed,2024-07-22T18:49:24,931.86,0.0,49.94,981.8,SKU-2120,2,465.93,0.0,24.97,490.9,False
PED-00043,CLI-10003,CH-FISICO,LOJA-02,confirmed,2024-07-22T18:49:24,1534.4,38.0,97.6,1594.0,SKU-2122,2,301.27,19.0,23.83,306.1,True
PED-00043,CLI-10003,CH-FISICO,LOJA-02,confirmed,2024-07-22T18:49:24,2691.32,38.0,159.79,2813.11,SKU-2112,3,385.64,0.0,20.73,406.37,False
PED-00044,CLI-10004,CH-WEB,LOJA-WEB,confirmed,2024-05-21T17:03:14,19.74,0.0,1.08,20.82,SKU-2115,2,9.87,0.0,0.54,10.41,False
PED-00044,CLI-10004,CH-WEB,LOJA-WEB,confirmed,2024-05-21T17:03:14,224.67,41.52,16.41,199.56,SKU-2113,3,68.31,13.84,5.11,59.58,True
PED-00044,CLI-10004,CH-WEB,LOJA-WEB,confirmed,2024-05-21T17:03:14,15281.75,41.52,934.81,16175.04,SKU-2076,2,7528.54,0.0,459.2,7987.74,False
PED-00044,CLI-10004,CH-WEB,LOJA-WEB,confirmed,2024-05-21T17:03:14,15350.63,41.52,939.01,16248.12,SKU-2109,1,68.88,0.0,4.2,73.08,False
PED-00045,CLI-10004,CH-WEB,LOJA-WEB,delivered,2024-07-20T22:41:04,902.01,0.0,61.8,963.81,SKU-2072,3,300.67,0.0,20.6,321.27,False
PED-00045,CLI-10004,CH-WEB,LOJA-WEB,delivered,2024-07-20T22:41:04,30792.06,0.0,3238.32,34030.38,SKU-2116,3,9963.35,0.0,1058.84,11022.19,False
PED-00045,CLI-10004,CH-WEB,LOJA-WEB,delivered,2024-07-20T22:41:04,30902.14,0.0,3248.02,34150.16,SKU-2018,1,110.08,0.0,9.7,119.78,False
PED-00046,CLI-10004,CH-WEB,LOJA-WEB,delivered,2024-11-21T02:24:39,639.02,0.0,52.92,691.94,SKU-2078,2,319.51,0.0,26.46,345.97,False
PED-00046,CLI-10004,CH-WEB,LOJA-WEB,delivered,2024-11-21T02:24:39,675.26,0.0,57.12,732.38,SKU-2145,2,18.12,0.0,2.1,20.22,False
PED-00047,CLI-10004,CH-WEB,LOJA-WEB,delivered,2024-12-26T04:13:09,27338.37,0.0,2467.68,29806.05,SKU-2006,3,9112.79,0.0,822.56,9935.35,False
PED-00047,CLI-10004,CH-WEB,LOJA-WEB,delivered,2024-12-26T04:13:09,27502.66,0.0,2483.63,29986.29,SKU-2023,1,164.29,0.0,15.95,180.24,False
PED-00047,CLI-10004,CH-WEB,LOJA-WEB,delivered,2024-12-26T04:13:09,31353.64,0.0,2881.89,34235.53,SKU-2058,2,1925.49,0.0,199.13,2124.62,False
PED-00048,CLI-10005,CH-TELEVENDAS,LOJA-TELEVENDAS,delivered,2024-04-16T15:03:33,723.0,0.0,61.22,784.22,SKU-2041,2,361.5,0.0,30.61,392.11,False
PED-00049,CLI-10005,CH-TELEVENDAS,LOJA-TELEVENDAS,delivered,2024-05-09T16:40:08,143.92,0.0,16.98,160.9,SKU-2080,2,71.96,0.0,8.49,80.45,False
PED-00050,CLI-10005,CH-TELEVENDAS,LOJA-TELEVENDAS,delivered,2024-06-11T06:49:28,52.96,0.0,4.5,57.46,SKU-2105,2,26.48,0.0,2.25,28.73,False
PED-00050,CLI-10005,CH-TELEVENDAS,LOJA-TELEVENDAS,delivered,2024-06-11T06:49:28,199.74,0.0,13.94,213.68,SKU-2013,2,73.39,0.0,4.72,78.11,False
PED-00050,CLI-10005,CH-TELEVENDAS,LOJA-TELEVENDAS,delivered,2024-06-11T06:49:28,3562.62,361.86,349.04,3549.8,SKU-2048,3,1120.96,120.62,111.7,1112.04,True
PED-00050,CLI-10005,CH-TELEVENDAS,LOJA-TELEVENDAS,delivered,2024-06-11T06:49:28,3724.16,401.38,360.34,3683.12,SKU-2132,2,80.77,19.76,5.65,66.66,True
PED-00051,CLI-10005,CH-TELEVENDAS,LOJA-TELEVENDAS,delivered,2024-06-19T01:24:53,1854.56,0.0,107.98,1962.54,SKU-2057,1,1854.56,0.0,107.98,1962.54,False
PED-00052,CLI-10005,CH-TELEVENDAS,LOJA-TELEVENDAS,delivered,2024-07-20T03:59:56,9357.94,0.0,562.65,9920.59,SKU-2106,1,9357.94,0.0,562.65,9920.59,False
PED-00052,CLI-10005,CH-TELEVENDAS,LOJA-TELEVENDAS,delivered,2024-07-20T03:59:56,9504.63,0.0,575.2,10079.83,SKU-2123,1,146.69,0.0,12.55,159.24,False
PED-00052,CLI-10005,CH-TELEVENDAS,LOJA-TELEVENDAS,delivered,2024-07-20T03:59:56,9970.56,0.0,607.51,10578.07,SKU-2120,1,465.93,0.0,32.31,498.24,False
PED-00053,CLI-10005,CH-TELEVENDAS,LOJA-TELEVENDAS,delivered,2024-08-13T08:05:02,902.01,0.0,82.17,984.18,SKU-2072,3,300.67,0.0,27.39,328.06,False
PED-00054,CLI-10005,CH-TELEVENDAS,LOJA-TELEVENDAS,delivered,2024-09-12T15:59:09,29890.05,0.0,3285.54,33175.59,SKU-2116,3,9963.35,0.0,1095.18,11058.53,False
PED-00054,CLI-10005,CH-TELEVENDAS,LOJA-TELEVENDAS,delivered,2024-09-12T15:59:09,30758.69,172.8,3354.68,33940.57,SKU-2082,2,434.32,86.4,34.57,382.49,True
PED-00054,CLI-10005,CH-TELEVENDAS,LOJA-TELEVENDAS,delivered,2024-09-12T15:59:09,33000.61,172.8,3570.94,36398.75,SKU-2048,2,1120.96,0.0,108.13,1229.09,False
PED-00054,CLI-10005,CH-TELEVENDAS,LOJA-TELEVENDAS,delivered,2024-09-12T15:59:09,33551.02,172.8,3617.53,36995.75,SKU-2061,3,183.47,0.0,15.53,199.0,False
PED-00055,CLI-10006,CH-APP,LOJA-02,confirmed,2024-07-06T23:43:53,1384.32,0.0,136.34,1520.66,SKU-2019,2,692.16,0.0,68.17,760.33,False
PED-00055,CLI-10006,CH-APP,LOJA-02,confirmed,2024-07-06T23:43:53,2782.11,161.73,256.49,2876.87,SKU-2120,3,465.93,53.91,40.05,452.07,True
PED-00056,CLI-10006,CH-TELEVENDAS,LOJA-TELEVENDAS,confirmed,2024-11-06T14:28:44,1080.51,0.0,75.75,1156.26,SKU-2138,3,360.17,0.0,25.25,385.42,False
PED-00056,CLI-10006,CH-TELEVENDAS,LOJA-TELEVENDAS,confirmed,2024-11-06T14:28:44,1425.19,0.0,103.45,1528.64,SKU-2009,1,344.68,0.0,27.7,372.38,False
PED-00056,CLI-10006,CH-TELEVENDAS,LOJA-TELEVENDAS,confirmed,2024-11-06T14:28:44,4164.75,0.0,375.41,4540.16,SKU-2017,1,2739.56,0.0,271.96,3011.52,False
PED-00056,CLI-10006,CH-TELEVENDAS,LOJA-TELEVENDAS,confirmed,2024-11-06T14:28:44,4623.31,0.0,420.61,5043.92,SKU-2060,1,458.56,0.0,45.2,503.76,False
PED-00057,CLI-10006,CH-TELEVENDAS,LOJA-TELEVENDAS,delivered,2024-11-08T11:25:54,2097.78,0.0,205.02,2302.8,SKU-2110,3,699.26,0.0,68.34,767.6,False
PED-00057,CLI-10006,CH-TELEVENDAS,LOJA-TELEVENDAS,delivered,2024-11-08T11:25:54,6656.0,0.0,458.13,7114.13,SKU-2037,1,4558.22,0.0,253.11,4811.33,False
PED-00057,CLI-10006,CH-TELEVENDAS,LOJA-TELEVENDAS,delivered,2024-11-08T11:25:54,7663.92,0.0,525.51,8189.43,SKU-2062,2,503.96,0.0,33.69,537.65,False
PED-00058,CLI-10006,CH-TELEVENDAS,LOJA-TELEVENDAS,delivered,2024-11-14T14:54:01,584.97,0.0,32.28,617.25,SKU-2002,3,194.99,0.0,10.76,205.75,False
PED-00058,CLI-10006,CH-TELEVENDAS,LOJA-TELEVENDAS,delivered,2024-11-14T14:54:01,783.07,0.0,46.34,829.41,SKU-2119,2,99.05,0.0,7.03,106.08,False
PED-00058,CLI-10006,CH-TELEVENDAS,LOJA-TELEVENDAS,delivered,2024-11-14T14:54:01,1103.05,0.0,72.58,1175.63,SKU-2073,2,159.99,0.0,13.12,173.11,False
PED-00059,CLI-10006,CH-TELEVENDAS,LOJA-TELEVENDAS,delivered,2025-09-04T00:46:30,16474.38,0.0,1951.5,18425.88,SKU-2146,3,5491.46,0.0,650.5,6141.96,False
PED-00059,CLI-10006,CH-TELEVENDAS,LOJA-TELEVENDAS,delivered,2025-09-04T00:46:30,16793.91,0.0,1967.67,18761.58,SKU-2091,3,106.51,0.0,5.39,111.9,False
PED-00059,CLI-10006,CH-TELEVENDAS,LOJA-TELEVENDAS,delivered,2025-09-04T00:46:30,29242.17,0.0,3438.45,32680.62,SKU-2147,3,4149.42,0.0,490.26,4639.68,False
PED-00059,CLI-10006,CH-TELEVENDAS,LOJA-TELEVENDAS,delivered,2025-09-04T00:46:30,29297.37,0.0,3444.42,32741.79,SKU-2075,3,18.4,0.0,1.99,20.39,False
PED-00060,CLI-10006,CH-TELEVENDAS,LOJA-TELEVENDAS,confirmed,2025-11-02T12:06:43,3362.88,0.0,348.81,3711.69,SKU-2048,3,1120.96,0.0,116.27,1237.23,False
PED-00060,CLI-10006,CH-TELEVENDAS,LOJA-TELEVENDAS,confirmed,2025-11-02T12:06:43,3416.61,0.0,353.85,3770.46,SKU-2064,3,17.91,0.0,1.68,19.59,False
PED-00061,CLI-10006,CH-TELEVENDAS,LOJA-TELEVENDAS,delivered,2025-12-13T20:31:12,369.26,0.0,23.0,392.26,SKU-2033,2,184.63,0.0,11.5,196.13,False
PED-00061,CLI-10006,CH-TELEVENDAS,LOJA-TELEVENDAS,delivered,2025-12-13T20:31:12,533.55,0.0,41.29,574.84,SKU-2023,1,164.29,0.0,18.29,182.58,False
PED-00061,CLI-10006,CH-TELEVENDAS,LOJA-TELEVENDAS,delivered,2025-12-13T20:31:12,570.35,0.0,45.49,615.84,SKU-2075,2,18.4,0.0,2.1,20.5,False
PED-00062,CLI-10006,CH-TELEVENDAS,LOJA-TELEVENDAS,delivered,2025-12-25T16:06:17,6131.0,1491.67,511.3,5150.63,SKU-2086,1,6131.0,1491.67,511.3,5150.63,True
PED-00062,CLI-10006,CH-TELEVENDAS,LOJA-TELEVENDAS,delivered,2025-12-25T16:06:17,7054.25,1491.67,583.15,6145.73,SKU-2029,3,307.75,0.0,23.95,331.7,False
PED-00062,CLI-10006,CH-TELEVENDAS,LOJA-TELEVENDAS,delivered,2025-12-25T16:06:17,7351.4,1491.67,614.44,6474.17,SKU-2119,3,99.05,0.0,10.43,109.48,False
PED-00063,CLI-10007,CH-FISICO,LOJA-05,delivered,2024-06-14T01:22:17,1397.79,0.0,124.83,1522.62,SKU-2120,3,465.93,0.0,41.61,507.54,False
PED-00063,CLI-10007,CH-FISICO,LOJA-05,delivered,2024-06-14T01:22:17,28736.16,0.0,1612.74,30348.9,SKU-2006,3,9112.79,0.0,495.97,9608.76,False
PED-00064,CLI-10007,CH-FISICO,LOJA-05,delivered,2024-09-29T02:42:55,171.54,0.0,9.98,181.52,SKU-2011,2,85.77,0.0,4.99,90.76,False
PED-00064,CLI-10007,CH-FISICO,LOJA-05,delivered,2024-09-29T02:42:55,516.22,0.0,30.49,546.71,SKU-2009,1,344.68,0.0,20.51,365.19,False
PED-00065,CLI-10007,CH-FISICO,LOJA-05,cancelled,2024-11-17T14:36:25,269.25,0.0,31.41,300.66,SKU-2039,3,89.75,0.0,10.47,100.22,False
PED-00065,CLI-10007,CH-FISICO,LOJA-05,cancelled,2024-11-17T14:36:25,9627.19,0.0,641.63,10268.82,SKU-2106,1,9357.94,0.0,610.22,9968.16,False
PED-00065,CLI-10007,CH-FISICO,LOJA-05,cancelled,2024-11-17T14:36:25,9700.01,0.0,649.63,10349.64,SKU-2025,2,36.41,0.0,4.0,40.41,False
PED-00065,CLI-10007,CH-FISICO,LOJA-05,cancelled,2024-11-17T14:36:25,9718.43,0.0,651.02,10369.45,SKU-2125,1,18.42,0.0,1.39,19.81,False
PED-00066,CLI-10007,CH-FISICO,LOJA-02,cancelled,2025-01-02T18:15:34,328.58,0.0,19.32,347.9,SKU-2023,2,164.29,0.0,9.66,173.95,False
PED-00066,CLI-10007,CH-FISICO,LOJA-02,cancelled,2025-01-02T18:15:34,444.11,0.0,31.8,475.91,SKU-2054,3,38.51,0.0,4.16,42.67,False
PED-00066,CLI-10007,CH-FISICO,LOJA-02,cancelled,2025-01-02T18:15:34,476.6,0.0,33.93,510.53,SKU-2005,3,10.83,0.0,0.71,11.54,False
PED-00066,CLI-10007,CH-FISICO,LOJA-02,cancelled,2025-01-02T18:15:34,872.96,0.0,57.84,930.8,SKU-2012,1,396.36,0.0,23.91,420.27,False
PED-00067,CLI-10007,CH-FISICO,LOJA-05,delivered,2025-01-02T21:17:52,360.17,80.42,16.57,296.32,SKU-2138,1,360.17,80.42,16.57,296.32,True
PED-00067,CLI-10007,CH-FISICO,LOJA-05,delivered,2025-01-02T21:17:52,395.99,80.42,18.95,334.52,SKU-2064,2,17.91,0.0,1.19,19.1,False
PED-00068,CLI-10007,CH-TELEVENDAS,LOJA-TELEVENDAS,delivered,2025-01-11T10:09:59,17.04,0.0,1.98,19.02,SKU-2114,2,8.52,0.0,0.99,9.51,False
PED-00068,CLI-10007,CH-TELEVENDAS,LOJA-TELEVENDAS,delivered,2025-01-11T10:09:59,505.19,0.0,57.44,562.63,SKU-2092,1,488.15,0.0,55.46,543.61,False
PED-00068,CLI-10007,CH-TELEVENDAS,LOJA-TELEVENDAS,delivered,2025-01-11T10:09:59,720.59,0.0,75.11,795.7,SKU-2131,3,71.8,0.0,5.89,77.69,False
PED-00068,CLI-10007,CH-TELEVENDAS,LOJA-TELEVENDAS,delivered,2025-01-11T10:09:59,1777.65,154.12,145.64,1769.17,SKU-2027,1,1057.06,154.12,70.53,973.47,True
PED-00069,CLI-10007,CH-FISICO,LOJA-05,delivered,2025-02-10T11:14:12,1302.96,98.04,112.89,1317.81,SKU-2082,3,434.32,32.68,37.63,439.27,True
PED-00070,CLI-10007,CH-FISICO,LOJA-05,delivered,2025-04-06T23:47:08,9963.35,0.0,577.96,10541.31,SKU-2116,1,9963.35,0.0,577.96,10541.31,False
PED-00070,CLI-10007,CH-FISICO,LOJA-05,delivered,2025-04-06T23:47:08,10567.28,0.0,640.66,11207.94,SKU-2129,3,201.31,0.0,20.9,222.21,False
PED-00070,CLI-10007,CH-FISICO,LOJA-05,delivered,2025-04-06T23:47:08,12665.06,0.0,808.69,13473.75,SKU-2110,3,699.26,0.0,56.01,755.27,False
PED-00071,CLI-10007,CH-FISICO,LOJA-05,delivered,2025-04-30T19:18:46,143.92,0.0,9.76,153.68,SKU-2080,2,71.96,0.0,4.88,76.84,False
PED-00072,CLI-10007,CH-FISICO,LOJA-05,delivered,2025-06-21T13:36:33,328.58,64.98,28.16,291.76,SKU-2023,2,164.29,32.49,14.08,145.88,True
PED-00073,CLI-10007,CH-FISICO,LOJA-05,delivered,2025-07-30T22:28:10,52.96,0.0,6.14,59.1,SKU-2105,2,26.48,0.0,3.07,29.55,False
PED-00074,CLI-10007,CH-FISICO,LOJA-05,delivered,2025-11-18T06:54:17,12448.26,0.0,1194.69,13642.95,SKU-2147,3,4149.42,0.0,398.23,4547.65,False
PED-00075,CLI-10007,CH-FISICO,LOJA-05,delivered,2025-11-23T09:27:39,16474.38,0.0,1767.54,18241.92,SKU-2146,3,5491.46,0.0,589.18,6080.64,False
PED-00075,CLI-10007,CH-FISICO,LOJA-05,delivered,2025-11-23T09:27:39,22038.06,0.0,2262.54,24300.6,SKU-2057,3,1854.56,0.0,165.0,2019.56,False
PED-00075,CLI-10007,CH-FISICO,LOJA-05,delivered,2025-11-23T09:27:39,22244.7,0.0,2284.86,24529.56,SKU-2109,3,68.88,0.0,7.44,76.32,False
PED-00076,CLI-10007,CH-FISICO,LOJA-05,delivered,2025-12-02T06:21:16,217.09,0.0,16.94,234.03,SKU-2089,1,217.09,0.0,16.94,234.03,False
PED-00076,CLI-10007,CH-FISICO,LOJA-05,delivered,2025-12-02T06:21:16,327.53,0.0,29.97,357.5,SKU-2001,1,110.44,0.0,13.03,123.47,False
PED-00076,CLI-10007,CH-FISICO,LOJA-05,delivered,2025-12-02T06:21:16,4997.82,0.0,333.82,5331.64,SKU-2046,1,4670.29,0.0,303.85,4974.14,False
PED-00077,CLI-10007,CH-FISICO,LOJA-05,delivered,2025-12-20T20:25:36,73.39,0.0,6.84,80.23,SKU-2013,1,73.39,0.0,6.84,80.23,False
PED-00078,CLI-10007,CH-FISICO,LOJA-05,delivered,2026-01-04T00:16:00,9357.94,0.0,540.54,9898.48,SKU-2106,1,9357.94,0.0,540.54,9898.48,False
PED-00078,CLI-10007,CH-FISICO,LOJA-05,delivered,2026-01-04T00:16:00,10701.13,0.0,653.46,11354.59,SKU-2069,3,447.73,0.0,37.64,485.37,False
PED-00078,CLI-10007,CH-FISICO,LOJA-05,delivered,2026-01-04T00:16:00,10741.78,0.0,656.13,11397.91,SKU-2055,3,13.55,0.0,0.89,14.44,False
PED-00078,CLI-10007,CH-FISICO,LOJA-05,delivered,2026-01-04T00:16:00,10957.18,19.59,678.87,11616.46,SKU-2131,3,71.8,6.53,7.58,72.85,True
PED-00079,CLI-10007,CH-FISICO,LOJA-05,delivered,2026-03-09T10:03:12,2097.78,0.0,178.35,2276.13,SKU-2110,3,699.26,0.0,59.45,758.71,False
PED-00079,CLI-10007,CH-FISICO,LOJA-05,delivered,2026-03-09T10:03:12,2206.26,0.0,184.32,2390.58,SKU-2044,3,36.16,0.0,1.99,38.15,False
PED-00079,CLI-10007,CH-FISICO,LOJA-05,delivered,2026-03-09T10:03:12,2760.15,29.76,244.32,2974.71,SKU-2033,3,184.63,9.92,20.0,194.71,True
PED-00079,CLI-10007,CH-FISICO,LOJA-05,delivered,2026-03-09T10:03:12,13055.75,29.76,1172.34,14198.33,SKU-2097,2,5147.8,0.0,464.01,5611.81,False
PED-00080,CLI-10008,CH-TELEVENDAS,LOJA-TELEVENDAS,delivered,2024-03-25T17:55:27,287.82,50.84,20.65,257.63,SKU-2079,1,287.82,50.84,20.65,257.63,True
PED-00080,CLI-10008,CH-TELEVENDAS,LOJA-TELEVENDAS,delivered,2024-03-25T17:55:27,6418.82,50.84,477.14,6845.12,SKU-2086,1,6131.0,0.0,456.49,6587.49,False
PED-00080,CLI-10008,CH-TELEVENDAS,LOJA-TELEVENDAS,delivered,2024-03-25T17:55:27,14598.83,50.84,1255.73,15803.72,SKU-2056,3,2726.67,0.0,259.53,2986.2,False
PED-00080,CLI-10008,CH-TELEVENDAS,LOJA-TELEVENDAS,delivered,2024-03-25T17:55:27,14625.46,50.84,1257.33,15831.95,SKU-2085,1,26.63,0.0,1.6,28.23,False
PED-00081,CLI-10008,CH-TELEVENDAS,LOJA-TELEVENDAS,delivered,2024-04-05T14:07:18,10952.61,0.0,891.81,11844.42,SKU-2126,3,3650.87,0.0,297.27,3948.14,False
PED-00081,CLI-10008,CH-TELEVENDAS,LOJA-TELEVENDAS,delivered,2024-04-05T14:07:18,14227.47,0.0,1281.72,15509.19,SKU-2118,3,1091.62,0.0,129.97,1221.59,False
PED-00082,CLI-10008,CH-TELEVENDAS,LOJA-TELEVENDAS,delivered,2024-05-17T04:40:48,136.62,0.0,9.8,146.42,SKU-2113,2,68.31,0.0,4.9,73.21,False
PED-00082,CLI-10008,CH-TELEVENDAS,LOJA-TELEVENDAS,delivered,2024-05-17T04:40:48,15696.4,1925.48,965.5,14736.42,SKU-2077,2,7779.89,962.74,477.85,7295.0,True
PED-00082,CLI-10008,CH-TELEVENDAS,LOJA-TELEVENDAS,delivered,2024-05-17T04:40:48,17363.5,1925.48,1148.68,16586.7,SKU-2070,3,555.7,0.0,61.06,616.76,False
PED-00082,CLI-10008,CH-TELEVENDAS,LOJA-TELEVENDAS,delivered,2024-05-17T04:40:48,17426.74,1925.48,1153.54,16654.8,SKU-2014,3,21.08,0.0,1.62,22.7,False
PED-00083,CLI-10008,CH-TELEVENDAS,LOJA-TELEVENDAS,delivered,2024-06-22T10:46:15,1302.96,0.0,70.8,1373.76,SKU-2082,3,434.32,0.0,23.6,457.92,False
PED-00083,CLI-10008,CH-TELEVENDAS,LOJA-TELEVENDAS,delivered,2024-06-22T10:46:15,1901.93,0.0,135.86,2037.79,SKU-2121,1,598.97,0.0,65.06,664.03,False
PED-00084,CLI-10008,CH-TELEVENDAS,LOJA-TELEVENDAS,delivered,2024-06-23T11:37:29,771.28,0.0,53.84,825.12,SKU-2112,2,385.64,0.0,26.92,412.56,False
PED-00084,CLI-10008,CH-TELEVENDAS,LOJA-TELEVENDAS,delivered,2024-06-23T11:37:29,793.7,0.0,56.02,849.72,SKU-2134,2,11.21,0.0,1.09,12.3,False
PED-00084,CLI-10008,CH-TELEVENDAS,LOJA-TELEVENDAS,delivered,2024-06-23T11:37:29,841.5,0.0,60.58,902.08,SKU-2133,1,47.8,0.0,4.56,52.36,False
PED-00084,CLI-10008,CH-TELEVENDAS,LOJA-TELEVENDAS,delivered,2024-06-23T11:37:29,1530.69,0.0,121.96,1652.65,SKU-2040,1,689.19,0.0,61.38,750.57,False
PED-00085,CLI-10008,CH-TELEVENDAS,LOJA-TELEVENDAS,cancelled,2024-06-26T21:32:10,79.89,0.0,9.12,89.01,SKU-2085,3,26.63,0.0,3.04,29.67,False
PED-00085,CLI-10008,CH-TELEVENDAS,LOJA-TELEVENDAS,cancelled,2024-06-26T21:32:10,936.63,0.0,93.84,1030.47,SKU-2020,2,428.37,0.0,42.36,470.73,False
PED-00086,CLI-10008,CH-TELEVENDAS,LOJA-TELEVENDAS,delivered,2024-07-07T12:33:38,27.42,0.0,2.34,29.76,SKU-2084,3,9.14,0.0,0.78,9.92,False
PED-00086,CLI-10008,CH-TELEVENDAS,LOJA-TELEVENDAS,delivered,2024-07-07T12:33:38,581.7,0.0,37.05,618.75,SKU-2032,1,554.28,0.0,34.71,588.99,False
PED-00086,CLI-10008,CH-TELEVENDAS,LOJA-TELEVENDAS,delivered,2024-07-07T12:33:38,592.91,0.0,38.21,631.12,SKU-2134,1,11.21,0.0,1.16,12.37,False
PED-00086,CLI-10008,CH-TELEVENDAS,LOJA-TELEVENDAS,delivered,2024-07-07T12:33:38,757.2,0.0,48.01,805.21,SKU-2023,1,164.29,0.0,9.8,174.09,False
PED-00087,CLI-10008,CH-WEB,LOJA-WEB,confirmed,2024-07-29T09:28:46,1993.99,0.0,196.41,2190.4,SKU-2096,1,1993.99,0.0,196.41,2190.4,False
PED-00087,CLI-10008,CH-WEB,LOJA-WEB,confirmed,2024-07-29T09:28:46,2263.24,0.0,213.0,2476.24,SKU-2039,3,89.75,0.0,5.53,95.28,False
PED-00088,CLI-10008,CH-TELEVENDAS,LOJA-TELEVENDAS,delivered,2024-08-04T14:44:38,300.67,0.0,32.05,332.72,SKU-2072,1,300.67,0.0,32.05,332.72,False
PED-00088,CLI-10008,CH-TELEVENDAS,LOJA-TELEVENDAS,delivered,2024-08-04T14:44:38,317.71,0.0,33.13,350.84,SKU-2114,2,8.52,0.0,0.54,9.06,False
PED-00088,CLI-10008,CH-TELEVENDAS,LOJA-TELEVENDAS,delivered,2024-08-04T14:44:38,444.13,0.0,48.16,492.29,SKU-2059,3,42.14,0.0,5.01,47.15,False
PED-00088,CLI-10008,CH-TELEVENDAS,LOJA-TELEVENDAS,delivered,2024-08-04T14:44:38,8931.15,0.0,934.78,9865.93,SKU-2136,2,4243.51,0.0,443.31,4686.82,False
PED-00089,CLI-10008,CH-TELEVENDAS,LOJA-TELEVENDAS,delivered,2024-08-10T23:46:11,53.73,0.0,4.08,57.81,SKU-2064,3,17.91,0.0,1.36,19.27,False
PED-00089,CLI-10008,CH-TELEVENDAS,LOJA-TELEVENDAS,delivered,2024-08-10T23:46:11,127.12,0.0,10.4,137.52,SKU-2013,1,73.39,0.0,6.32,79.71,False
PED-00090,CLI-10008,CH-TELEVENDAS,LOJA-TELEVENDAS,delivered,2024-08-12T00:29:01,175.37,0.0,19.63,195.0,SKU-2111,1,175.37,0.0,19.63,195.0,False
PED-00090,CLI-10008,CH-TELEVENDAS,LOJA-TELEVENDAS,delivered,2024-08-12T00:29:01,339.66,0.0,32.4,372.06,SKU-2023,1,164.29,0.0,12.77,177.06,False
PED-00091,CLI-10008,CH-APP,LOJA-01,delivered,2024-08-17T18:09:54,26.63,0.0,1.87,28.5,SKU-2085,1,26.63,0.0,1.87,28.5,False
PED-00092,CLI-10008,CH-TELEVENDAS,LOJA-TELEVENDAS,delivered,2024-08-31T18:09:19,97.68,0.0,5.9,103.58,SKU-2004,2,48.84,0.0,2.95,51.79,False
PED-00093,CLI-10008,CH-TELEVENDAS,LOJA-TELEVENDAS,confirmed,2024-09-11T18:59:21,7779.89,0.0,736.96,8516.85,SKU-2077,1,7779.89,0.0,736.96,8516.85,False
PED-00093,CLI-10008,CH-TELEVENDAS,LOJA-TELEVENDAS,confirmed,2024-09-11T18:59:21,9287.63,0.0,824.05,10111.68,SKU-2031,3,502.58,0.0,29.03,531.61,False
PED-00094,CLI-10008,CH-APP,LOJA-03,delivered,2024-09-22T11:11:56,1291.86,0.0,125.02,1416.88,SKU-2000,2,645.93,0.0,62.51,708.44,False
PED-00094,CLI-10008,CH-APP,LOJA-03,delivered,2024-09-22T11:11:56,1558.53,0.0,139.63,1698.16,SKU-2090,3,88.89,0.0,4.87,93.76,False
PED-00094,CLI-10008,CH-APP,LOJA-03,delivered,2024-09-22T11:11:56,2108.94,0.0,197.44,2306.38,SKU-2061,3,183.47,0.0,19.27,202.74,False
PED-00094,CLI-10008,CH-APP,LOJA-03,delivered,2024-09-22T11:11:56,18583.32,0.0,1471.42,20054.74,SKU-2146,3,5491.46,0.0,424.66,5916.12,False
PED-00095,CLI-10008,CH-TELEVENDAS,LOJA-TELEVENDAS,delivered,2024-10-04T08:03:02,106.51,0.0,10.79,117.3,SKU-2091,1,106.51,0.0,10.79,117.3,False
PED-00096,CLI-10008,CH-TELEVENDAS,LOJA-TELEVENDAS,delivered,2024-10-21T16:31:03,266.67,0.0,25.32,291.99,SKU-2090,3,88.89,0.0,8.44,97.33,False
PED-00097,CLI-10008,CH-TELEVENDAS,LOJA-TELEVENDAS,delivered,2024-11-04T06:07:44,47.19,0.0,3.87,51.06,SKU-2034,3,15.73,0.0,1.29,17.02,False
PED-00097,CLI-10008,CH-TELEVENDAS,LOJA-TELEVENDAS,delivered,2024-11-04T06:07:44,14927.29,0.0,1571.89,16499.18,SKU-2016,2,7440.05,0.0,784.01,8224.06,False
PED-00098,CLI-10008,CH-TELEVENDAS,LOJA-TELEVENDAS,delivered,2024-11-08T17:06:33,35.82,0.0,1.92,37.74,SKU-2064,2,17.91,0.0,0.96,18.87,False
PED-00098,CLI-10008,CH-TELEVENDAS,LOJA-TELEVENDAS,delivered,2024-11-08T17:06:33,1069.86,0.0,62.64,1132.5,SKU-2009,3,344.68,0.0,20.24,364.92,False
PED-00098,CLI-10008,CH-TELEVENDAS,LOJA-TELEVENDAS,delivered,2024-11-08T17:06:33,3311.78,0.0,237.52,3549.3,SKU-2048,2,1120.96,0.0,87.44,1208.4,False
PED-00098,CLI-10008,CH-TELEVENDAS,LOJA-TELEVENDAS,delivered,2024-11-08T17:06:33,3631.76,0.0,262.18,3893.94,SKU-2073,2,159.99,0.0,12.33,172.32,False
PED-00099,CLI-10008,CH-TELEVENDAS,LOJA-TELEVENDAS,cancelled,2024-11-16T18:31:22,1287.56,0.0,138.5,1426.06,SKU-2021,2,643.78,0.0,69.25,713.03,False
PED-00099,CLI-10008,CH-TELEVENDAS,LOJA-TELEVENDAS,cancelled,2024-11-16T18:31:22,3967.7,0.0,291.77,4259.47,SKU-2108,3,893.38,0.0,51.09,944.47,False
PED-00099,CLI-10008,CH-TELEVENDAS,LOJA-TELEVENDAS,cancelled,2024-11-16T18:31:22,4824.44,0.0,352.99,5177.43,SKU-2020,2,428.37,0.0,30.61,458.98,False
PED-00100,CLI-10008,CH-TELEVENDAS,LOJA-TELEVENDAS,delivered,2024-11-23T07:11:23,266.67,0.0,18.45,285.12,SKU-2090,3,88.89,0.0,6.15,95.04,False
PED-00101,CLI-10008,CH-TELEVENDAS,LOJA-TELEVENDAS,delivered,2024-12-28T00:45:03,20595.81,0.0,1661.52,22257.33,SKU-2007,3,6865.27,0.0,553.84,7419.11,False
PED-00101,CLI-10008,CH-TELEVENDAS,LOJA-TELEVENDAS,delivered,2024-12-28T00:45:03,25148.35,936.47,1935.05,26146.93,SKU-2036,1,4552.54,936.47,273.53,3889.6,True
PED-00102,CLI-10008,CH-TELEVENDAS,LOJA-TELEVENDAS,delivered,2025-01-06T21:02:47,78.3,0.0,5.94,84.24,SKU-2095,3,26.1,0.0,1.98,28.08,False
PED-00102,CLI-10008,CH-TELEVENDAS,LOJA-TELEVENDAS,delivered,2025-01-06T21:02:47,214.92,0.0,15.16,230.08,SKU-2113,2,68.31,0.0,4.61,72.92,False
PED-00102,CLI-10008,CH-TELEVENDAS,LOJA-TELEVENDAS,delivered,2025-01-06T21:02:47,907.08,60.36,69.65,916.37,SKU-2019,1,692.16,60.36,54.49,686.29,True
PED-00103,CLI-10008,CH-TELEVENDAS,LOJA-TELEVENDAS,delivered,2025-01-08T08:23:36,159.99,0.0,17.55,177.54,SKU-2073,1,159.99,0.0,17.55,177.54,False
PED-00103,CLI-10008,CH-TELEVENDAS,LOJA-TELEVENDAS,delivered,2025-01-08T08:23:36,196.83,0.0,21.23,218.06,SKU-2125,2,18.42,0.0,1.84,20.26,False
PED-00104,CLI-10008,CH-TELEVENDAS,LOJA-TELEVENDAS,returned,2025-01-27T21:40:31,14880.1,0.0,1630.78,16510.88,SKU-2016,2,7440.05,0.0,815.39,8255.44,False
PED-00104,CLI-10008,CH-TELEVENDAS,LOJA-TELEVENDAS,returned,2025-01-27T21:40:31,16844.74,0.0,1825.3,18670.04,SKU-2140,3,654.88,0.0,64.84,719.72,False
PED-00104,CLI-10008,CH-TELEVENDAS,LOJA-TELEVENDAS,returned,2025-01-27T21:40:31,17204.91,0.0,1856.14,19061.05,SKU-2138,1,360.17,0.0,30.84,391.01,False
PED-00105,CLI-10008,CH-TELEVENDAS,LOJA-TELEVENDAS,delivered,2025-01-30T12:58:25,297.15,0.0,16.23,313.38,SKU-2119,3,99.05,0.0,5.41,104.46,False
PED-00105,CLI-10008,CH-TELEVENDAS,LOJA-TELEVENDAS,delivered,2025-01-30T12:58:25,1239.31,0.0,110.75,1350.06,SKU-2141,2,471.08,0.0,47.26,518.34,False
PED-00105,CLI-10008,CH-TELEVENDAS,LOJA-TELEVENDAS,delivered,2025-01-30T12:58:25,1793.2,0.0,154.31,1947.51,SKU-2033,3,184.63,0.0,14.52,199.15,False
PED-00106,CLI-10008,CH-TELEVENDAS,LOJA-TELEVENDAS,delivered,2025-02-01T02:45:01,242.31,0.0,25.14,267.45,SKU-2132,3,80.77,0.0,8.38,89.15,False
PED-00106,CLI-10008,CH-TELEVENDAS,LOJA-TELEVENDAS,delivered,2025-02-01T02:45:01,2061.91,0.0,232.12,2294.03,SKU-2088,1,1819.6,0.0,206.98,2026.58,False
PED-00106,CLI-10008,CH-TELEVENDAS,LOJA-TELEVENDAS,delivered,2025-02-01T02:45:01,2616.19,0.0,279.94,2896.13,SKU-2032,1,554.28,0.0,47.82,602.1,False
PED-00106,CLI-10008,CH-TELEVENDAS,LOJA-TELEVENDAS,delivered,2025-02-01T02:45:01,3558.35,0.0,348.32,3906.67,SKU-2141,2,471.08,0.0,34.19,505.27,False
PED-00107,CLI-10008,CH-TELEVENDAS,LOJA-TELEVENDAS,confirmed,2025-02-06T02:33:37,17.91,0.0,1.59,19.5,SKU-2064,1,17.91,0.0,1.59,19.5,False
PED-00108,CLI-10008,CH-TELEVENDAS,LOJA-TELEVENDAS,delivered,2025-02-10T08:19:29,1337.86,0.0,134.38,1472.24,SKU-2148,1,1337.86,0.0,134.38,1472.24,False
PED-00108,CLI-10008,CH-TELEVENDAS,LOJA-TELEVENDAS,delivered,2025-02-10T08:19:29,1607.11,0.0,165.25,1772.36,SKU-2039,3,89.75,0.0,10.29,100.04,False
PED-00109,CLI-10008,CH-FISICO,LOJA-02,confirmed,2025-03-05T18:43:15,20595.81,0.0,1726.05,22321.86,SKU-2007,3,6865.27,0.0,575.35,7440.62,False
PED-00109,CLI-10008,CH-FISICO,LOJA-02,confirmed,2025-03-05T18:43:15,38187.69,0.0,3164.16,41351.85,SKU-2127,3,5863.96,0.0,479.37,6343.33,False
PED-00109,CLI-10008,CH-FISICO,LOJA-02,confirmed,2025-03-05T18:43:15,38693.67,69.78,3200.76,41824.65,SKU-2139,3,168.66,23.26,12.2,157.6,True
PED-00109,CLI-10008,CH-FISICO,LOJA-02,confirmed,2025-03-05T18:43:15,38718.97,69.78,3202.28,41851.47,SKU-2074,1,25.3,0.0,1.52,26.82,False
PED-00110,CLI-10008,CH-TELEVENDAS,LOJA-TELEVENDAS,delivered,2025-03-10T07:14:20,184.63,0.0,15.26,199.89,SKU-2033,1,184.63,0.0,15.26,199.89,False
PED-00110,CLI-10008,CH-TELEVENDAS,LOJA-TELEVENDAS,delivered,2025-03-10T07:14:20,211.65,0.0,16.88,228.53,SKU-2094,2,13.51,0.0,0.81,14.32,False
PED-00110,CLI-10008,CH-TELEVENDAS,LOJA-TELEVENDAS,delivered,2025-03-10T07:14:20,283.45,0.0,22.4,305.85,SKU-2131,1,71.8,0.0,5.52,77.32,False
PED-00110,CLI-10008,CH-TELEVENDAS,LOJA-TELEVENDAS,delivered,2025-03-10T07:14:20,402.88,0.0,36.41,439.29,SKU-2143,3,39.81,0.0,4.67,44.48,False
PED-00111,CLI-10008,CH-TELEVENDAS,LOJA-TELEVENDAS,delivered,2025-03-30T00:58:11,2067.57,0.0,230.61,2298.18,SKU-2040,3,689.19,0.0,76.87,766.06,False
PED-00111,CLI-10008,CH-TELEVENDAS,LOJA-TELEVENDAS,delivered,2025-03-30T00:58:11,13795.49,2803.52,992.59,11984.56,SKU-2127,2,5863.96,1401.76,380.99,4843.19,True
PED-00112,CLI-10008,CH-TELEVENDAS,LOJA-TELEVENDAS,delivered,2025-04-01T21:18:50,465.93,0.0,52.08,518.01,SKU-2120,1,465.93,0.0,52.08,518.01,False
PED-00112,CLI-10008,CH-TELEVENDAS,LOJA-TELEVENDAS,delivered,2025-04-01T21:18:50,945.9,0.0,89.64,1035.54,SKU-2073,3,159.99,0.0,12.52,172.51,False
PED-00112,CLI-10008,CH-TELEVENDAS,LOJA-TELEVENDAS,delivered,2025-04-01T21:18:50,2242.68,0.0,206.25,2448.93,SKU-2137,1,1296.78,0.0,116.61,1413.39,False
PED-00112,CLI-10008,CH-TELEVENDAS,LOJA-TELEVENDAS,delivered,2025-04-01T21:18:50,2437.67,0.0,219.94,2657.61,SKU-2002,1,194.99,0.0,13.69,208.68,False
PED-00113,CLI-10008,CH-TELEVENDAS,LOJA-TELEVENDAS,confirmed,2025-04-08T22:09:18,554.28,0.0,58.56,612.84,SKU-2032,1,554.28,0.0,58.56,612.84,False
PED-00114,CLI-10008,CH-TELEVENDAS,LOJA-TELEVENDAS,delivered,2025-05-11T18:57:45,1238.68,0.0,131.64,1370.32,SKU-2128,1,1238.68,0.0,131.64,1370.32,False
PED-00114,CLI-10008,CH-TELEVENDAS,LOJA-TELEVENDAS,delivered,2025-05-11T18:57:45,2210.23,0.0,221.46,2431.69,SKU-2010,3,323.85,0.0,29.94,353.79,False
PED-00114,CLI-10008,CH-TELEVENDAS,LOJA-TELEVENDAS,delivered,2025-05-11T18:57:45,2467.54,0.0,251.1,2718.64,SKU-2011,3,85.77,0.0,9.88,95.65,False
PED-00114,CLI-10008,CH-TELEVENDAS,LOJA-TELEVENDAS,delivered,2025-05-11T18:57:45,3156.9,0.0,333.38,3490.28,SKU-2009,2,344.68,0.0,41.14,385.82,False
PED-00115,CLI-10008,CH-TELEVENDAS,LOJA-TELEVENDAS,confirmed,2025-05-15T23:16:40,37.14,0.0,2.14,39.28,SKU-2144,2,18.57,0.0,1.07,19.64,False
PED-00115,CLI-10008,CH-TELEVENDAS,LOJA-TELEVENDAS,confirmed,2025-05-15T23:16:40,15094.22,0.0,1594.78,16689.0,SKU-2076,2,7528.54,0.0,796.32,8324.86,False
PED-00115,CLI-10008,CH-TELEVENDAS,LOJA-TELEVENDAS,confirmed,2025-05-15T23:16:40,16891.13,0.0,1763.77,18654.9,SKU-2121,3,598.97,0.0,56.33,655.3,False
PED-00115,CLI-10008,CH-TELEVENDAS,LOJA-TELEVENDAS,confirmed,2025-05-15T23:16:40,17037.65,0.0,1781.02,18818.67,SKU-2004,3,48.84,0.0,5.75,54.59,False
PED-00116,CLI-10008,CH-TELEVENDAS,LOJA-TELEVENDAS,delivered,2025-06-02T13:33:30,320.04,0.0,28.83,348.87,SKU-2043,3,106.68,0.0,9.61,116.29,False
PED-00116,CLI-10008,CH-TELEVENDAS,LOJA-TELEVENDAS,delivered,2025-06-02T13:33:30,353.67,0.0,30.57,384.24,SKU-2134,3,11.21,0.0,0.58,11.79,False
PED-00116,CLI-10008,CH-TELEVENDAS,LOJA-TELEVENDAS,delivered,2025-06-02T13:33:30,10649.27,0.0,842.97,11492.24,SKU-2097,2,5147.8,0.0,406.2,5554.0,False
PED-00116,CLI-10008,CH-TELEVENDAS,LOJA-TELEVENDAS,delivered,2025-06-02T13:33:30,15207.49,0.0,1318.16,16525.65,SKU-2037,1,4558.22,0.0,475.19,5033.41,False
PED-00117,CLI-10008,CH-TELEVENDAS,LOJA-TELEVENDAS,delivered,2025-06-26T19:19:10,242.31,0.0,23.34,265.65,SKU-2132,3,80.77,0.0,7.78,88.55,False
PED-00117,CLI-10008,CH-TELEVENDAS,LOJA-TELEVENDAS,delivered,2025-06-26T19:19:10,384.18,0.0,39.93,424.11,SKU-2053,3,47.29,0.0,5.53,52.82,False
PED-00118,CLI-10008,CH-TELEVENDAS,LOJA-TELEVENDAS,delivered,2025-07-05T18:12:24,293.38,0.0,19.28,312.66,SKU-2123,2,146.69,0.0,9.64,156.33,False
PED-00118,CLI-10008,CH-TELEVENDAS,LOJA-TELEVENDAS,delivered,2025-07-05T18:12:24,377.22,0.0,27.6,404.82,SKU-2049,2,41.92,0.0,4.16,46.08,False
PED-00118,CLI-10008,CH-TELEVENDAS,LOJA-TELEVENDAS,delivered,2025-07-05T18:12:24,558.78,0.0,40.71,599.49,SKU-2063,3,60.52,0.0,4.37,64.89,False
PED-00119,CLI-10008,CH-TELEVENDAS,LOJA-TELEVENDAS,delivered,2025-08-06T15:44:54,16474.38,0.0,1856.73,18331.11,SKU-2146,3,5491.46,0.0,618.91,6110.37,False
PED-00120,CLI-10008,CH-TELEVENDAS,LOJA-TELEVENDAS,delivered,2025-08-11T15:10:31,479.97,112.71,35.22,402.48,SKU-2073,3,159.99,37.57,11.74,134.16,True
PED-00121,CLI-10008,CH-TELEVENDAS,LOJA-TELEVENDAS,delivered,2025-08-14T11:06:14,8.85,2.04,0.45,7.26,SKU-2035,1,8.85,2.04,0.45,7.26,True
PED-00121,CLI-10008,CH-TELEVENDAS,LOJA-TELEVENDAS,delivered,2025-08-14T11:06:14,1065.91,142.27,92.33,1015.97,SKU-2027,1,1057.06,140.23,91.88,1008.71,True
PED-00121,CLI-10008,CH-TELEVENDAS,LOJA-TELEVENDAS,delivered,2025-08-14T11:06:14,1249.38,142.27,103.27,1210.38,SKU-2061,1,183.47,0.0,10.94,194.41,False
PED-00122,CLI-10008,CH-TELEVENDAS,LOJA-TELEVENDAS,delivered,2025-09-28T06:43:01,602.54,0.0,68.42,670.96,SKU-2122,2,301.27,0.0,34.21,335.48,False
PED-00122,CLI-10008,CH-TELEVENDAS,LOJA-TELEVENDAS,delivered,2025-09-28T06:43:01,1247.67,0.0,111.16,1358.83,SKU-2051,1,645.13,0.0,42.74,687.87,False
PED-00122,CLI-10008,CH-TELEVENDAS,LOJA-TELEVENDAS,delivered,2025-09-28T06:43:01,1727.64,0.0,166.63,1894.27,SKU-2073,3,159.99,0.0,18.49,178.48,False
PED-00122,CLI-10008,CH-TELEVENDAS,LOJA-TELEVENDAS,delivered,2025-09-28T06:43:01,2161.96,0.0,213.81,2375.77,SKU-2082,1,434.32,0.0,47.18,481.5,False
PED-00123,CLI-10008,CH-TELEVENDAS,LOJA-TELEVENDAS,confirmed,2025-09-28T17:09:36,25.3,0.0,2.33,27.63,SKU-2074,1,25.3,0.0,2.33,27.63,False
PED-00123,CLI-10008,CH-TELEVENDAS,LOJA-TELEVENDAS,confirmed,2025-09-28T17:09:36,714.66,0.0,84.53,799.19,SKU-2009,2,344.68,0.0,41.1,385.78,False
PED-00124,CLI-10008,CH-TELEVENDAS,LOJA-TELEVENDAS,confirmed,2025-10-06T17:17:38,447.73,0.0,42.7,490.43,SKU-2069,1,447.73,0.0,42.7,490.43,False
PED-00124,CLI-10008,CH-TELEVENDAS,LOJA-TELEVENDAS,confirmed,2025-10-06T17:17:38,573.49,0.0,55.48,628.97,SKU-2049,3,41.92,0.0,4.26,46.18,False
PED-00124,CLI-10008,CH-TELEVENDAS,LOJA-TELEVENDAS,confirmed,2025-10-06T17:17:38,2346.45,0.0,238.12,2584.57,SKU-2028,2,886.48,0.0,91.32,977.8,False
PED-00124,CLI-10008,CH-TELEVENDAS,LOJA-TELEVENDAS,confirmed,2025-10-06T17:17:38,2355.59,0.0,238.99,2594.58,SKU-2084,1,9.14,0.0,0.87,10.01,False
PED-00125,CLI-10008,CH-TELEVENDAS,LOJA-TELEVENDAS,delivered,2025-10-13T06:44:32,3866.41,0.0,446.6,4313.01,SKU-2047,1,3866.41,0.0,446.6,4313.01,False
PED-00126,CLI-10009,CH-FISICO,LOJA-02,delivered,2024-05-31T15:07:36,198.1,0.0,19.42,217.52,SKU-2119,2,99.05,0.0,9.71,108.76,False
PED-00127,CLI-10009,CH-FISICO,LOJA-03,delivered,2024-09-06T20:44:57,27.02,0.0,2.76,29.78,SKU-2094,2,13.51,0.0,1.38,14.89,False
PED-00127,CLI-10009,CH-FISICO,LOJA-03,delivered,2024-09-06T20:44:57,8207.03,0.0,813.69,9020.72,SKU-2056,3,2726.67,0.0,270.31,2996.98,False
PED-00127,CLI-10009,CH-FISICO,LOJA-03,delivered,2024-09-06T20:44:57,8238.49,0.0,817.03,9055.52,SKU-2034,2,15.73,0.0,1.67,17.4,False
PED-00128,CLI-10009,CH-FISICO,LOJA-03,delivered,2024-11-10T07:14:49,22.42,0.0,1.68,24.1,SKU-2134,2,11.21,0.0,0.84,12.05,False
PED-00129,CLI-10009,CH-FISICO,LOJA-03,cancelled,2024-11-15T15:31:21,5491.46,0.0,603.04,6094.5,SKU-2146,1,5491.46,0.0,603.04,6094.5,False
PED-00129,CLI-10009,CH-FISICO,LOJA-03,cancelled,2024-11-15T15:31:21,8085.02,236.22,817.14,8665.94,SKU-2137,2,1296.78,118.11,107.05,1285.72,True
PED-00130,CLI-10010,CH-TELEVENDAS,LOJA-TELEVENDAS,confirmed,2024-04-06T00:22:15,762.94,0.0,77.98,840.92,SKU-2101,2,381.47,0.0,38.99,420.46,False
PED-00131,CLI-10010,CH-TELEVENDAS,LOJA-TELEVENDAS,delivered,2024-04-07T14:04:06,5479.12,722.0,493.92,5251.04,SKU-2017,2,2739.56,361.0,246.96,2625.52,True
PED-00132,CLI-10010,CH-TELEVENDAS,LOJA-TELEVENDAS,delivered,2024-08-15T10:51:06,8.52,0.0,0.63,9.15,SKU-2114,1,8.52,0.0,0.63,9.15,False
PED-00132,CLI-10010,CH-TELEVENDAS,LOJA-TELEVENDAS,delivered,2024-08-15T10:51:06,2002.51,0.0,155.19,2157.7,SKU-2096,1,1993.99,0.0,154.56,2148.55,False
PED-00132,CLI-10010,CH-TELEVENDAS,LOJA-TELEVENDAS,delivered,2024-08-15T10:51:06,2430.88,0.0,183.29,2614.17,SKU-2020,1,428.37,0.0,28.1,456.47,False
PED-00132,CLI-10010,CH-TELEVENDAS,LOJA-TELEVENDAS,delivered,2024-08-15T10:51:06,2791.05,0.0,225.97,3017.02,SKU-2138,1,360.17,0.0,42.68,402.85,False
PED-00133,CLI-10010,CH-TELEVENDAS,LOJA-TELEVENDAS,delivered,2024-09-27T11:36:19,121.04,0.0,7.64,128.68,SKU-2063,2,60.52,0.0,3.82,64.34,False
PED-00133,CLI-10010,CH-TELEVENDAS,LOJA-TELEVENDAS,delivered,2024-09-27T11:36:19,12871.52,0.0,673.91,13545.43,SKU-2117,3,4250.16,0.0,222.09,4472.25,False
PED-00134,CLI-10010,CH-TELEVENDAS,LOJA-TELEVENDAS,confirmed,2024-10-29T19:48:23,424.78,0.0,34.51,459.29,SKU-2052,1,424.78,0.0,34.51,459.29,False
PED-00134,CLI-10010,CH-TELEVENDAS,LOJA-TELEVENDAS,confirmed,2024-10-29T19:48:23,8643.46,0.0,473.44,9116.9,SKU-2017,3,2739.56,0.0,146.31,2885.87,False
PED-00135,CLI-10010,CH-TELEVENDAS,LOJA-TELEVENDAS,delivered,2024-11-16T06:22:08,26.55,0.0,1.77,28.32,SKU-2035,3,8.85,0.0,0.59,9.44,False
PED-00136,CLI-10010,CH-TELEVENDAS,LOJA-TELEVENDAS,confirmed,2024-12-15T08:27:45,1375.68,0.0,108.6,1484.28,SKU-2060,3,458.56,0.0,36.2,494.76,False
PED-00136,CLI-10010,CH-TELEVENDAS,LOJA-TELEVENDAS,confirmed,2024-12-15T08:27:45,16935.46,3729.74,1428.6,14634.32,SKU-2077,2,7779.89,1864.87,660.0,6575.02,True
PED-00136,CLI-10010,CH-TELEVENDAS,LOJA-TELEVENDAS,confirmed,2024-12-15T08:27:45,21488.0,3729.74,1792.37,19550.63,SKU-2036,1,4552.54,0.0,363.77,4916.31,False
PED-00137,CLI-10010,CH-TELEVENDAS,LOJA-TELEVENDAS,delivered,2025-04-15T21:09:10,18715.88,0.0,1924.16,20640.04,SKU-2106,2,9357.94,0.0,962.08,10320.02,False
PED-00137,CLI-10010,CH-TELEVENDAS,LOJA-TELEVENDAS,delivered,2025-04-15T21:09:10,18804.6,0.0,1930.0,20734.6,SKU-2104,2,44.36,0.0,2.92,47.28,False
PED-00137,CLI-10010,CH-TELEVENDAS,LOJA-TELEVENDAS,delivered,2025-04-15T21:09:10,19462.89,93.87,1960.51,21329.53,SKU-2038,3,219.43,31.29,10.17,198.31,True
PED-00138,CLI-10010,CH-TELEVENDAS,LOJA-TELEVENDAS,delivered,2025-05-04T03:19:49,849.56,0.0,47.98,897.54,SKU-2052,2,424.78,0.0,23.99,448.77,False
PED-00138,CLI-10010,CH-TELEVENDAS,LOJA-TELEVENDAS,delivered,2025-05-04T03:19:49,876.98,0.0,49.45,926.43,SKU-2084,3,9.14,0.0,0.49,9.63,False
PED-00138,CLI-10010,CH-TELEVENDAS,LOJA-TELEVENDAS,delivered,2025-05-04T03:19:49,1733.72,0.0,128.45,1862.17,SKU-2020,2,428.37,0.0,39.5,467.87,False
PED-00139,CLI-10010,CH-TELEVENDAS,LOJA-TELEVENDAS,delivered,2025-05-11T04:52:50,602.54,0.0,68.46,671.0,SKU-2122,2,301.27,0.0,34.23,335.5,False
PED-00139,CLI-10010,CH-TELEVENDAS,LOJA-TELEVENDAS,delivered,2025-05-11T04:52:50,649.83,0.0,74.01,723.84,SKU-2053,1,47.29,0.0,5.55,52.84,False
PED-00140,CLI-10011,CH-APP,LOJA-02,delivered,2024-05-26T22:00:38,8487.02,0.0,719.78,9206.8,SKU-2136,2,4243.51,0.0,359.89,4603.4,False
PED-00140,CLI-10011,CH-APP,LOJA-02,delivered,2024-05-26T22:00:38,8593.53,0.0,730.49,9324.02,SKU-2091,1,106.51,0.0,10.71,117.22,False
PED-00140,CLI-10011,CH-APP,LOJA-02,delivered,2024-05-26T22:00:38,9232.55,0.0,779.03,10011.58,SKU-2078,2,319.51,0.0,24.27,343.78,False
PED-00140,CLI-10011,CH-APP,LOJA-02,delivered,2024-05-26T22:00:38,25474.45,3618.98,2065.15,23920.62,SKU-2066,2,8120.95,1809.49,643.06,6954.52,True
PED-00141,CLI-10012,CH-FISICO,LOJA-02,confirmed,2024-04-08T00:03:02,1964.64,0.0,165.69,2130.33,SKU-2140,3,654.88,0.0,55.23,710.11,False
PED-00141,CLI-10012,CH-FISICO,LOJA-02,confirmed,2024-04-08T00:03:02,8095.64,0.0,623.38,8719.02,SKU-2086,1,6131.0,0.0,457.69,6588.69,False
PED-00141,CLI-10012,CH-FISICO,LOJA-02,confirmed,2024-04-08T00:03:02,8117.95,0.0,625.26,8743.21,SKU-2065,1,22.31,0.0,1.88,24.19,False
PED-00141,CLI-10012,CH-FISICO,LOJA-02,confirmed,2024-04-08T00:03:02,8173.21,0.0,631.74,8804.95,SKU-2125,3,18.42,0.0,2.16,20.58,False
PED-00142,CLI-10012,CH-WEB,LOJA-WEB,delivered,2024-06-20T00:46:36,2739.56,0.0,224.43,2963.99,SKU-2017,1,2739.56,0.0,224.43,2963.99,False
PED-00142,CLI-10012,CH-WEB,LOJA-WEB,delivered,2024-06-20T00:46:36,2958.99,0.0,245.64,3204.63,SKU-2038,1,219.43,0.0,21.21,240.64,False
PED-00143,CLI-10012,CH-FISICO,LOJA-02,delivered,2024-07-16T10:07:32,135.57,0.0,6.93,142.5,SKU-2003,3,45.19,0.0,2.31,47.5,False
PED-00143,CLI-10012,CH-FISICO,LOJA-02,delivered,2024-07-16T10:07:32,282.09,0.0,22.53,304.62,SKU-2004,3,48.84,0.0,5.2,54.04,False
PED-00143,CLI-10012,CH-FISICO,LOJA-02,delivered,2024-07-16T10:07:32,289.66,0.52,22.96,312.1,SKU-2135,1,7.57,0.52,0.43,7.48,True
PED-00143,CLI-10012,CH-FISICO,LOJA-02,delivered,2024-07-16T10:07:32,845.36,0.52,60.56,905.4,SKU-2070,1,555.7,0.0,37.6,593.3,False
PED-00144,CLI-10012,CH-TELEVENDAS,LOJA-TELEVENDAS,delivered,2024-09-17T18:20:01,22585.62,0.0,2156.76,24742.38,SKU-2076,3,7528.54,0.0,718.92,8247.46,False
PED-00144,CLI-10012,CH-TELEVENDAS,LOJA-TELEVENDAS,delivered,2024-09-17T18:20:01,23013.99,53.91,2189.97,25150.05,SKU-2020,1,428.37,53.91,33.21,407.67,True
PED-00145,CLI-10013,CH-TELEVENDAS,LOJA-TELEVENDAS,confirmed,2024-05-12T19:00:16,1925.49,0.0,189.58,2115.07,SKU-2058,1,1925.49,0.0,189.58,2115.07,False
PED-00146,CLI-10013,CH-TELEVENDAS,LOJA-TELEVENDAS,delivered,2024-05-16T00:44:57,168.66,0.0,12.15,180.81,SKU-2139,1,168.66,0.0,12.15,180.81,False
PED-00146,CLI-10013,CH-TELEVENDAS,LOJA-TELEVENDAS,delivered,2024-05-16T00:44:57,187.23,0.0,14.06,201.29,SKU-2144,1,18.57,0.0,1.91,20.48,False
PED-00146,CLI-10013,CH-TELEVENDAS,LOJA-TELEVENDAS,delivered,2024-05-16T00:44:57,3926.94,0.0,444.2,4371.14,SKU-2008,3,1246.57,0.0,143.38,1389.95,False
PED-00147,CLI-10013,CH-TELEVENDAS,LOJA-TELEVENDAS,confirmed,2024-05-24T12:49:11,4996.62,0.0,370.8,5367.42,SKU-2098,3,1665.54,0.0,123.6,1789.14,False
PED-00147,CLI-10013,CH-TELEVENDAS,LOJA-TELEVENDAS,confirmed,2024-05-24T12:49:11,5005.47,0.0,371.76,5377.23,SKU-2035,1,8.85,0.0,0.96,9.81,False
PED-00147,CLI-10013,CH-TELEVENDAS,LOJA-TELEVENDAS,confirmed,2024-05-24T12:49:11,5862.21,0.0,451.42,6313.63,SKU-2020,2,428.37,0.0,39.83,468.2,False
PED-00148,CLI-10013,CH-TELEVENDAS,LOJA-TELEVENDAS,delivered,2024-06-29T02:15:42,36.84,0.0,3.6,40.44,SKU-2125,2,18.42,0.0,1.8,20.22,False
PED-00148,CLI-10013,CH-TELEVENDAS,LOJA-TELEVENDAS,delivered,2024-06-29T02:15:42,5813.31,0.0,604.65,6417.96,SKU-2058,3,1925.49,0.0,200.35,2125.84,False
PED-00148,CLI-10013,CH-TELEVENDAS,LOJA-TELEVENDAS,delivered,2024-06-29T02:15:42,6026.33,0.0,625.93,6652.26,SKU-2091,2,106.51,0.0,10.64,117.15,False
PED-00148,CLI-10013,CH-TELEVENDAS,LOJA-TELEVENDAS,delivered,2024-06-29T02:15:42,6497.41,0.0,662.01,7159.42,SKU-2141,1,471.08,0.0,36.08,507.16,False
PED-00149,CLI-10013,CH-TELEVENDAS,LOJA-TELEVENDAS,delivered,2024-06-30T19:27:34,220.88,0.0,22.82,243.7,SKU-2001,2,110.44,0.0,11.41,121.85,False
PED-00150,CLI-10013,CH-TELEVENDAS,LOJA-TELEVENDAS,delivered,2024-07-01T17:55:04,12024.93,2039.52,726.03,10711.44,SKU-2026,3,4008.31,679.84,242.01,3570.48,True
PED-00150,CLI-10013,CH-TELEVENDAS,LOJA-TELEVENDAS,delivered,2024-07-01T17:55:04,30250.51,4459.18,2378.41,28169.74,SKU-2006,2,9112.79,1209.83,826.19,8729.15,True
PED-00150,CLI-10013,CH-TELEVENDAS,LOJA-TELEVENDAS,delivered,2024-07-01T17:55:04,31299.19,4459.18,2497.3,29337.31,SKU-2022,3,349.56,0.0,39.63,389.19,False
PED-00150,CLI-10013,CH-TELEVENDAS,LOJA-TELEVENDAS,delivered,2024-07-01T17:55:04,31388.08,4459.18,2502.8,29431.7,SKU-2090,1,88.89,0.0,5.5,94.39,False
PED-00151,CLI-10013,CH-TELEVENDAS,LOJA-TELEVENDAS,delivered,2024-07-03T06:40:05,832.08,0.0,59.06,891.14,SKU-2042,2,416.04,0.0,29.53,445.57,False
PED-00152,CLI-10013,CH-TELEVENDAS,LOJA-TELEVENDAS,delivered,2024-07-07T20:49:34,454.42,58.68,43.1,438.84,SKU-2050,2,227.21,29.34,21.55,219.42,True
PED-00152,CLI-10013,CH-TELEVENDAS,LOJA-TELEVENDAS,delivered,2024-07-07T20:49:34,8954.74,58.68,664.2,9560.26,SKU-2117,2,4250.16,0.0,310.55,4560.71,False
PED-00152,CLI-10013,CH-TELEVENDAS,LOJA-TELEVENDAS,delivered,2024-07-07T20:49:34,11068.86,58.68,891.78,11901.96,SKU-2027,2,1057.06,0.0,113.79,1170.85,False
PED-00152,CLI-10013,CH-TELEVENDAS,LOJA-TELEVENDAS,delivered,2024-07-07T20:49:34,11116.05,58.68,894.6,11951.97,SKU-2034,3,15.73,0.0,0.94,16.67,False
PED-00153,CLI-10013,CH-TELEVENDAS,LOJA-TELEVENDAS,delivered,2024-08-07T00:20:14,106.08,0.0,7.39,113.47,SKU-2081,1,106.08,0.0,7.39,113.47,False
PED-00153,CLI-10013,CH-TELEVENDAS,LOJA-TELEVENDAS,delivered,2024-08-07T00:20:14,156.68,0.0,13.23,169.91,SKU-2074,2,25.3,0.0,2.92,28.22,False
PED-00153,CLI-10013,CH-TELEVENDAS,LOJA-TELEVENDAS,delivered,2024-08-07T00:20:14,175.1,0.0,14.85,189.95,SKU-2125,1,18.42,0.0,1.62,20.04,False
PED-00153,CLI-10013,CH-TELEVENDAS,LOJA-TELEVENDAS,delivered,2024-08-07T00:20:14,12623.36,0.0,660.72,13284.08,SKU-2147,3,4149.42,0.0,215.29,4364.71,False
PED-00154,CLI-10013,CH-TELEVENDAS,LOJA-TELEVENDAS,confirmed,2024-09-05T08:33:15,133.08,0.0,12.54,145.62,SKU-2104,3,44.36,0.0,4.18,48.54,False
PED-00155,CLI-10013,CH-TELEVENDAS,LOJA-TELEVENDAS,confirmed,2024-09-16T08:49:43,25.56,0.0,2.01,27.57,SKU-2114,3,8.52,0.0,0.67,9.19,False
PED-00156,CLI-10013,CH-TELEVENDAS,LOJA-TELEVENDAS,delivered,2024-10-12T07:01:14,1296.78,0.0,97.06,1393.84,SKU-2137,1,1296.78,0.0,97.06,1393.84,False
PED-00156,CLI-10013,CH-TELEVENDAS,LOJA-TELEVENDAS,delivered,2024-10-12T07:01:14,3228.12,0.0,269.77,3497.89,SKU-2021,3,643.78,0.0,57.57,701.35,False
PED-00156,CLI-10013,CH-TELEVENDAS,LOJA-TELEVENDAS,delivered,2024-10-12T07:01:14,6399.3,0.0,517.03,6916.33,SKU-2027,3,1057.06,0.0,82.42,1139.48,False
PED-00157,CLI-10013,CH-TELEVENDAS,LOJA-TELEVENDAS,delivered,2024-11-15T20:20:28,8180.01,0.0,738.39,8918.4,SKU-2056,3,2726.67,0.0,246.13,2972.8,False
PED-00157,CLI-10013,CH-TELEVENDAS,LOJA-TELEVENDAS,delivered,2024-11-15T20:20:28,8586.07,0.0,771.85,9357.92,SKU-2130,2,203.03,0.0,16.73,219.76,False
PED-00157,CLI-10013,CH-TELEVENDAS,LOJA-TELEVENDAS,delivered,2024-11-15T20:20:28,8828.38,0.0,792.46,9620.84,SKU-2132,3,80.77,0.0,6.87,87.64,False
PED-00158,CLI-10013,CH-TELEVENDAS,LOJA-TELEVENDAS,delivered,2024-11-16T02:27:20,434.18,0.0,28.0,462.18,SKU-2089,2,217.09,0.0,14.0,231.09,False
PED-00158,CLI-10013,CH-TELEVENDAS,LOJA-TELEVENDAS,delivered,2024-11-16T02:27:20,1009.82,0.0,60.72,1070.54,SKU-2079,2,287.82,0.0,16.36,304.18,False
PED-00159,CLI-10013,CH-WEB,LOJA-WEB,delivered,2024-11-22T06:32:17,3171.18,0.0,194.1,3365.28,SKU-2027,3,1057.06,0.0,64.7,1121.76,False
PED-00159,CLI-10013,CH-WEB,LOJA-WEB,delivered,2024-11-22T06:32:17,4419.3,0.0,296.88,4716.18,SKU-2042,3,416.04,0.0,34.26,450.3,False
PED-00159,CLI-10013,CH-WEB,LOJA-WEB,delivered,2024-11-22T06:32:17,5427.22,0.0,360.42,5787.64,SKU-2062,2,503.96,0.0,31.77,535.73,False
PED-00160,CLI-10013,CH-TELEVENDAS,LOJA-TELEVENDAS,confirmed,2024-11-27T10:19:39,68.88,0.0,6.84,75.72,SKU-2109,1,68.88,0.0,6.84,75.72,False
PED-00160,CLI-10013,CH-TELEVENDAS,LOJA-TELEVENDAS,confirmed,2024-11-27T10:19:39,216.43,0.0,22.48,238.91,SKU-2099,1,147.55,0.0,15.64,163.19,False
PED-00160,CLI-10013,CH-TELEVENDAS,LOJA-TELEVENDAS,confirmed,2024-11-27T10:19:39,547.75,0.0,46.6,594.35,SKU-2001,3,110.44,0.0,8.04,118.48,False
PED-00160,CLI-10013,CH-TELEVENDAS,LOJA-TELEVENDAS,confirmed,2024-11-27T10:19:39,624.77,0.0,54.06,678.83,SKU-2054,2,38.51,0.0,3.73,42.24,False
PED-00161,CLI-10013,CH-TELEVENDAS,LOJA-TELEVENDAS,delivered,2025-01-01T01:05:02,923.25,0.0,89.7,1012.95,SKU-2029,3,307.75,0.0,29.9,337.65,False
PED-00161,CLI-10013,CH-TELEVENDAS,LOJA-TELEVENDAS,delivered,2025-01-01T01:05:02,1357.43,0.0,129.34,1486.77,SKU-2089,2,217.09,0.0,19.82,236.91,False
PED-00161,CLI-10013,CH-TELEVENDAS,LOJA-TELEVENDAS,delivered,2025-01-01T01:05:02,1624.1,0.0,144.88,1768.98,SKU-2090,3,88.89,0.0,5.18,94.07,False
PED-00161,CLI-10013,CH-TELEVENDAS,LOJA-TELEVENDAS,delivered,2025-01-01T01:05:02,10124.42,0.0,792.02,10916.44,SKU-2117,2,4250.16,0.0,323.57,4573.73,False
PED-00162,CLI-10013,CH-TELEVENDAS,LOJA-TELEVENDAS,delivered,2025-01-06T01:59:41,11599.23,0.0,814.47,12413.7,SKU-2047,3,3866.41,0.0,271.49,4137.9,False
PED-00162,CLI-10013,CH-TELEVENDAS,LOJA-TELEVENDAS,delivered,2025-01-06T01:59:41,11615.24,0.0,815.78,12431.02,SKU-2124,1,16.01,0.0,1.31,17.32,False
PED-00162,CLI-10013,CH-TELEVENDAS,LOJA-TELEVENDAS,delivered,2025-01-06T01:59:41,12912.02,0.0,967.02,13879.04,SKU-2137,1,1296.78,0.0,151.24,1448.02,False
PED-00162,CLI-10013,CH-TELEVENDAS,LOJA-TELEVENDAS,delivered,2025-01-06T01:59:41,12984.34,0.0,974.76,13959.1,SKU-2044,2,36.16,0.0,3.87,40.03,False
PED-00163,CLI-10013,CH-TELEVENDAS,LOJA-TELEVENDAS,delivered,2025-01-13T07:06:09,204.93,41.43,11.52,175.02,SKU-2113,3,68.31,13.81,3.84,58.34,True
PED-00163,CLI-10013,CH-TELEVENDAS,LOJA-TELEVENDAS,delivered,2025-01-13T07:06:09,241.77,41.43,14.1,214.44,SKU-2125,2,18.42,0.0,1.29,19.71,False
PED-00163,CLI-10013,CH-TELEVENDAS,LOJA-TELEVENDAS,delivered,2025-01-13T07:06:09,1073.85,41.43,100.7,1133.12,SKU-2042,2,416.04,0.0,43.3,459.34,False
PED-00163,CLI-10013,CH-TELEVENDAS,LOJA-TELEVENDAS,delivered,2025-01-13T07:06:09,2361.41,41.43,175.28,2495.26,SKU-2021,2,643.78,0.0,37.29,681.07,False
PED-00164,CLI-10013,CH-TELEVENDAS,LOJA-TELEVENDAS,delivered,2025-01-28T13:58:09,1156.92,0.0,92.28,1249.2,SKU-2112,3,385.64,0.0,30.76,416.4,False
PED-00165,CLI-10013,CH-TELEVENDAS,LOJA-TELEVENDAS,confirmed,2025-02-08T10:40:28,19.74,0.0,2.12,21.86,SKU-2115,2,9.87,0.0,1.06,10.93,False
PED-00166,CLI-10013,CH-TELEVENDAS,LOJA-TELEVENDAS,delivered,2025-04-01T18:46:52,68.88,0.0,7.33,76.21,SKU-2109,1,68.88,0.0,7.33,76.21,False
PED-00166,CLI-10013,CH-TELEVENDAS,LOJA-TELEVENDAS,delivered,2025-04-01T18:46:52,1317.0,0.0,94.3,1411.3,SKU-2042,3,416.04,0.0,28.99,445.03,False
PED-00166,CLI-10013,CH-TELEVENDAS,LOJA-TELEVENDAS,delivered,2025-04-01T18:46:52,1343.55,0.0,97.45,1441.0,SKU-2035,3,8.85,0.0,1.05,9.9,False
PED-00167,CLI-10013,CH-TELEVENDAS,LOJA-TELEVENDAS,delivered,2025-04-10T11:51:05,31.46,0.0,3.76,35.22,SKU-2034,2,15.73,0.0,1.88,17.61,False
PED-00168,CLI-10013,CH-TELEVENDAS,LOJA-TELEVENDAS,delivered,2025-04-11T21:12:47,60.52,0.0,4.16,64.68,SKU-2063,1,60.52,0.0,4.16,64.68,False
PED-00168,CLI-10013,CH-TELEVENDAS,LOJA-TELEVENDAS,delivered,2025-04-11T21:12:47,463.4,0.0,26.44,489.84,SKU-2100,2,201.44,0.0,11.14,212.58,False
PED-00168,CLI-10013,CH-TELEVENDAS,LOJA-TELEVENDAS,delivered,2025-04-11T21:12:47,481.82,0.0,28.33,510.15,SKU-2125,1,18.42,0.0,1.89,20.31,False
PED-00169,CLI-10013,CH-TELEVENDAS,LOJA-TELEVENDAS,delivered,2025-05-03T09:04:18,492.87,0.0,46.56,539.43,SKU-2023,3,164.29,0.0,15.52,179.81,False
PED-00170,CLI-10013,CH-TELEVENDAS,LOJA-TELEVENDAS,delivered,2025-05-22T19:40:40,77.02,0.0,6.96,83.98,SKU-2054,2,38.51,0.0,3.48,41.99,False
PED-00170,CLI-10013,CH-TELEVENDAS,LOJA-TELEVENDAS,delivered,2025-05-22T19:40:40,11029.63,0.0,1158.96,12188.59,SKU-2126,3,3650.87,0.0,384.0,4034.87,False
PED-00170,CLI-10013,CH-TELEVENDAS,LOJA-TELEVENDAS,delivered,2025-05-22T19:40:40,15953.68,0.0,1421.01,17374.69,SKU-2068,3,1641.35,0.0,87.35,1728.7,False
PED-00170,CLI-10013,CH-TELEVENDAS,LOJA-TELEVENDAS,delivered,2025-05-22T19:40:40,17256.64,0.0,1528.08,18784.72,SKU-2082,3,434.32,0.0,35.69,470.01,False
PED-00171,CLI-10013,CH-TELEVENDAS,LOJA-TELEVENDAS,delivered,2025-06-11T18:58:56,1290.26,157.52,63.18,1195.92,SKU-2051,2,645.13,78.76,31.59,597.96,True
PED-00171,CLI-10013,CH-TELEVENDAS,LOJA-TELEVENDAS,delivered,2025-06-11T18:58:56,1844.15,157.52,97.29,1783.92,SKU-2033,3,184.63,0.0,11.37,196.0,False
PED-00171,CLI-10013,CH-TELEVENDAS,LOJA-TELEVENDAS,delivered,2025-06-11T18:58:56,17403.93,157.52,1666.01,18912.42,SKU-2077,2,7779.89,0.0,784.36,8564.25,False
PED-00171,CLI-10013,CH-TELEVENDAS,LOJA-TELEVENDAS,delivered,2025-06-11T18:58:56,18093.12,157.52,1704.87,19640.47,SKU-2040,1,689.19,0.0,38.86,728.05,False
PED-00172,CLI-10013,CH-APP,LOJA-03,delivered,2025-06-14T06:00:17,584.97,0.0,34.2,619.17,SKU-2002,3,194.99,0.0,11.4,206.39,False
PED-00173,CLI-10013,CH-TELEVENDAS,LOJA-TELEVENDAS,delivered,2025-06-26T09:10:25,4008.31,0.0,447.6,4455.91,SKU-2026,1,4008.31,0.0,447.6,4455.91,False
PED-00174,CLI-10013,CH-TELEVENDAS,LOJA-TELEVENDAS,delivered,2025-07-11T14:14:23,8218.68,1479.39,544.59,7283.88,SKU-2017,3,2739.56,493.13,181.53,2427.96,True
PED-00174,CLI-10013,CH-TELEVENDAS,LOJA-TELEVENDAS,delivered,2025-07-11T14:14:23,8241.39,1479.39,546.93,7308.93,SKU-2135,3,7.57,0.0,0.78,8.35,False
PED-00175,CLI-10013,CH-TELEVENDAS,LOJA-TELEVENDAS,delivered,2025-07-21T09:36:26,8.85,0.0,0.68,9.53,SKU-2035,1,8.85,0.0,0.68,9.53,False
PED-00176,CLI-10013,CH-FISICO,LOJA-01,delivered,2025-07-25T06:26:53,27338.37,0.0,1727.94,29066.31,SKU-2006,3,9112.79,0.0,575.98,9688.77,False
PED-00176,CLI-10013,CH-FISICO,LOJA-01,delivered,2025-07-25T06:26:53,42898.15,0.0,2565.36,45463.51,SKU-2077,2,7779.89,0.0,418.71,8198.6,False
PED-00176,CLI-10013,CH-FISICO,LOJA-01,delivered,2025-07-25T06:26:53,43322.93,0.0,2589.95,45912.88,SKU-2052,1,424.78,0.0,24.59,449.37,False
PED-00177,CLI-10013,CH-TELEVENDAS,LOJA-TELEVENDAS,returned,2025-08-03T12:01:38,318.24,0.0,28.08,346.32,SKU-2081,3,106.08,0.0,9.36,115.44,False
PED-00177,CLI-10013,CH-TELEVENDAS,LOJA-TELEVENDAS,returned,2025-08-03T12:01:38,502.87,0.0,49.65,552.52,SKU-2033,1,184.63,0.0,21.57,206.2,False
PED-00177,CLI-10013,CH-TELEVENDAS,LOJA-TELEVENDAS,returned,2025-08-03T12:01:38,650.42,9.37,59.1,700.15,SKU-2099,1,147.55,9.37,9.45,147.63,True
PED-00178,CLI-10013,CH-TELEVENDAS,LOJA-TELEVENDAS,delivered,2025-08-04T03:21:46,2680.14,0.0,186.06,2866.2,SKU-2108,3,893.38,0.0,62.02,955.4,False
PED-00178,CLI-10013,CH-TELEVENDAS,LOJA-TELEVENDAS,delivered,2025-08-04T03:21:46,2966.14,66.98,211.94,3111.1,SKU-2102,2,143.0,33.49,12.94,122.45,True
PED-00178,CLI-10013,CH-TELEVENDAS,LOJA-TELEVENDAS,delivered,2025-08-04T03:21:46,3609.92,66.98,261.74,3804.68,SKU-2021,1,643.78,0.0,49.8,693.58,False
PED-00178,CLI-10013,CH-TELEVENDAS,LOJA-TELEVENDAS,delivered,2025-08-04T03:21:46,7500.26,66.98,633.23,8066.51,SKU-2137,3,1296.78,0.0,123.83,1420.61,False
PED-00179,CLI-10013,CH-TELEVENDAS,LOJA-TELEVENDAS,cancelled,2025-08-07T22:39:14,21.08,0.0,1.23,22.31,SKU-2014,1,21.08,0.0,1.23,22.31,False
PED-00179,CLI-10013,CH-TELEVENDAS,LOJA-TELEVENDAS,cancelled,2025-08-07T22:39:14,1532.96,0.0,109.56,1642.52,SKU-2062,3,503.96,0.0,36.11,540.07,False
PED-00180,CLI-10013,CH-APP,LOJA-03,delivered,2025-08-21T18:28:22,1819.6,0.0,186.48,2006.08,SKU-2088,1,1819.6,0.0,186.48,2006.08,False
PED-00180,CLI-10013,CH-APP,LOJA-03,delivered,2025-08-21T18:28:22,1915.2,0.0,192.06,2107.26,SKU-2133,2,47.8,0.0,2.79,50.59,False
PED-00180,CLI-10013,CH-APP,LOJA-03,delivered,2025-08-21T18:28:22,1995.97,0.0,198.53,2194.5,SKU-2132,1,80.77,0.0,6.47,87.24,False
PED-00180,CLI-10013,CH-APP,LOJA-03,delivered,2025-08-21T18:28:22,26358.82,4689.0,1976.36,23646.18,SKU-2066,3,8120.95,1563.0,592.61,7150.56,True
PED-00181,CLI-10013,CH-TELEVENDAS,LOJA-TELEVENDAS,delivered,2025-08-27T23:47:36,27.02,0.0,3.04,30.06,SKU-2094,2,13.51,0.0,1.52,15.03,False
PED-00181,CLI-10013,CH-TELEVENDAS,LOJA-TELEVENDAS,delivered,2025-08-27T23:47:36,2094.59,0.0,139.48,2234.07,SKU-2040,3,689.19,0.0,45.48,734.67,False
PED-00182,CLI-10013,CH-TELEVENDAS,LOJA-TELEVENDAS,delivered,2025-08-28T10:51:59,42.59,0.0,4.85,47.44,SKU-2093,1,42.59,0.0,4.85,47.44,False
PED-00182,CLI-10013,CH-TELEVENDAS,LOJA-TELEVENDAS,delivered,2025-08-28T10:51:59,5039.21,0.0,333.2,5372.41,SKU-2098,3,1665.54,0.0,109.45,1774.99,False
PED-00182,CLI-10013,CH-TELEVENDAS,LOJA-TELEVENDAS,delivered,2025-08-28T10:51:59,5258.64,0.0,355.24,5613.88,SKU-2038,1,219.43,0.0,22.04,241.47,False
PED-00182,CLI-10013,CH-TELEVENDAS,LOJA-TELEVENDAS,delivered,2025-08-28T10:51:59,5288.42,0.0,357.92,5646.34,SKU-2045,2,14.89,0.0,1.34,16.23,False
PED-00183,CLI-10013,CH-APP,LOJA-03,returned,2025-09-08T21:56:10,5479.12,774.46,356.72,5061.38,SKU-2017,2,2739.56,387.23,178.36,2530.69,True
PED-00183,CLI-10013,CH-APP,LOJA-03,returned,2025-09-08T21:56:10,5677.22,774.46,370.84,5273.6,SKU-2119,2,99.05,0.0,7.06,106.11,False
PED-00183,CLI-10013,CH-APP,LOJA-03,returned,2025-09-08T21:56:10,6579.23,774.46,439.18,6243.95,SKU-2072,3,300.67,0.0,22.78,323.45,False
PED-00183,CLI-10013,CH-APP,LOJA-03,returned,2025-09-08T21:56:10,7154.87,774.46,499.22,6879.63,SKU-2079,2,287.82,0.0,30.02,317.84,False
PED-00184,CLI-10013,CH-TELEVENDAS,LOJA-TELEVENDAS,delivered,2025-09-17T00:23:13,27338.37,0.0,3045.6,30383.97,SKU-2006,3,9112.79,0.0,1015.2,10127.99,False
PED-00184,CLI-10013,CH-TELEVENDAS,LOJA-TELEVENDAS,delivered,2025-09-17T00:23:13,27422.65,15.3,3053.14,30460.49,SKU-2059,2,42.14,7.65,3.77,38.26,True
PED-00184,CLI-10013,CH-TELEVENDAS,LOJA-TELEVENDAS,delivered,2025-09-17T00:23:13,28503.16,15.3,3122.68,31610.54,SKU-2138,3,360.17,0.0,23.18,383.35,False
PED-00184,CLI-10013,CH-TELEVENDAS,LOJA-TELEVENDAS,delivered,2025-09-17T00:23:13,30322.76,15.3,3336.09,33643.55,SKU-2088,1,1819.6,0.0,213.41,2033.01,False
PED-00185,CLI-10013,CH-TELEVENDAS,LOJA-TELEVENDAS,delivered,2025-09-18T14:08:53,143.4,0.0,11.76,155.16,SKU-2133,3,47.8,0.0,3.92,51.72,False
PED-00185,CLI-10013,CH-TELEVENDAS,LOJA-TELEVENDAS,delivered,2025-09-18T14:08:53,222.84,5.49,16.14,233.49,SKU-2105,3,26.48,1.83,1.46,26.11,True
PED-00186,CLI-10013,CH-TELEVENDAS,LOJA-TELEVENDAS,delivered,2025-09-19T09:16:15,917.12,0.0,105.3,1022.42,SKU-2060,2,458.56,0.0,52.65,511.21,False
PED-00186,CLI-10013,CH-TELEVENDAS,LOJA-TELEVENDAS,delivered,2025-09-19T09:16:15,967.72,0.0,110.44,1078.16,SKU-2074,2,25.3,0.0,2.57,27.87,False
PED-00187,CLI-10013,CH-APP,LOJA-01,confirmed,2025-09-22T15:18:23,89.75,0.0,7.42,97.17,SKU-2039,1,89.75,0.0,7.42,97.17,False
PED-00188,CLI-10013,CH-TELEVENDAS,LOJA-TELEVENDAS,delivered,2025-09-30T12:03:27,1091.62,0.0,107.0,1198.62,SKU-2118,1,1091.62,0.0,107.0,1198.62,False
PED-00188,CLI-10013,CH-TELEVENDAS,LOJA-TELEVENDAS,delivered,2025-09-30T12:03:27,14469.13,0.0,813.65,15282.78,SKU-2067,3,4459.17,0.0,235.55,4694.72,False
PED-00188,CLI-10013,CH-TELEVENDAS,LOJA-TELEVENDAS,delivered,2025-09-30T12:03:27,14869.27,0.0,853.57,15722.84,SKU-2030,2,200.07,0.0,19.96,220.03,False
PED-00189,CLI-10013,CH-FISICO,LOJA-03,confirmed,2025-10-05T16:06:59,13730.54,0.0,1215.26,14945.8,SKU-2007,2,6865.27,0.0,607.63,7472.9,False
PED-00189,CLI-10013,CH-FISICO,LOJA-03,confirmed,2025-10-05T16:06:59,13845.38,0.0,1227.46,15072.84,SKU-2103,1,114.84,0.0,12.2,127.04,False
PED-00190,CLI-10013,CH-TELEVENDAS,LOJA-TELEVENDAS,returned,2025-10-05T19:04:26,454.42,0.0,52.54,506.96,SKU-2050,2,227.21,0.0,26.27,253.48,False
PED-00190,CLI-10013,CH-TELEVENDAS,LOJA-TELEVENDAS,returned,2025-10-05T19:04:26,597.42,0.0,62.28,659.7,SKU-2102,1,143.0,0.0,9.74,152.74,False
PED-00191,CLI-10013,CH-TELEVENDAS,LOJA-TELEVENDAS,delivered,2025-10-06T00:29:35,502.58,0.0,45.32,547.9,SKU-2031,1,502.58,0.0,45.32,547.9,False
PED-00191,CLI-10013,CH-TELEVENDAS,LOJA-TELEVENDAS,delivered,2025-10-06T00:29:35,1474.13,0.0,95.9,1570.03,SKU-2010,3,323.85,0.0,16.86,340.71,False
PED-00191,CLI-10013,CH-TELEVENDAS,LOJA-TELEVENDAS,delivered,2025-10-06T00:29:35,4748.99,0.0,340.79,5089.78,SKU-2118,3,1091.62,0.0,81.63,1173.25,False
PED-00192,CLI-10013,CH-TELEVENDAS,LOJA-TELEVENDAS,delivered,2025-10-09T07:33:09,36.8,0.0,3.08,39.88,SKU-2075,2,18.4,0.0,1.54,19.94,False
PED-00192,CLI-10013,CH-TELEVENDAS,LOJA-TELEVENDAS,delivered,2025-10-09T07:33:09,5900.76,0.0,352.61,6253.37,SKU-2127,1,5863.96,0.0,349.53,6213.49,False
PED-00193,CLI-10013,CH-TELEVENDAS,LOJA-TELEVENDAS,delivered,2025-10-31T10:34:09,15443.4,0.0,1360.8,16804.2,SKU-2097,3,5147.8,0.0,453.6,5601.4,False
PED-00194,CLI-10013,CH-TELEVENDAS,LOJA-TELEVENDAS,delivered,2025-11-25T10:01:05,27338.37,0.0,3081.12,30419.49,SKU-2006,3,9112.79,0.0,1027.04,10139.83,False
PED-00194,CLI-10013,CH-TELEVENDAS,LOJA-TELEVENDAS,delivered,2025-11-25T10:01:05,27550.53,52.68,3095.0,30592.85,SKU-2081,2,106.08,26.34,6.94,86.68,True
PED-00195,CLI-10013,CH-TELEVENDAS,LOJA-TELEVENDAS,delivered,2026-02-13T17:13:13,4924.05,1227.45,241.62,3938.22,SKU-2068,3,1641.35,409.15,80.54,1312.74,True
PED-00195,CLI-10013,CH-TELEVENDAS,LOJA-TELEVENDAS,delivered,2026-02-13T17:13:13,13411.07,1227.45,1164.54,13348.16,SKU-2136,2,4243.51,0.0,461.46,4704.97,False
PED-00196,CLI-10013,CH-TELEVENDAS,LOJA-TELEVENDAS,confirmed,2026-02-15T16:50:44,20595.81,0.0,2397.06,22992.87,SKU-2007,3,6865.27,0.0,799.02,7664.29,False
PED-00196,CLI-10013,CH-TELEVENDAS,LOJA-TELEVENDAS,confirmed,2026-02-15T16:50:44,20773.59,0.0,2408.14,23181.73,SKU-2090,2,88.89,0.0,5.54,94.43,False
PED-00196,CLI-10013,CH-TELEVENDAS,LOJA-TELEVENDAS,confirmed,2026-02-15T16:50:44,20791.71,1.75,2409.21,23199.17,SKU-2145,1,18.12,1.75,1.07,17.44,True
PED-00197,CLI-10013,CH-TELEVENDAS,LOJA-TELEVENDAS,delivered,2026-02-15T17:00:49,2633.78,209.5,240.8,2665.08,SKU-2087,2,1316.89,104.75,120.4,1332.54,True
PED-00197,CLI-10013,CH-TELEVENDAS,LOJA-TELEVENDAS,delivered,2026-02-15T17:00:49,2648.67,209.5,242.43,2681.6,SKU-2045,1,14.89,0.0,1.63,16.52,False
PED-00198,CLI-10014,CH-WEB,LOJA-WEB,delivered,2024-04-07T02:33:48,48.03,0.0,4.47,52.5,SKU-2124,3,16.01,0.0,1.49,17.5,False
PED-00198,CLI-10014,CH-WEB,LOJA-WEB,delivered,2024-04-07T02:33:48,260.19,0.0,23.83,284.02,SKU-2081,2,106.08,0.0,9.68,115.76,False
PED-00198,CLI-10014,CH-WEB,LOJA-WEB,delivered,2024-04-07T02:33:48,296.35,0.0,27.5,323.85,SKU-2044,1,36.16,0.0,3.67,39.83,False
PED-00198,CLI-10014,CH-WEB,LOJA-WEB,delivered,2024-04-07T02:33:48,375.97,15.58,34.96,395.35,SKU-2143,2,39.81,7.79,3.73,35.75,True
PED-00199,CLI-10014,CH-WEB,LOJA-WEB,cancelled,2024-04-22T13:16:01,14010.87,0.0,1493.79,15504.66,SKU-2046,3,4670.29,0.0,497.93,5168.22,False
PED-00200,CLI-10014,CH-TELEVENDAS,LOJA-TELEVENDAS,delivered,2024-05-24T06:40:56,917.12,0.0,56.64,973.76,SKU-2060,2,458.56,0.0,28.32,486.88,False
PED-00201,CLI-10014,CH-WEB,LOJA-WEB,delivered,2024-05-27T03:59:38,8.52,0.0,0.47,8.99,SKU-2114,1,8.52,0.0,0.47,8.99,False
PED-00201,CLI-10014,CH-WEB,LOJA-WEB,delivered,2024-05-27T03:59:38,398.5,0.0,39.63,438.13,SKU-2002,2,194.99,0.0,19.58,214.57,False
PED-00201,CLI-10014,CH-WEB,LOJA-WEB,delivered,2024-05-27T03:59:38,4857.67,0.0,491.26,5348.93,SKU-2067,1,4459.17,0.0,451.63,4910.8,False
PED-00202,CLI-10014,CH-WEB,LOJA-WEB,delivered,2024-08-02T06:32:55,36.41,0.0,3.86,40.27,SKU-2025,1,36.41,0.0,3.86,40.27,False
PED-00202,CLI-10014,CH-WEB,LOJA-WEB,delivered,2024-08-02T06:32:55,337.68,0.0,25.64,363.32,SKU-2122,1,301.27,0.0,21.78,323.05,False
PED-00202,CLI-10014,CH-WEB,LOJA-WEB,delivered,2024-08-02T06:32:55,4487.1,348.64,315.57,4454.03,SKU-2147,1,4149.42,348.64,289.93,4090.71,True
PED-00202,CLI-10014,CH-WEB,LOJA-WEB,delivered,2024-08-02T06:32:55,10050.78,1674.85,817.56,9193.49,SKU-2057,3,1854.56,442.07,167.33,1579.82,True
PED-00203,CLI-10014,CH-WEB,LOJA-WEB,delivered,2024-12-11T09:22:00,416.04,0.0,49.18,465.22,SKU-2042,1,416.04,0.0,49.18,465.22,False
PED-00203,CLI-10014,CH-WEB,LOJA-WEB,delivered,2024-12-11T09:22:00,766.78,0.0,84.44,851.22,SKU-2111,2,175.37,0.0,17.63,193.0,False
PED-00203,CLI-10014,CH-WEB,LOJA-WEB,delivered,2024-12-11T09:22:00,2834.35,0.0,283.43,3117.78,SKU-2040,3,689.19,0.0,66.33,755.52,False
PED-00203,CLI-10014,CH-WEB,LOJA-WEB,delivered,2024-12-11T09:22:00,2981.13,0.0,291.27,3272.4,SKU-2013,2,73.39,0.0,3.92,77.31,False
PED-00204,CLI-10014,CH-WEB,LOJA-WEB,delivered,2025-02-06T07:47:07,349.56,29.42,22.55,342.69,SKU-2022,1,349.56,29.42,22.55,342.69,True
PED-00204,CLI-10014,CH-WEB,LOJA-WEB,delivered,2025-02-06T07:47:07,367.96,29.42,23.62,362.16,SKU-2075,1,18.4,0.0,1.07,19.47,False
PED-00204,CLI-10014,CH-WEB,LOJA-WEB,delivered,2025-02-06T07:47:07,970.5,29.42,91.5,1032.58,SKU-2122,2,301.27,0.0,33.94,335.21,False
PED-00204,CLI-10014,CH-WEB,LOJA-WEB,delivered,2025-02-06T07:47:07,2260.76,234.34,159.82,2186.24,SKU-2051,2,645.13,102.46,34.16,576.83,True
PED-00205,CLI-10014,CH-WEB,LOJA-WEB,delivered,2025-02-20T15:45:12,4459.17,0.0,440.36,4899.53,SKU-2067,1,4459.17,0.0,440.36,4899.53,False
PED-00205,CLI-10014,CH-WEB,LOJA-WEB,delivered,2025-02-20T15:45:12,6313.73,220.24,584.02,6677.51,SKU-2057,1,1854.56,220.24,143.66,1777.98,True
PED-00205,CLI-10014,CH-WEB,LOJA-WEB,delivered,2025-02-20T15:45:12,11237.78,220.24,851.23,11868.77,SKU-2068,3,1641.35,0.0,89.07,1730.42,False
PED-00205,CLI-10014,CH-WEB,LOJA-WEB,delivered,2025-02-20T15:45:12,11274.92,220.24,854.17,11908.85,SKU-2144,2,18.57,0.0,1.47,20.04,False
PED-00206,CLI-10014,CH-WEB,LOJA-WEB,confirmed,2025-04-24T08:08:02,22585.62,0.0,1946.37,24531.99,SKU-2076,3,7528.54,0.0,648.79,8177.33,False
PED-00206,CLI-10014,CH-WEB,LOJA-WEB,confirmed,2025-04-24T08:08:02,23870.73,0.0,2066.43,25937.16,SKU-2020,3,428.37,0.0,40.02,468.39,False
PED-00206,CLI-10014,CH-WEB,LOJA-WEB,confirmed,2025-04-24T08:08:02,24252.2,0.0,2097.49,26349.69,SKU-2101,1,381.47,0.0,31.06,412.53,False
PED-00206,CLI-10014,CH-WEB,LOJA-WEB,confirmed,2025-04-24T08:08:02,25498.77,0.0,2230.36,27729.13,SKU-2008,1,1246.57,0.0,132.87,1379.44,False
PED-00207,CLI-10014,CH-WEB,LOJA-WEB,delivered,2025-05-11T10:51:04,24362.85,0.0,1332.42,25695.27,SKU-2066,3,8120.95,0.0,444.14,8565.09,False
PED-00207,CLI-10014,CH-WEB,LOJA-WEB,delivered,2025-05-11T10:51:04,24575.01,0.0,1351.22,25926.23,SKU-2081,2,106.08,0.0,9.4,115.48,False
PED-00208,CLI-10014,CH-WEB,LOJA-WEB,delivered,2025-06-03T05:54:15,2659.44,0.0,274.14,2933.58,SKU-2028,3,886.48,0.0,91.38,977.86,False
PED-00208,CLI-10014,CH-WEB,LOJA-WEB,delivered,2025-06-03T05:54:15,12017.38,0.0,1110.63,13128.01,SKU-2106,1,9357.94,0.0,836.49,10194.43,False
PED-00208,CLI-10014,CH-WEB,LOJA-WEB,delivered,2025-06-03T05:54:15,12236.81,0.0,1134.93,13371.74,SKU-2038,1,219.43,0.0,24.3,243.73,False
PED-00208,CLI-10014,CH-WEB,LOJA-WEB,delivered,2025-06-03T05:54:15,21353.25,0.0,1759.31,23112.56,SKU-2037,2,4558.22,0.0,312.19,4870.41,False
PED-00209,CLI-10014,CH-WEB,LOJA-WEB,delivered,2025-06-29T15:01:11,9105.08,0.0,486.66,9591.74,SKU-2036,2,4552.54,0.0,243.33,4795.87,False
PED-00209,CLI-10014,CH-WEB,LOJA-WEB,delivered,2025-06-29T15:01:11,9391.08,0.0,518.92,9910.0,SKU-2102,2,143.0,0.0,16.13,159.13,False
PED-00209,CLI-10014,CH-WEB,LOJA-WEB,delivered,2025-06-29T15:01:11,9735.76,0.0,555.3,10291.06,SKU-2009,1,344.68,0.0,36.38,381.06,False
PED-00209,CLI-10014,CH-WEB,LOJA-WEB,delivered,2025-06-29T15:01:11,10498.7,0.0,619.7,11118.4,SKU-2101,2,381.47,0.0,32.2,413.67,False
PED-00210,CLI-10014,CH-WEB,LOJA-WEB,delivered,2025-07-02T20:08:32,434.32,0.0,49.49,483.81,SKU-2082,1,434.32,0.0,49.49,483.81,False
PED-00210,CLI-10014,CH-WEB,LOJA-WEB,delivered,2025-07-02T20:08:32,3717.02,0.0,388.15,4105.17,SKU-2068,2,1641.35,0.0,169.33,1810.68,False
PED-00210,CLI-10014,CH-WEB,LOJA-WEB,delivered,2025-07-02T20:08:32,22432.9,0.0,1999.01,24431.91,SKU-2106,2,9357.94,0.0,805.43,10163.37,False
PED-00210,CLI-10014,CH-WEB,LOJA-WEB,delivered,2025-07-02T20:08:32,22782.46,67.09,2021.11,24736.48,SKU-2022,1,349.56,67.09,22.1,304.57,True
PED-00211,CLI-10014,CH-WEB,LOJA-WEB,delivered,2025-07-25T22:22:15,21.08,0.0,2.41,23.49,SKU-2014,1,21.08,0.0,2.41,23.49,False
PED-00211,CLI-10014,CH-WEB,LOJA-WEB,delivered,2025-07-25T22:22:15,202.64,0.0,16.18,218.82,SKU-2063,3,60.52,0.0,4.59,65.11,False
PED-00212,CLI-10014,CH-WEB,LOJA-WEB,delivered,2025-08-10T15:39:08,78.3,0.0,9.18,87.48,SKU-2095,3,26.1,0.0,3.06,29.16,False
PED-00212,CLI-10014,CH-WEB,LOJA-WEB,delivered,2025-08-10T15:39:08,115.14,0.0,11.92,127.06,SKU-2125,2,18.42,0.0,1.37,19.79,False
PED-00213,CLI-10014,CH-WEB,LOJA-WEB,delivered,2025-10-19T13:22:15,6865.27,0.0,718.03,7583.3,SKU-2007,1,6865.27,0.0,718.03,7583.3,False
PED-00213,CLI-10014,CH-WEB,LOJA-WEB,delivered,2025-10-19T13:22:15,8530.81,0.0,876.78,9407.59,SKU-2098,1,1665.54,0.0,158.75,1824.29,False
PED-00213,CLI-10014,CH-WEB,LOJA-WEB,delivered,2025-10-19T13:22:15,9719.89,0.0,990.48,10710.37,SKU-2012,3,396.36,0.0,37.9,434.26,False
PED-00214,CLI-10014,CH-WEB,LOJA-WEB,delivered,2025-12-20T17:10:09,369.26,0.0,42.84,412.1,SKU-2033,2,184.63,0.0,21.42,206.05,False
PED-00214,CLI-10014,CH-WEB,LOJA-WEB,delivered,2025-12-20T17:10:09,477.74,0.0,53.13,530.87,SKU-2044,3,36.16,0.0,3.43,39.59,False
PED-00214,CLI-10014,CH-WEB,LOJA-WEB,delivered,2025-12-20T17:10:09,867.72,0.0,95.87,963.59,SKU-2002,2,194.99,0.0,21.37,216.36,False
PED-00214,CLI-10014,CH-WEB,LOJA-WEB,delivered,2025-12-20T17:10:09,4576.84,0.0,402.49,4979.33,SKU-2057,2,1854.56,0.0,153.31,2007.87,False
PED-00215,CLI-10014,CH-WEB,LOJA-WEB,delivered,2026-02-12T18:29:00,119.43,7.5,13.35,125.28,SKU-2143,3,39.81,2.5,4.45,41.76,True
PED-00215,CLI-10014,CH-WEB,LOJA-WEB,delivered,2026-02-12T18:29:00,1021.44,7.5,75.93,1089.87,SKU-2072,3,300.67,0.0,20.86,321.53,False
PED-00215,CLI-10014,CH-WEB,LOJA-WEB,delivered,2026-02-12T18:29:00,23607.06,7.5,2616.06,26215.62,SKU-2076,3,7528.54,0.0,846.71,8375.25,False
PED-00216,CLI-10014,CH-WEB,LOJA-WEB,confirmed,2026-02-17T19:39:35,212.16,0.0,16.82,228.98,SKU-2081,2,106.08,0.0,8.41,114.49,False
PED-00216,CLI-10014,CH-WEB,LOJA-WEB,confirmed,2026-02-17T19:39:35,229.86,0.0,18.42,248.28,SKU-2035,2,8.85,0.0,0.8,9.65,False
PED-00216,CLI-10014,CH-WEB,LOJA-WEB,confirmed,2026-02-17T19:39:35,27568.23,0.0,2042.04,29610.27,SKU-2006,3,9112.79,0.0,674.54,9787.33,False
PED-00216,CLI-10014,CH-WEB,LOJA-WEB,confirmed,2026-02-17T19:39:35,45160.11,0.0,3579.99,48740.1,SKU-2127,3,5863.96,0.0,512.65,6376.61,False
PED-00217,CLI-10015,CH-APP,LOJA-02,delivered,2024-06-03T16:44:55,26.63,0.0,2.72,29.35,SKU-2085,1,26.63,0.0,2.72,29.35,False
PED-00217,CLI-10015,CH-APP,LOJA-02,delivered,2024-06-03T16:44:55,725.75,0.0,81.08,806.83,SKU-2022,2,349.56,0.0,39.18,388.74,False
PED-00218,CLI-10015,CH-APP,LOJA-02,delivered,2024-09-16T11:31:50,841.47,0.0,46.26,887.73,SKU-2149,3,280.49,0.0,15.42,295.91,False
PED-00219,CLI-10015,CH-APP,LOJA-02,delivered,2024-12-08T01:09:04,26.48,0.0,1.96,28.44,SKU-2105,1,26.48,0.0,1.96,28.44,False
PED-00219,CLI-10015,CH-APP,LOJA-02,delivered,2024-12-08T01:09:04,246.65,0.0,28.18,274.83,SKU-2013,3,73.39,0.0,8.74,82.13,False
PED-00219,CLI-10015,CH-APP,LOJA-02,delivered,2024-12-08T01:09:04,466.08,0.0,50.14,516.22,SKU-2038,1,219.43,0.0,21.96,241.39,False
PED-00220,CLI-10015,CH-APP,LOJA-02,delivered,2025-02-25T13:59:56,220.88,0.0,22.82,243.7,SKU-2001,2,110.44,0.0,11.41,121.85,False
PED-00221,CLI-10016,CH-WEB,LOJA-WEB,delivered,2024-06-13T02:27:33,1665.54,0.0,194.04,1859.58,SKU-2098,1,1665.54,0.0,194.04,1859.58,False
PED-00221,CLI-10016,CH-WEB,LOJA-WEB,delivered,2024-06-13T02:27:33,1886.42,0.0,213.3,2099.72,SKU-2001,2,110.44,0.0,9.63,120.07,False
PED-00221,CLI-10016,CH-WEB,LOJA-WEB,delivered,2024-06-13T02:27:33,2231.1,0.0,245.65,2476.75,SKU-2009,1,344.68,0.0,32.35,377.03,False
PED-00221,CLI-10016,CH-WEB,LOJA-WEB,delivered,2024-06-13T02:27:33,6474.61,0.0,718.33,7192.94,SKU-2136,1,4243.51,0.0,472.68,4716.19,False
PED-00222,CLI-10017,CH-WEB,LOJA-WEB,delivered,2024-04-18T16:06:18,350.74,0.0,22.16,372.9,SKU-2111,2,175.37,0.0,11.08,186.45,False
PED-00222,CLI-10017,CH-WEB,LOJA-WEB,delivered,2024-04-18T16:06:18,382.2,2.98,25.54,404.76,SKU-2034,2,15.73,1.49,1.69,15.93,True
PED-00222,CLI-10017,CH-WEB,LOJA-WEB,delivered,2024-04-18T16:06:18,1699.09,2.98,145.74,1841.85,SKU-2087,1,1316.89,0.0,120.2,1437.09,False
PED-00223,CLI-10017,CH-WEB,LOJA-WEB,delivered,2024-04-22T07:35:07,12730.53,0.0,679.5,13410.03,SKU-2136,3,4243.51,0.0,226.5,4470.01,False
PED-00223,CLI-10017,CH-WEB,LOJA-WEB,delivered,2024-04-22T07:35:07,13126.89,0.0,709.87,13836.76,SKU-2012,1,396.36,0.0,30.37,426.73,False
PED-00223,CLI-10017,CH-WEB,LOJA-WEB,delivered,2024-04-22T07:35:07,16298.07,0.0,1024.24,17322.31,SKU-2027,3,1057.06,0.0,104.79,1161.85,False
PED-00224,CLI-10017,CH-TELEVENDAS,LOJA-TELEVENDAS,delivered,2024-05-01T13:20:19,26.55,0.0,1.56,28.11,SKU-2035,3,8.85,0.0,0.52,9.37,False
PED-00224,CLI-10017,CH-TELEVENDAS,LOJA-TELEVENDAS,delivered,2024-05-01T13:20:19,1049.42,0.0,88.34,1137.76,SKU-2107,1,1022.87,0.0,86.78,1109.65,False
PED-00224,CLI-10017,CH-TELEVENDAS,LOJA-TELEVENDAS,delivered,2024-05-01T13:20:19,13074.35,0.0,910.97,13985.32,SKU-2026,3,4008.31,0.0,274.21,4282.52,False
PED-00225,CLI-10017,CH-WEB,LOJA-WEB,delivered,2024-05-03T08:29:18,1309.76,0.0,128.58,1438.34,SKU-2140,2,654.88,0.0,64.29,719.17,False
PED-00226,CLI-10017,CH-WEB,LOJA-WEB,confirmed,2024-05-05T11:40:59,658.29,0.0,74.61,732.9,SKU-2038,3,219.43,0.0,24.87,244.3,False
PED-00226,CLI-10017,CH-WEB,LOJA-WEB,confirmed,2024-05-05T11:40:59,1151.16,0.0,133.35,1284.51,SKU-2023,3,164.29,0.0,19.58,183.87,False
PED-00226,CLI-10017,CH-WEB,LOJA-WEB,confirmed,2024-05-05T11:40:59,1557.22,0.0,155.07,1712.29,SKU-2130,2,203.03,0.0,10.86,213.89,False
PED-00226,CLI-10017,CH-WEB,LOJA-WEB,confirmed,2024-05-05T11:40:59,2249.38,0.0,230.97,2480.35,SKU-2019,1,692.16,0.0,75.9,768.06,False
PED-00227,CLI-10017,CH-WEB,LOJA-WEB,delivered,2024-05-14T12:02:34,194.99,0.0,12.08,207.07,SKU-2002,1,194.99,0.0,12.08,207.07,False
PED-00228,CLI-10017,CH-WEB,LOJA-WEB,confirmed,2024-05-19T02:20:26,52.2,0.0,4.08,56.28,SKU-2095,2,26.1,0.0,2.04,28.14,False
PED-00229,CLI-10017,CH-WEB,LOJA-WEB,confirmed,2024-05-21T15:06:46,416.04,0.0,47.34,463.38,SKU-2042,1,416.04,0.0,47.34,463.38,False
PED-00229,CLI-10017,CH-WEB,LOJA-WEB,confirmed,2024-05-21T15:06:46,2189.0,0.0,220.18,2409.18,SKU-2028,2,886.48,0.0,86.42,972.9,False
PED-00229,CLI-10017,CH-WEB,LOJA-WEB,confirmed,2024-05-21T15:06:46,2373.63,0.0,239.48,2613.11,SKU-2033,1,184.63,0.0,19.3,203.93,False
PED-00229,CLI-10017,CH-WEB,LOJA-WEB,confirmed,2024-05-21T15:06:46,2455.02,15.21,246.68,2686.49,SKU-2015,3,27.13,5.07,2.4,24.46,True
PED-00230,CLI-10017,CH-WEB,LOJA-WEB,delivered,2024-05-22T17:56:10,1156.92,0.0,114.9,1271.82,SKU-2112,3,385.64,0.0,38.3,423.94,False
PED-00230,CLI-10017,CH-WEB,LOJA-WEB,delivered,2024-05-22T17:56:10,1414.23,0.0,141.15,1555.38,SKU-2011,3,85.77,0.0,8.75,94.52,False
PED-00230,CLI-10017,CH-WEB,LOJA-WEB,delivered,2024-05-22T17:56:10,23734.38,0.0,2785.02,26519.4,SKU-2016,3,7440.05,0.0,881.29,8321.34,False
PED-00230,CLI-10017,CH-WEB,LOJA-WEB,delivered,2024-05-22T17:56:10,48097.23,0.0,4888.44,52985.67,SKU-2066,3,8120.95,0.0,701.14,8822.09,False
PED-00231,CLI-10017,CH-WEB,LOJA-WEB,delivered,2024-05-30T10:24:51,5458.8,975.39,273.42,4756.83,SKU-2088,3,1819.6,325.13,91.14,1585.61,True
PED-00231,CLI-10017,CH-WEB,LOJA-WEB,delivered,2024-05-30T10:24:51,8789.88,975.39,642.7,8457.19,SKU-2098,2,1665.54,0.0,184.64,1850.18,False
PED-00231,CLI-10017,CH-WEB,LOJA-WEB,delivered,2024-05-30T10:24:51,9009.31,975.39,658.6,8692.52,SKU-2038,1,219.43,0.0,15.9,235.33,False
PED-00231,CLI-10017,CH-WEB,LOJA-WEB,delivered,2024-05-30T10:24:51,9716.23,975.39,696.44,9437.28,SKU-2142,2,353.46,0.0,18.92,372.38,False
PED-00232,CLI-10017,CH-WEB,LOJA-WEB,delivered,2024-06-07T15:54:34,136.62,0.0,7.96,144.58,SKU-2113,2,68.31,0.0,3.98,72.29,False
PED-00232,CLI-10017,CH-WEB,LOJA-WEB,delivered,2024-06-07T15:54:34,11119.54,0.0,570.76,11690.3,SKU-2146,2,5491.46,0.0,281.4,5772.86,False
PED-00232,CLI-10017,CH-WEB,LOJA-WEB,delivered,2024-06-07T15:54:34,11136.58,0.0,572.28,11708.86,SKU-2114,2,8.52,0.0,0.76,9.28,False
PED-00232,CLI-10017,CH-WEB,LOJA-WEB,delivered,2024-06-07T15:54:34,11486.14,0.0,609.13,12095.27,SKU-2022,1,349.56,0.0,36.85,386.41,False
PED-00233,CLI-10017,CH-WEB,LOJA-WEB,delivered,2024-06-15T18:19:31,2633.78,0.0,273.18,2906.96,SKU-2087,2,1316.89,0.0,136.59,1453.48,False
PED-00233,CLI-10017,CH-WEB,LOJA-WEB,delivered,2024-06-15T18:19:31,2761.55,0.0,285.45,3047.0,SKU-2093,3,42.59,0.0,4.09,46.68,False
PED-00233,CLI-10017,CH-WEB,LOJA-WEB,delivered,2024-06-15T18:19:31,2981.72,0.0,297.96,3279.68,SKU-2013,3,73.39,0.0,4.17,77.56,False
PED-00233,CLI-10017,CH-WEB,LOJA-WEB,delivered,2024-06-15T18:19:31,8545.4,0.0,709.08,9254.48,SKU-2057,3,1854.56,0.0,137.04,1991.6,False
PED-00234,CLI-10017,CH-WEB,LOJA-WEB,delivered,2024-07-12T09:29:03,85.77,0.0,9.22,94.99,SKU-2011,1,85.77,0.0,9.22,94.99,False
PED-00235,CLI-10017,CH-WEB,LOJA-WEB,delivered,2024-07-16T14:18:31,201.44,0.0,21.09,222.53,SKU-2100,1,201.44,0.0,21.09,222.53,False
PED-00236,CLI-10017,CH-WEB,LOJA-WEB,cancelled,2024-07-17T12:09:11,19.74,0.0,2.3,22.04,SKU-2115,2,9.87,0.0,1.15,11.02,False
PED-00237,CLI-10017,CH-WEB,LOJA-WEB,delivered,2024-07-23T00:29:38,841.47,0.0,85.11,926.58,SKU-2149,3,280.49,0.0,28.37,308.86,False
PED-00237,CLI-10017,CH-WEB,LOJA-WEB,delivered,2024-07-23T00:29:38,988.16,0.0,99.2,1087.36,SKU-2123,1,146.69,0.0,14.09,160.78,False
PED-00237,CLI-10017,CH-WEB,LOJA-WEB,delivered,2024-07-23T00:29:38,1597.25,0.0,151.16,1748.41,SKU-2130,3,203.03,0.0,17.32,220.35,False
PED-00237,CLI-10017,CH-WEB,LOJA-WEB,delivered,2024-07-23T00:29:38,1627.03,0.0,153.92,1780.95,SKU-2045,2,14.89,0.0,1.38,16.27,False
PED-00238,CLI-10017,CH-WEB,LOJA-WEB,delivered,2024-07-25T07:09:24,19.74,0.0,2.22,21.96,SKU-2115,2,9.87,0.0,1.11,10.98,False
PED-00238,CLI-10017,CH-WEB,LOJA-WEB,delivered,2024-07-25T07:09:24,66.93,0.0,6.9,73.83,SKU-2034,3,15.73,0.0,1.56,17.29,False
PED-00238,CLI-10017,CH-WEB,LOJA-WEB,delivered,2024-07-25T07:09:24,84.63,0.0,8.94,93.57,SKU-2035,2,8.85,0.0,1.02,9.87,False
PED-00239,CLI-10017,CH-WEB,LOJA-WEB,delivered,2024-07-27T02:07:06,553.89,0.0,40.2,594.09,SKU-2033,3,184.63,0.0,13.4,198.03,False
PED-00239,CLI-10017,CH-WEB,LOJA-WEB,delivered,2024-07-27T02:07:06,568.78,0.0,41.53,610.31,SKU-2045,1,14.89,0.0,1.33,16.22,False
PED-00239,CLI-10017,CH-WEB,LOJA-WEB,delivered,2024-07-27T02:07:06,4284.82,0.0,400.87,4685.69,SKU-2128,3,1238.68,0.0,119.78,1358.46,False
PED-00240,CLI-10017,CH-WEB,LOJA-WEB,delivered,2024-08-07T02:04:11,90.38,0.0,8.76,99.14,SKU-2003,2,45.19,0.0,4.38,49.57,False
PED-00240,CLI-10017,CH-WEB,LOJA-WEB,delivered,2024-08-07T02:04:11,138.18,0.0,13.78,151.96,SKU-2133,1,47.8,0.0,5.02,52.82,False
PED-00240,CLI-10017,CH-WEB,LOJA-WEB,delivered,2024-08-07T02:04:11,2252.3,0.0,141.16,2393.46,SKU-2027,2,1057.06,0.0,63.69,1120.75,False
PED-00240,CLI-10017,CH-WEB,LOJA-WEB,delivered,2024-08-07T02:04:11,11365.09,0.0,785.07,12150.16,SKU-2006,1,9112.79,0.0,643.91,9756.7,False
PED-00241,CLI-10017,CH-WEB,LOJA-WEB,delivered,2024-08-07T08:21:40,39.81,0.0,4.21,44.02,SKU-2143,1,39.81,0.0,4.21,44.02,False
PED-00241,CLI-10017,CH-WEB,LOJA-WEB,delivered,2024-08-07T08:21:40,482.46,0.0,46.93,529.39,SKU-2099,3,147.55,0.0,14.24,161.79,False
PED-00242,CLI-10017,CH-WEB,LOJA-WEB,returned,2024-08-11T06:17:20,1413.24,0.0,132.06,1545.3,SKU-2141,3,471.08,0.0,44.02,515.1,False
PED-00242,CLI-10017,CH-WEB,LOJA-WEB,returned,2024-08-11T06:17:20,1560.02,0.0,148.76,1708.78,SKU-2013,2,73.39,0.0,8.35,81.74,False
PED-00242,CLI-10017,CH-WEB,LOJA-WEB,returned,2024-08-11T06:17:20,1695.59,0.0,159.02,1854.61,SKU-2003,3,45.19,0.0,3.42,48.61,False
PED-00243,CLI-10017,CH-WEB,LOJA-WEB,delivered,2024-08-21T23:12:52,18.4,0.0,1.02,19.42,SKU-2075,1,18.4,0.0,1.02,19.42,False
PED-00243,CLI-10017,CH-WEB,LOJA-WEB,delivered,2024-08-21T23:12:52,26.92,0.0,1.52,28.44,SKU-2114,1,8.52,0.0,0.5,9.02,False
PED-00244,CLI-10017,CH-WEB,LOJA-WEB,delivered,2024-08-24T13:54:40,331.32,0.0,17.49,348.81,SKU-2001,3,110.44,0.0,5.83,116.27,False
PED-00244,CLI-10017,CH-WEB,LOJA-WEB,delivered,2024-08-24T13:54:40,349.6,0.0,19.39,368.99,SKU-2084,2,9.14,0.0,0.95,10.09,False
PED-00244,CLI-10017,CH-WEB,LOJA-WEB,delivered,2024-08-24T13:54:40,646.75,0.0,48.01,694.76,SKU-2119,3,99.05,0.0,9.54,108.59,False
PED-00245,CLI-10017,CH-WEB,LOJA-WEB,confirmed,2024-08-31T08:47:24,33.63,5.07,2.25,30.81,SKU-2134,3,11.21,1.69,0.75,10.27,True
PED-00245,CLI-10017,CH-WEB,LOJA-WEB,confirmed,2024-08-31T08:47:24,8213.64,5.07,611.31,8819.88,SKU-2056,3,2726.67,0.0,203.02,2929.69,False
PED-00245,CLI-10017,CH-WEB,LOJA-WEB,confirmed,2024-08-31T08:47:24,12080.05,5.07,894.23,12969.21,SKU-2047,1,3866.41,0.0,282.92,4149.33,False
PED-00246,CLI-10017,CH-WEB,LOJA-WEB,delivered,2024-09-24T07:52:44,923.25,0.0,61.71,984.96,SKU-2029,3,307.75,0.0,20.57,328.32,False
PED-00247,CLI-10017,CH-WEB,LOJA-WEB,delivered,2024-10-14T08:26:10,10295.6,0.0,718.62,11014.22,SKU-2097,2,5147.8,0.0,359.31,5507.11,False
PED-00247,CLI-10017,CH-WEB,LOJA-WEB,delivered,2024-10-14T08:26:10,11218.85,0.0,789.03,12007.88,SKU-2029,3,307.75,0.0,23.47,331.22,False
PED-00247,CLI-10017,CH-WEB,LOJA-WEB,delivered,2024-10-14T08:26:10,16215.47,0.0,1054.2,17269.67,SKU-2098,3,1665.54,0.0,88.39,1753.93,False
PED-00248,CLI-10017,CH-WEB,LOJA-WEB,cancelled,2024-10-16T01:24:00,1296.78,0.0,83.97,1380.75,SKU-2137,1,1296.78,0.0,83.97,1380.75,False
PED-00248,CLI-10017,CH-WEB,LOJA-WEB,cancelled,2024-10-16T01:24:00,14027.31,0.0,1491.3,15518.61,SKU-2136,3,4243.51,0.0,469.11,4712.62,False
PED-00249,CLI-10017,CH-WEB,LOJA-WEB,delivered,2024-10-16T22:25:19,330.24,0.0,18.54,348.78,SKU-2018,3,110.08,0.0,6.18,116.26,False
PED-00249,CLI-10017,CH-WEB,LOJA-WEB,delivered,2024-10-16T22:25:19,419.99,0.0,24.61,444.6,SKU-2039,1,89.75,0.0,6.07,95.82,False
PED-00249,CLI-10017,CH-WEB,LOJA-WEB,delivered,2024-10-16T22:25:19,9532.78,0.0,625.46,10158.24,SKU-2006,1,9112.79,0.0,600.85,9713.64,False
PED-00249,CLI-10017,CH-WEB,LOJA-WEB,delivered,2024-10-16T22:25:19,18033.1,0.0,1318.9,19352.0,SKU-2117,2,4250.16,0.0,346.72,4596.88,False
PED-00250,CLI-10017,CH-WEB,LOJA-WEB,delivered,2024-10-19T23:17:40,22320.15,0.0,2211.06,24531.21,SKU-2016,3,7440.05,0.0,737.02,8177.07,False
PED-00251,CLI-10017,CH-FISICO,LOJA-05,delivered,2024-11-09T23:28:10,5147.8,0.0,306.53,5454.33,SKU-2097,1,5147.8,0.0,306.53,5454.33,False
PED-00251,CLI-10017,CH-FISICO,LOJA-05,delivered,2024-11-09T23:28:10,5910.74,0.0,390.05,6300.79,SKU-2101,2,381.47,0.0,41.76,423.23,False
PED-00251,CLI-10017,CH-FISICO,LOJA-05,delivered,2024-11-09T23:28:10,19641.28,0.0,1215.05,20856.33,SKU-2007,2,6865.27,0.0,412.5,7277.77,False
PED-00251,CLI-10017,CH-FISICO,LOJA-05,delivered,2024-11-09T23:28:10,21438.19,0.0,1426.31,22864.5,SKU-2121,3,598.97,0.0,70.42,669.39,False
PED-00252,CLI-10017,CH-WEB,LOJA-WEB,delivered,2024-11-18T07:27:51,502.58,0.0,38.99,541.57,SKU-2031,1,502.58,0.0,38.99,541.57,False
PED-00252,CLI-10017,CH-WEB,LOJA-WEB,delivered,2024-11-18T07:27:51,1474.13,0.0,108.29,1582.42,SKU-2010,3,323.85,0.0,23.1,346.95,False
PED-00253,CLI-10017,CH-WEB,LOJA-WEB,delivered,2024-12-06T23:29:48,361.5,0.0,24.47,385.97,SKU-2041,1,361.5,0.0,24.47,385.97,False
PED-00253,CLI-10017,CH-WEB,LOJA-WEB,delivered,2024-12-06T23:29:48,4227.91,0.0,434.22,4662.13,SKU-2047,1,3866.41,0.0,409.75,4276.16,False
PED-00254,CLI-10017,CH-WEB,LOJA-WEB,returned,2024-12-22T04:42:57,1309.76,255.56,88.66,1142.86,SKU-2140,2,654.88,127.78,44.33,571.43,True
PED-00254,CLI-10017,CH-WEB,LOJA-WEB,returned,2024-12-22T04:42:57,1529.92,255.56,110.02,1384.38,SKU-2018,2,110.08,0.0,10.68,120.76,False
PED-00254,CLI-10017,CH-WEB,LOJA-WEB,returned,2024-12-22T04:42:57,1555.22,255.56,112.38,1412.04,SKU-2074,1,25.3,0.0,2.36,27.66,False
PED-00254,CLI-10017,CH-WEB,LOJA-WEB,returned,2024-12-22T04:42:57,4294.78,255.56,335.78,4375.0,SKU-2017,1,2739.56,0.0,223.4,2962.96,False
PED-00255,CLI-10017,CH-WEB,LOJA-WEB,delivered,2024-12-25T02:36:18,71.96,0.0,7.56,79.52,SKU-2080,1,71.96,0.0,7.56,79.52,False
PED-00255,CLI-10017,CH-WEB,LOJA-WEB,delivered,2024-12-25T02:36:18,278.6,0.0,24.21,302.81,SKU-2109,3,68.88,0.0,5.55,74.43,False
PED-00255,CLI-10017,CH-WEB,LOJA-WEB,delivered,2024-12-25T02:36:18,491.96,0.0,45.83,537.79,SKU-2043,2,106.68,0.0,10.81,117.49,False
PED-00256,CLI-10017,CH-WEB,LOJA-WEB,delivered,2024-12-30T01:39:48,108.48,0.0,11.82,120.3,SKU-2044,3,36.16,0.0,3.94,40.1,False
PED-00257,CLI-10017,CH-WEB,LOJA-WEB,delivered,2024-12-31T06:33:27,692.16,0.0,65.21,757.37,SKU-2019,1,692.16,0.0,65.21,757.37,False
PED-00258,CLI-10017,CH-WEB,LOJA-WEB,delivered,2025-01-07T04:14:50,942.16,0.0,112.98,1055.14,SKU-2141,2,471.08,0.0,56.49,527.57,False
PED-00259,CLI-10017,CH-WEB,LOJA-WEB,delivered,2025-01-19T02:10:38,47.19,5.79,2.1,43.5,SKU-2034,3,15.73,1.93,0.7,14.5,True
PED-00259,CLI-10017,CH-WEB,LOJA-WEB,delivered,2025-01-19T02:10:38,1138.81,5.79,118.31,1251.33,SKU-2118,1,1091.62,0.0,116.21,1207.83,False
PED-00259,CLI-10017,CH-WEB,LOJA-WEB,delivered,2025-01-19T02:10:38,4854.85,5.79,501.08,5350.14,SKU-2128,3,1238.68,0.0,127.59,1366.27,False
PED-00260,CLI-10017,CH-WEB,LOJA-WEB,delivered,2025-01-20T11:24:06,146.69,0.0,12.34,159.03,SKU-2123,1,146.69,0.0,12.34,159.03,False
PED-00260,CLI-10017,CH-WEB,LOJA-WEB,delivered,2025-01-20T11:24:06,253.2,0.0,19.41,272.61,SKU-2091,1,106.51,0.0,7.07,113.58,False
PED-00261,CLI-10017,CH-WEB,LOJA-WEB,delivered,2025-01-26T07:10:08,257.31,0.0,24.27,281.58,SKU-2011,3,85.77,0.0,8.09,93.86,False
PED-00261,CLI-10017,CH-WEB,LOJA-WEB,delivered,2025-01-26T07:10:08,905.01,0.0,68.59,973.6,SKU-2010,2,323.85,0.0,22.16,346.01,False
PED-00261,CLI-10017,CH-WEB,LOJA-WEB,delivered,2025-01-26T07:10:08,2207.97,0.0,168.1,2376.07,SKU-2082,3,434.32,0.0,33.17,467.49,False
PED-00261,CLI-10017,CH-WEB,LOJA-WEB,delivered,2025-01-26T07:10:08,10224.59,0.0,935.56,11160.15,SKU-2026,2,4008.31,0.0,383.73,4392.04,False
PED-00262,CLI-10017,CH-WEB,LOJA-WEB,cancelled,2025-02-01T02:27:03,266.67,60.39,16.68,222.96,SKU-2090,3,88.89,20.13,5.56,74.32,True
PED-00262,CLI-10017,CH-WEB,LOJA-WEB,cancelled,2025-02-01T02:27:03,2086.27,385.54,113.53,1814.26,SKU-2088,1,1819.6,325.15,96.85,1591.3,True
PED-00262,CLI-10017,CH-WEB,LOJA-WEB,cancelled,2025-02-01T02:27:03,2102.28,385.54,115.01,1831.75,SKU-2124,1,16.01,0.0,1.48,17.49,False
PED-00262,CLI-10017,CH-WEB,LOJA-WEB,cancelled,2025-02-01T02:27:03,2248.97,385.54,126.6,1990.03,SKU-2123,1,146.69,0.0,11.59,158.28,False
PED-00263,CLI-10017,CH-WEB,LOJA-WEB,delivered,2025-02-02T01:29:44,26.48,4.36,1.36,23.48,SKU-2105,1,26.48,4.36,1.36,23.48,True
PED-00263,CLI-10017,CH-WEB,LOJA-WEB,delivered,2025-02-02T01:29:44,58.97,4.36,5.02,59.63,SKU-2005,3,10.83,0.0,1.22,12.05,False
PED-00264,CLI-10017,CH-WEB,LOJA-WEB,delivered,2025-02-03T12:20:56,18.57,0.0,2.22,20.79,SKU-2144,1,18.57,0.0,2.22,20.79,False
PED-00264,CLI-10017,CH-WEB,LOJA-WEB,delivered,2025-02-03T12:20:56,116.25,0.0,12.78,129.03,SKU-2004,2,48.84,0.0,5.28,54.12,False
PED-00264,CLI-10017,CH-WEB,LOJA-WEB,delivered,2025-02-03T12:20:56,1018.26,0.0,94.68,1112.94,SKU-2072,3,300.67,0.0,27.3,327.97,False
PED-00264,CLI-10017,CH-WEB,LOJA-WEB,delivered,2025-02-03T12:20:56,1662.04,0.0,149.89,1811.93,SKU-2021,1,643.78,0.0,55.21,698.99,False
PED-00265,CLI-10017,CH-WEB,LOJA-WEB,delivered,2025-02-12T18:00:42,3850.98,0.0,221.82,4072.8,SKU-2058,2,1925.49,0.0,110.91,2036.4,False
PED-00266,CLI-10017,CH-WEB,LOJA-WEB,delivered,2025-02-28T10:06:34,87.42,0.0,8.04,95.46,SKU-2024,2,43.71,0.0,4.02,47.73,False
PED-00266,CLI-10017,CH-WEB,LOJA-WEB,delivered,2025-02-28T10:06:34,132.09,0.0,10.65,142.74,SKU-2045,3,14.89,0.0,0.87,15.76,False
PED-00267,CLI-10017,CH-WEB,LOJA-WEB,confirmed,2025-03-01T12:51:40,143.4,0.0,9.48,152.88,SKU-2133,3,47.8,0.0,3.16,50.96,False
PED-00267,CLI-10017,CH-WEB,LOJA-WEB,confirmed,2025-03-01T12:51:40,2189.14,0.0,166.36,2355.5,SKU-2107,2,1022.87,0.0,78.44,1101.31,False
PED-00267,CLI-10017,CH-WEB,LOJA-WEB,confirmed,2025-03-01T12:51:40,2229.67,0.0,170.95,2400.62,SKU-2094,3,13.51,0.0,1.53,15.04,False
PED-00267,CLI-10017,CH-WEB,LOJA-WEB,confirmed,2025-03-01T12:51:40,2486.98,0.0,191.47,2678.45,SKU-2011,3,85.77,0.0,6.84,92.61,False
PED-00268,CLI-10017,CH-WEB,LOJA-WEB,delivered,2025-03-13T02:59:38,66.93,0.0,3.39,70.32,SKU-2065,3,22.31,0.0,1.13,23.44,False
PED-00268,CLI-10017,CH-WEB,LOJA-WEB,delivered,2025-03-13T02:59:38,3429.81,0.0,360.87,3790.68,SKU-2048,3,1120.96,0.0,119.16,1240.12,False
PED-00268,CLI-10017,CH-WEB,LOJA-WEB,delivered,2025-03-13T02:59:38,3650.69,0.0,374.31,4025.0,SKU-2001,2,110.44,0.0,6.72,117.16,False
PED-00268,CLI-10017,CH-WEB,LOJA-WEB,delivered,2025-03-13T02:59:38,16098.95,0.0,1224.42,17323.37,SKU-2147,3,4149.42,0.0,283.37,4432.79,False
PED-00269,CLI-10017,CH-WEB,LOJA-WEB,returned,2025-03-19T18:19:00,849.56,0.0,75.72,925.28,SKU-2052,2,424.78,0.0,37.86,462.64,False
PED-00269,CLI-10017,CH-WEB,LOJA-WEB,returned,2025-03-19T18:19:00,902.52,0.0,79.5,982.02,SKU-2105,2,26.48,0.0,1.89,28.37,False
PED-00269,CLI-10017,CH-WEB,LOJA-WEB,returned,2025-03-19T18:19:00,1844.68,0.0,152.86,1997.54,SKU-2141,2,471.08,0.0,36.68,507.76,False
PED-00269,CLI-10017,CH-WEB,LOJA-WEB,returned,2025-03-19T18:19:00,2198.14,0.0,186.85,2384.99,SKU-2142,1,353.46,0.0,33.99,387.45,False
PED-00270,CLI-10017,CH-WEB,LOJA-WEB,delivered,2025-03-24T11:39:51,406.06,0.0,37.76,443.82,SKU-2130,2,203.03,0.0,18.88,221.91,False
PED-00270,CLI-10017,CH-WEB,LOJA-WEB,delivered,2025-03-24T11:39:51,835.06,0.0,64.04,899.1,SKU-2102,3,143.0,0.0,8.76,151.76,False
PED-00271,CLI-10017,CH-APP,LOJA-02,cancelled,2025-03-24T12:40:49,699.12,40.24,50.66,709.54,SKU-2022,2,349.56,20.12,25.33,354.77,True
PED-00271,CLI-10017,CH-APP,LOJA-02,cancelled,2025-03-24T12:40:49,15579.22,40.24,1337.34,16876.32,SKU-2016,2,7440.05,0.0,643.34,8083.39,False
PED-00271,CLI-10017,CH-APP,LOJA-02,cancelled,2025-03-24T12:40:49,28956.73,40.24,2060.04,30976.53,SKU-2067,3,4459.17,0.0,240.9,4700.07,False
PED-00271,CLI-10017,CH-APP,LOJA-02,cancelled,2025-03-24T12:40:49,31683.4,40.24,2280.16,33923.32,SKU-2056,1,2726.67,0.0,220.12,2946.79,False
PED-00272,CLI-10017,CH-WEB,LOJA-WEB,delivered,2025-04-02T01:36:16,609.09,0.0,56.67,665.76,SKU-2130,3,203.03,0.0,18.89,221.92,False
PED-00273,CLI-10017,CH-WEB,LOJA-WEB,returned,2025-04-05T15:01:25,1111.4,0.0,86.32,1197.72,SKU-2070,2,555.7,0.0,43.16,598.86,False
PED-00274,CLI-10017,CH-WEB,LOJA-WEB,delivered,2025-04-11T10:44:03,1309.76,0.0,116.74,1426.5,SKU-2140,2,654.88,0.0,58.37,713.25,False
PED-00275,CLI-10017,CH-WEB,LOJA-WEB,delivered,2025-04-14T20:31:06,29890.05,2540.85,2336.61,29685.81,SKU-2116,3,9963.35,846.95,778.87,9895.27,True
PED-00275,CLI-10017,CH-WEB,LOJA-WEB,delivered,2025-04-14T20:31:06,30234.57,2578.35,2372.31,30028.53,SKU-2103,3,114.84,12.5,11.9,114.24,True
PED-00276,CLI-10017,CH-WEB,LOJA-WEB,confirmed,2025-05-09T22:01:32,136.62,0.0,14.08,150.7,SKU-2113,2,68.31,0.0,7.04,75.35,False
PED-00276,CLI-10017,CH-WEB,LOJA-WEB,confirmed,2025-05-09T22:01:32,4124.6,0.0,463.76,4588.36,SKU-2096,2,1993.99,0.0,224.84,2218.83,False
PED-00276,CLI-10017,CH-WEB,LOJA-WEB,confirmed,2025-05-09T22:01:32,4143.17,0.0,465.02,4608.19,SKU-2144,1,18.57,0.0,1.26,19.83,False
PED-00277,CLI-10017,CH-WEB,LOJA-WEB,delivered,2025-05-22T07:46:58,79.44,17.19,4.2,66.45,SKU-2105,3,26.48,5.73,1.4,22.15,True
PED-00277,CLI-10017,CH-WEB,LOJA-WEB,delivered,2025-05-22T07:46:58,168.33,17.19,13.3,164.44,SKU-2090,1,88.89,0.0,9.1,97.99,False
PED-00277,CLI-10017,CH-WEB,LOJA-WEB,delivered,2025-05-22T07:46:58,329.87,55.35,23.58,298.1,SKU-2132,2,80.77,19.08,5.14,66.83,True
PED-00278,CLI-10017,CH-WEB,LOJA-WEB,cancelled,2025-06-09T06:18:27,5863.96,0.0,651.44,6515.4,SKU-2127,1,5863.96,0.0,651.44,6515.4,False
PED-00278,CLI-10017,CH-WEB,LOJA-WEB,cancelled,2025-06-09T06:18:27,6509.09,0.0,721.4,7230.49,SKU-2051,1,645.13,0.0,69.96,715.09,False
PED-00279,CLI-10017,CH-WEB,LOJA-WEB,delivered,2025-06-12T18:37:08,10952.61,2425.11,998.22,9525.72,SKU-2126,3,3650.87,808.37,332.74,3175.24,True
PED-00280,CLI-10017,CH-WEB,LOJA-WEB,confirmed,2025-06-16T11:29:49,36.84,0.0,3.78,40.62,SKU-2125,2,18.42,0.0,1.89,20.31,False
PED-00280,CLI-10017,CH-WEB,LOJA-WEB,confirmed,2025-06-16T11:29:49,4707.13,980.08,311.85,4038.9,SKU-2046,1,4670.29,980.08,308.07,3998.28,True
PED-00280,CLI-10017,CH-WEB,LOJA-WEB,confirmed,2025-06-16T11:29:49,5316.22,1052.83,370.98,4634.37,SKU-2130,3,203.03,24.25,19.71,198.49,True
PED-00281,CLI-10017,CH-TELEVENDAS,LOJA-TELEVENDAS,delivered,2025-06-21T08:33:00,94.58,0.0,6.88,101.46,SKU-2053,2,47.29,0.0,3.44,50.73,False
PED-00282,CLI-10017,CH-WEB,LOJA-WEB,delivered,2025-06-23T18:09:23,2633.78,0.0,260.88,2894.66,SKU-2087,2,1316.89,0.0,130.44,1447.33,False
PED-00282,CLI-10017,CH-WEB,LOJA-WEB,delivered,2025-06-23T18:09:23,2718.96,0.0,267.52,2986.48,SKU-2093,2,42.59,0.0,3.32,45.91,False
PED-00282,CLI-10017,CH-WEB,LOJA-WEB,delivered,2025-06-23T18:09:23,10451.78,0.0,725.14,11176.92,SKU-2047,2,3866.41,0.0,228.81,4095.22,False
PED-00282,CLI-10017,CH-WEB,LOJA-WEB,delivered,2025-06-23T18:09:23,28043.66,0.0,2607.34,30651.0,SKU-2127,3,5863.96,0.0,627.4,6491.36,False
PED-00283,CLI-10017,CH-WEB,LOJA-WEB,confirmed,2025-07-06T18:26:19,9116.44,0.0,568.52,9684.96,SKU-2037,2,4558.22,0.0,284.26,4842.48,False
PED-00283,CLI-10017,CH-WEB,LOJA-WEB,confirmed,2025-07-06T18:26:19,9555.3,0.0,617.9,10173.2,SKU-2038,2,219.43,0.0,24.69,244.12,False
PED-00284,CLI-10017,CH-WEB,LOJA-WEB,delivered,2025-07-12T20:42:41,79.62,6.58,4.76,77.8,SKU-2143,2,39.81,3.29,2.38,38.9,True
PED-00284,CLI-10017,CH-WEB,LOJA-WEB,delivered,2025-07-12T20:42:41,115.86,6.58,8.16,117.44,SKU-2145,2,18.12,0.0,1.7,19.82,False
PED-00284,CLI-10017,CH-WEB,LOJA-WEB,delivered,2025-07-12T20:42:41,908.58,6.58,62.22,964.22,SKU-2012,2,396.36,0.0,27.03,423.39,False
PED-00285,CLI-10017,CH-WEB,LOJA-WEB,delivered,2025-07-19T08:54:03,1507.74,0.0,132.21,1639.95,SKU-2031,3,502.58,0.0,44.07,546.65,False
PED-00285,CLI-10017,CH-WEB,LOJA-WEB,delivered,2025-07-19T08:54:03,1941.92,0.0,174.37,2116.29,SKU-2089,2,217.09,0.0,21.08,238.17,False
PED-00285,CLI-10017,CH-WEB,LOJA-WEB,delivered,2025-07-19T08:54:03,2396.34,0.0,211.31,2607.65,SKU-2050,2,227.21,0.0,18.47,245.68,False
PED-00285,CLI-10017,CH-WEB,LOJA-WEB,delivered,2025-07-19T08:54:03,6545.76,0.0,502.0,7047.76,SKU-2147,1,4149.42,0.0,290.69,4440.11,False
PED-00286,CLI-10017,CH-WEB,LOJA-WEB,confirmed,2025-07-20T14:52:39,1022.87,121.44,64.85,966.28,SKU-2107,1,1022.87,121.44,64.85,966.28,True
PED-00286,CLI-10017,CH-WEB,LOJA-WEB,confirmed,2025-07-20T14:52:39,17497.25,121.44,1197.02,18572.83,SKU-2146,3,5491.46,0.0,377.39,5868.85,False
PED-00286,CLI-10017,CH-WEB,LOJA-WEB,confirmed,2025-07-20T14:52:39,17841.77,121.44,1235.66,18955.99,SKU-2103,3,114.84,0.0,12.88,127.72,False
PED-00287,CLI-10017,CH-WEB,LOJA-WEB,delivered,2025-08-11T21:57:56,26.48,0.0,2.55,29.03,SKU-2105,1,26.48,0.0,2.55,29.03,False
PED-00287,CLI-10017,CH-WEB,LOJA-WEB,delivered,2025-08-11T21:57:56,1274.6,0.0,71.94,1346.54,SKU-2042,3,416.04,0.0,23.13,439.17,False
PED-00287,CLI-10017,CH-WEB,LOJA-WEB,delivered,2025-08-11T21:57:56,5141.01,0.0,291.12,5432.13,SKU-2047,1,3866.41,0.0,219.18,4085.59,False
PED-00287,CLI-10017,CH-WEB,LOJA-WEB,delivered,2025-08-11T21:57:56,5162.67,0.0,292.24,5454.91,SKU-2005,2,10.83,0.0,0.56,11.39,False
PED-00288,CLI-10017,CH-FISICO,LOJA-05,delivered,2025-08-23T11:23:39,575.64,0.0,34.08,609.72,SKU-2079,2,287.82,0.0,17.04,304.86,False
PED-00288,CLI-10017,CH-FISICO,LOJA-05,delivered,2025-08-23T11:23:39,2501.13,351.81,207.54,2356.86,SKU-2058,1,1925.49,351.81,173.46,1747.14,True
PED-00288,CLI-10017,CH-FISICO,LOJA-05,delivered,2025-08-23T11:23:39,2622.17,351.81,217.56,2487.92,SKU-2063,2,60.52,0.0,5.01,65.53,False
PED-00288,CLI-10017,CH-FISICO,LOJA-05,delivered,2025-08-23T11:23:39,3524.18,351.81,297.3,3469.67,SKU-2072,3,300.67,0.0,26.58,327.25,False
PED-00289,CLI-10017,CH-WEB,LOJA-WEB,delivered,2025-09-16T03:35:02,37.14,0.0,3.1,40.24,SKU-2144,2,18.57,0.0,1.55,20.12,False
PED-00289,CLI-10017,CH-WEB,LOJA-WEB,delivered,2025-09-16T03:35:02,212.51,0.0,17.29,229.8,SKU-2111,1,175.37,0.0,14.19,189.56,False
PED-00289,CLI-10017,CH-WEB,LOJA-WEB,delivered,2025-09-16T03:35:02,234.93,0.0,18.65,253.58,SKU-2134,2,11.21,0.0,0.68,11.89,False
PED-00289,CLI-10017,CH-WEB,LOJA-WEB,delivered,2025-09-16T03:35:02,4478.44,904.19,383.83,3958.08,SKU-2136,1,4243.51,904.19,365.18,3704.5,True
PED-00290,CLI-10017,CH-TELEVENDAS,LOJA-TELEVENDAS,delivered,2025-09-21T04:55:13,50.6,0.0,5.66,56.26,SKU-2074,2,25.3,0.0,2.83,28.13,False
PED-00290,CLI-10017,CH-TELEVENDAS,LOJA-TELEVENDAS,delivered,2025-09-21T04:55:13,134.88,0.0,10.84,145.72,SKU-2059,2,42.14,0.0,2.59,44.73,False
PED-00290,CLI-10017,CH-TELEVENDAS,LOJA-TELEVENDAS,delivered,2025-09-21T04:55:13,466.2,0.0,46.63,512.83,SKU-2001,3,110.44,0.0,11.93,122.37,False
PED-00290,CLI-10017,CH-TELEVENDAS,LOJA-TELEVENDAS,delivered,2025-09-21T04:55:13,1121.08,0.0,98.73,1219.81,SKU-2140,1,654.88,0.0,52.1,706.98,False
PED-00291,CLI-10017,CH-WEB,LOJA-WEB,confirmed,2025-10-02T17:58:33,601.34,0.0,32.94,634.28,SKU-2072,2,300.67,0.0,16.47,317.14,False
PED-00291,CLI-10017,CH-WEB,LOJA-WEB,confirmed,2025-10-02T17:58:33,4844.85,0.0,434.3,5279.15,SKU-2136,1,4243.51,0.0,401.36,4644.87,False
PED-00291,CLI-10017,CH-WEB,LOJA-WEB,confirmed,2025-10-02T17:58:33,9768.9,0.0,921.95,10690.85,SKU-2068,3,1641.35,0.0,162.55,1803.9,False
PED-00292,CLI-10017,CH-WEB,LOJA-WEB,cancelled,2025-10-05T20:02:24,3866.41,0.0,227.16,4093.57,SKU-2047,1,3866.41,0.0,227.16,4093.57,False
PED-00293,CLI-10017,CH-WEB,LOJA-WEB,delivered,2025-10-05T21:37:06,863.46,0.0,63.12,926.58,SKU-2079,3,287.82,0.0,21.04,308.86,False
PED-00293,CLI-10017,CH-WEB,LOJA-WEB,delivered,2025-10-05T21:37:06,6727.42,1202.88,319.47,5844.01,SKU-2127,1,5863.96,1202.88,256.35,4917.43,True
PED-00293,CLI-10017,CH-WEB,LOJA-WEB,delivered,2025-10-05T21:37:06,6779.62,1202.88,325.35,5902.09,SKU-2095,2,26.1,0.0,2.94,29.04,False
PED-00293,CLI-10017,CH-WEB,LOJA-WEB,delivered,2025-10-05T21:37:06,8962.86,1202.88,561.09,8321.07,SKU-2118,2,1091.62,0.0,117.87,1209.49,False
PED-00294,CLI-10017,CH-WEB,LOJA-WEB,confirmed,2025-10-17T13:37:53,181.56,0.0,15.69,197.25,SKU-2063,3,60.52,0.0,5.23,65.75,False
PED-00294,CLI-10017,CH-WEB,LOJA-WEB,confirmed,2025-10-17T13:37:53,1428.13,0.0,137.48,1565.61,SKU-2008,1,1246.57,0.0,121.79,1368.36,False
PED-00294,CLI-10017,CH-WEB,LOJA-WEB,confirmed,2025-10-17T13:37:53,1882.55,0.0,165.24,2047.79,SKU-2050,2,227.21,0.0,13.88,241.09,False
PED-00294,CLI-10017,CH-WEB,LOJA-WEB,confirmed,2025-10-17T13:37:53,14633.03,3028.05,1005.9,12610.88,SKU-2117,3,4250.16,1009.35,280.22,3521.03,True
PED-00295,CLI-10017,CH-WEB,LOJA-WEB,confirmed,2025-10-25T16:34:02,2659.44,0.0,135.78,2795.22,SKU-2028,3,886.48,0.0,45.26,931.74,False
PED-00295,CLI-10017,CH-WEB,LOJA-WEB,confirmed,2025-10-25T16:34:02,3576.56,0.0,207.04,3783.6,SKU-2060,2,458.56,0.0,35.63,494.19,False
PED-00296,CLI-10017,CH-WEB,LOJA-WEB,delivered,2025-11-22T09:01:59,26.1,0.0,1.47,27.57,SKU-2095,1,26.1,0.0,1.47,27.57,False
PED-00296,CLI-10017,CH-WEB,LOJA-WEB,delivered,2025-11-22T09:01:59,1074.78,0.0,125.07,1199.85,SKU-2022,3,349.56,0.0,41.2,390.76,False
PED-00297,CLI-10017,CH-WEB,LOJA-WEB,delivered,2025-11-22T20:53:51,1108.56,0.0,131.6,1240.16,SKU-2032,2,554.28,0.0,65.8,620.08,False
PED-00298,CLI-10017,CH-WEB,LOJA-WEB,delivered,2025-12-04T03:40:39,21.66,0.0,1.46,23.12,SKU-2005,2,10.83,0.0,0.73,11.56,False
PED-00298,CLI-10017,CH-WEB,LOJA-WEB,delivered,2025-12-04T03:40:39,2015.65,0.0,162.23,2177.88,SKU-2096,1,1993.99,0.0,160.77,2154.76,False
PED-00299,CLI-10017,CH-WEB,LOJA-WEB,delivered,2025-12-13T16:26:41,1302.96,0.0,115.71,1418.67,SKU-2082,3,434.32,0.0,38.57,472.89,False
PED-00299,CLI-10017,CH-WEB,LOJA-WEB,delivered,2025-12-13T16:26:41,1402.01,0.0,123.78,1525.79,SKU-2119,1,99.05,0.0,8.07,107.12,False
PED-00299,CLI-10017,CH-WEB,LOJA-WEB,delivered,2025-12-13T16:26:41,2513.41,0.0,214.68,2728.09,SKU-2070,2,555.7,0.0,45.45,601.15,False
PED-00300,CLI-10017,CH-WEB,LOJA-WEB,confirmed,2025-12-19T07:31:48,550.41,0.0,59.07,609.48,SKU-2061,3,183.47,0.0,19.69,203.16,False
PED-00300,CLI-10017,CH-WEB,LOJA-WEB,confirmed,2025-12-19T07:31:48,984.73,0.0,95.91,1080.64,SKU-2082,1,434.32,0.0,36.84,471.16,False
PED-00300,CLI-10017,CH-WEB,LOJA-WEB,confirmed,2025-12-19T07:31:48,23304.88,0.0,1654.29,24959.17,SKU-2016,3,7440.05,0.0,519.46,7959.51,False
PED-00301,CLI-10017,CH-WEB,LOJA-WEB,confirmed,2025-12-22T09:59:03,14.89,0.0,0.94,15.83,SKU-2045,1,14.89,0.0,0.94,15.83,False
PED-00301,CLI-10017,CH-WEB,LOJA-WEB,confirmed,2025-12-22T09:59:03,1261.46,0.0,136.24,1397.7,SKU-2008,1,1246.57,0.0,135.3,1381.87,False
PED-00302,CLI-10017,CH-WEB,LOJA-WEB,delivered,2025-12-28T08:55:52,2726.67,0.0,313.54,3040.21,SKU-2056,1,2726.67,0.0,313.54,3040.21,False
PED-00302,CLI-10017,CH-WEB,LOJA-WEB,delivered,2025-12-28T08:55:52,2836.75,0.0,323.97,3160.72,SKU-2018,1,110.08,0.0,10.43,120.51,False
PED-00302,CLI-10017,CH-WEB,LOJA-WEB,delivered,2025-12-28T08:55:52,2927.13,0.0,334.43,3261.56,SKU-2003,2,45.19,0.0,5.23,50.42,False
PED-00303,CLI-10017,CH-WEB,LOJA-WEB,confirmed,2026-01-01T01:09:43,15.14,1.42,1.18,14.9,SKU-2135,2,7.57,0.71,0.59,7.45,True
PED-00303,CLI-10017,CH-WEB,LOJA-WEB,confirmed,2026-01-01T01:09:43,338.99,1.42,29.42,366.99,SKU-2010,1,323.85,0.0,28.24,352.09,False
PED-00303,CLI-10017,CH-WEB,LOJA-WEB,confirmed,2026-01-01T01:09:43,449.07,1.42,39.99,487.64,SKU-2018,1,110.08,0.0,10.57,120.65,False
PED-00304,CLI-10017,CH-WEB,LOJA-WEB,delivered,2026-01-24T13:43:52,8298.84,0.0,823.06,9121.9,SKU-2147,2,4149.42,0.0,411.53,4560.95,False
PED-00305,CLI-10017,CH-WEB,LOJA-WEB,delivered,2026-01-25T10:47:27,1378.38,0.0,122.0,1500.38,SKU-2040,2,689.19,0.0,61.0,750.19,False
PED-00305,CLI-10017,CH-WEB,LOJA-WEB,delivered,2026-01-25T10:47:27,9865.4,0.0,791.32,10656.72,SKU-2136,2,4243.51,0.0,334.66,4578.17,False
PED-00305,CLI-10017,CH-WEB,LOJA-WEB,delivered,2026-01-25T10:47:27,10070.33,0.0,811.99,10882.32,SKU-2113,3,68.31,0.0,6.89,75.2,False
PED-00306,CLI-10017,CH-WEB,LOJA-WEB,confirmed,2026-02-01T01:26:36,976.3,55.58,64.38,985.1,SKU-2092,2,488.15,27.79,32.19,492.55,True
PED-00306,CLI-10017,CH-WEB,LOJA-WEB,confirmed,2026-02-01T01:26:36,986.17,55.58,65.56,996.15,SKU-2115,1,9.87,0.0,1.18,11.05,False
PED-00306,CLI-10017,CH-WEB,LOJA-WEB,confirmed,2026-02-01T01:26:36,1003.21,59.78,66.4,1009.83,SKU-2114,2,8.52,2.1,0.42,6.84,True
PED-00307,CLI-10017,CH-WEB,LOJA-WEB,confirmed,2026-02-12T20:16:04,87.42,0.0,5.22,92.64,SKU-2024,2,43.71,0.0,2.61,46.32,False
PED-00307,CLI-10017,CH-WEB,LOJA-WEB,confirmed,2026-02-12T20:16:04,776.78,0.0,51.74,828.52,SKU-2009,2,344.68,0.0,23.26,367.94,False
PED-00308,CLI-10017,CH-WEB,LOJA-WEB,delivered,2026-02-15T16:40:48,1384.32,0.0,149.22,1533.54,SKU-2019,2,692.16,0.0,74.61,766.77,False
PED-00308,CLI-10017,CH-WEB,LOJA-WEB,delivered,2026-02-15T16:40:48,1827.72,0.0,196.83,2024.55,SKU-2083,3,147.8,0.0,15.87,163.67,False
PED-00309,CLI-10017,CH-TELEVENDAS,LOJA-TELEVENDAS,confirmed,2026-02-23T21:36:19,217.09,0.0,14.3,231.39,SKU-2089,1,217.09,0.0,14.3,231.39,False
PED-00309,CLI-10017,CH-TELEVENDAS,LOJA-TELEVENDAS,confirmed,2026-02-23T21:36:19,743.2,0.0,74.81,818.01,SKU-2111,3,175.37,0.0,20.17,195.54,False
PED-00309,CLI-10017,CH-TELEVENDAS,LOJA-TELEVENDAS,confirmed,2026-02-23T21:36:19,28817.02,0.0,2230.16,31047.18,SKU-2106,3,9357.94,0.0,718.45,10076.39,False
PED-00310,CLI-10017,CH-WEB,LOJA-WEB,delivered,2026-02-24T05:39:43,269.25,0.0,20.88,290.13,SKU-2039,3,89.75,0.0,6.96,96.71,False
PED-00310,CLI-10017,CH-WEB,LOJA-WEB,delivered,2026-02-24T05:39:43,1061.97,0.0,92.44,1154.41,SKU-2012,2,396.36,0.0,35.78,432.14,False
PED-00311,CLI-10017,CH-WEB,LOJA-WEB,delivered,2026-02-28T18:00:03,1931.34,250.77,94.05,1774.62,SKU-2021,3,643.78,83.59,31.35,591.54,True
PED-00311,CLI-10017,CH-WEB,LOJA-WEB,delivered,2026-02-28T18:00:03,3728.25,250.77,271.68,3749.16,SKU-2121,3,598.97,0.0,59.21,658.18,False
PED-00311,CLI-10017,CH-WEB,LOJA-WEB,delivered,2026-02-28T18:00:03,9219.71,250.77,622.41,9591.35,SKU-2146,1,5491.46,0.0,350.73,5842.19,False
PED-00312,CLI-10017,CH-WEB,LOJA-WEB,returned,2026-03-07T12:16:38,1007.92,0.0,73.22,1081.14,SKU-2062,2,503.96,0.0,36.61,540.57,False
PED-00312,CLI-10017,CH-WEB,LOJA-WEB,returned,2026-03-07T12:16:38,1338.16,60.87,94.67,1371.96,SKU-2018,3,110.08,20.29,7.15,96.94,True
PED-00313,CLI-10017,CH-WEB,LOJA-WEB,delivered,2026-03-10T14:22:05,320.04,0.0,17.01,337.05,SKU-2043,3,106.68,0.0,5.67,112.35,False
PED-00313,CLI-10017,CH-WEB,LOJA-WEB,delivered,2026-03-10T14:22:05,537.13,0.0,33.55,570.68,SKU-2089,1,217.09,0.0,16.54,233.63,False
PED-00313,CLI-10017,CH-WEB,LOJA-WEB,delivered,2026-03-10T14:22:05,742.06,0.0,45.4,787.46,SKU-2113,3,68.31,0.0,3.95,72.26,False
PED-00314,CLI-10018,CH-WEB,LOJA-WEB,delivered,2024-10-03T17:56:28,47.29,0.0,4.85,52.14,SKU-2053,1,47.29,0.0,4.85,52.14,False
PED-00314,CLI-10018,CH-WEB,LOJA-WEB,delivered,2024-10-03T17:56:28,3937.63,0.0,398.15,4335.78,SKU-2137,3,1296.78,0.0,131.1,1427.88,False
PED-00314,CLI-10018,CH-WEB,LOJA-WEB,delivered,2024-10-03T17:56:28,3976.14,0.0,401.88,4378.02,SKU-2054,1,38.51,0.0,3.73,42.24,False
PED-00315,CLI-10019,CH-WEB,LOJA-WEB,delivered,2024-11-05T10:10:23,5479.12,0.0,528.24,6007.36,SKU-2017,2,2739.56,0.0,264.12,3003.68,False
PED-00316,CLI-10019,CH-FISICO,LOJA-04,delivered,2025-01-09T16:04:29,609.09,0.0,38.4,647.49,SKU-2130,3,203.03,0.0,12.8,215.83,False
PED-00316,CLI-10019,CH-FISICO,LOJA-04,delivered,2025-01-09T16:04:29,718.32,0.0,48.15,766.47,SKU-2025,3,36.41,0.0,3.25,39.66,False
PED-00316,CLI-10019,CH-FISICO,LOJA-04,delivered,2025-01-09T16:04:29,934.2,21.48,65.07,977.79,SKU-2080,3,71.96,7.16,5.64,70.44,True
PED-00316,CLI-10019,CH-FISICO,LOJA-04,delivered,2025-01-09T16:04:29,966.22,21.48,68.33,1013.07,SKU-2124,2,16.01,0.0,1.63,17.64,False
PED-00317,CLI-10020,CH-FISICO,LOJA-01,returned,2024-05-19T06:22:13,706.92,0.0,52.26,759.18,SKU-2142,2,353.46,0.0,26.13,379.59,False
PED-00318,CLI-10020,CH-FISICO,LOJA-01,delivered,2024-06-09T16:52:15,28073.82,6853.02,2412.42,23633.22,SKU-2106,3,9357.94,2284.34,804.14,7877.74,True
PED-00318,CLI-10020,CH-FISICO,LOJA-01,delivered,2024-06-09T16:52:15,28440.76,6853.02,2434.16,24021.9,SKU-2061,2,183.47,0.0,10.87,194.34,False
PED-00319,CLI-10020,CH-FISICO,LOJA-01,delivered,2024-10-14T00:28:18,287.82,0.0,32.71,320.53,SKU-2079,1,287.82,0.0,32.71,320.53,False
PED-00319,CLI-10020,CH-FISICO,LOJA-01,delivered,2024-10-14T00:28:18,299.03,0.0,33.71,332.74,SKU-2134,1,11.21,0.0,1.0,12.21,False
PED-00320,CLI-10021,CH-APP,LOJA-02,confirmed,2024-04-28T13:46:18,26.48,0.0,1.52,28.0,SKU-2105,1,26.48,0.0,1.52,28.0,False
PED-00320,CLI-10021,CH-APP,LOJA-02,confirmed,2024-04-28T13:46:18,7806.37,1923.12,547.29,6430.54,SKU-2077,1,7779.89,1923.12,545.77,6402.54,True
PED-00320,CLI-10021,CH-APP,LOJA-02,confirmed,2024-04-28T13:46:18,8011.3,1923.12,560.85,6649.03,SKU-2113,3,68.31,0.0,4.52,72.83,False
PED-00320,CLI-10021,CH-APP,LOJA-02,confirmed,2024-04-28T13:46:18,8567.0,1923.12,589.65,7233.53,SKU-2070,1,555.7,0.0,28.8,584.5,False
PED-00321,CLI-10021,CH-TELEVENDAS,LOJA-TELEVENDAS,delivered,2024-05-10T10:05:06,18.42,0.0,1.45,19.87,SKU-2125,1,18.42,0.0,1.45,19.87,False
PED-00321,CLI-10021,CH-TELEVENDAS,LOJA-TELEVENDAS,delivered,2024-05-10T10:05:06,617.39,0.0,71.24,688.63,SKU-2121,1,598.97,0.0,69.79,668.76,False
PED-00321,CLI-10021,CH-TELEVENDAS,LOJA-TELEVENDAS,delivered,2024-05-10T10:05:06,626.24,0.0,72.29,698.53,SKU-2035,1,8.85,0.0,1.05,9.9,False
PED-00321,CLI-10021,CH-TELEVENDAS,LOJA-TELEVENDAS,delivered,2024-05-10T10:05:06,987.74,85.1,105.18,1007.82,SKU-2041,1,361.5,85.1,32.89,309.29,True
PED-00322,CLI-10021,CH-APP,LOJA-02,delivered,2024-05-15T16:33:58,68.88,0.0,7.42,76.3,SKU-2109,1,68.88,0.0,7.42,76.3,False
PED-00322,CLI-10021,CH-APP,LOJA-02,delivered,2024-05-15T16:33:58,413.4,0.0,39.4,452.8,SKU-2103,3,114.84,0.0,10.66,125.5,False
PED-00323,CLI-10021,CH-APP,LOJA-02,confirmed,2024-05-22T17:49:27,47.8,0.0,5.16,52.96,SKU-2133,1,47.8,0.0,5.16,52.96,False
PED-00324,CLI-10021,CH-APP,LOJA-02,delivered,2024-07-04T15:37:04,706.92,0.0,66.56,773.48,SKU-2142,2,353.46,0.0,33.28,386.74,False
PED-00325,CLI-10021,CH-APP,LOJA-02,delivered,2024-07-07T08:16:28,2183.24,0.0,117.5,2300.74,SKU-2118,2,1091.62,0.0,58.75,1150.37,False
PED-00325,CLI-10021,CH-APP,LOJA-02,delivered,2024-07-07T08:16:28,3431.36,0.0,220.4,3651.76,SKU-2042,3,416.04,0.0,34.3,450.34,False
PED-00325,CLI-10021,CH-APP,LOJA-02,delivered,2024-07-07T08:16:28,6111.5,0.0,489.98,6601.48,SKU-2108,3,893.38,0.0,89.86,983.24,False
PED-00326,CLI-10021,CH-APP,LOJA-02,delivered,2024-07-19T03:39:20,402.88,0.0,25.18,428.06,SKU-2100,2,201.44,0.0,12.59,214.03,False
PED-00326,CLI-10021,CH-APP,LOJA-02,delivered,2024-07-19T03:39:20,482.32,0.0,34.12,516.44,SKU-2105,3,26.48,0.0,2.98,29.46,False
PED-00327,CLI-10021,CH-APP,LOJA-02,delivered,2024-07-19T21:24:40,502.58,0.0,47.44,550.02,SKU-2031,1,502.58,0.0,47.44,550.02,False
PED-00327,CLI-10021,CH-APP,LOJA-02,delivered,2024-07-19T21:24:40,666.87,0.0,60.07,726.94,SKU-2023,1,164.29,0.0,12.63,176.92,False
PED-00328,CLI-10021,CH-APP,LOJA-02,delivered,2024-07-25T12:04:10,257.31,0.0,15.78,273.09,SKU-2011,3,85.77,0.0,5.26,91.03,False
PED-00328,CLI-10021,CH-APP,LOJA-02,delivered,2024-07-25T12:04:10,363.99,0.0,26.43,390.42,SKU-2043,1,106.68,0.0,10.65,117.33,False
PED-00328,CLI-10021,CH-APP,LOJA-02,delivered,2024-07-25T12:04:10,417.25,0.0,31.81,449.06,SKU-2085,2,26.63,0.0,2.69,29.32,False
PED-00328,CLI-10021,CH-APP,LOJA-02,delivered,2024-07-25T12:04:10,454.39,0.0,34.13,488.52,SKU-2144,2,18.57,0.0,1.16,19.73,False
PED-00329,CLI-10021,CH-FISICO,LOJA-01,delivered,2024-08-19T18:51:14,168.66,0.0,14.05,182.71,SKU-2139,1,168.66,0.0,14.05,182.71,False
PED-00329,CLI-10021,CH-FISICO,LOJA-01,delivered,2024-08-19T18:51:14,389.54,0.0,34.39,423.93,SKU-2001,2,110.44,0.0,10.17,120.61,False
PED-00329,CLI-10021,CH-FISICO,LOJA-01,delivered,2024-08-19T18:51:14,4040.41,0.0,356.81,4397.22,SKU-2126,1,3650.87,0.0,322.42,3973.29,False
PED-00329,CLI-10021,CH-FISICO,LOJA-01,delivered,2024-08-19T18:51:14,5416.09,0.0,504.56,5920.65,SKU-2060,3,458.56,0.0,49.25,507.81,False
PED-00330,CLI-10021,CH-FISICO,LOJA-01,delivered,2024-08-21T09:14:57,12448.26,0.0,1424.43,13872.69,SKU-2147,3,4149.42,0.0,474.81,4624.23,False
PED-00331,CLI-10021,CH-APP,LOJA-02,delivered,2024-08-25T14:36:18,19926.7,0.0,1126.24,21052.94,SKU-2116,2,9963.35,0.0,563.12,10526.47,False
PED-00331,CLI-10021,CH-APP,LOJA-02,delivered,2024-08-25T14:36:18,22602.42,0.0,1428.14,24030.56,SKU-2148,2,1337.86,0.0,150.95,1488.81,False
PED-00332,CLI-10021,CH-APP,LOJA-02,delivered,2024-09-05T17:30:14,47.19,0.0,3.06,50.25,SKU-2034,3,15.73,0.0,1.02,16.75,False
PED-00332,CLI-10021,CH-APP,LOJA-02,delivered,2024-09-05T17:30:14,549.77,0.0,32.03,581.8,SKU-2031,1,502.58,0.0,28.97,531.55,False
PED-00332,CLI-10021,CH-APP,LOJA-02,delivered,2024-09-05T17:30:14,2216.87,0.0,177.11,2393.98,SKU-2070,3,555.7,0.0,48.36,604.06,False
PED-00332,CLI-10021,CH-APP,LOJA-02,delivered,2024-09-05T17:30:14,2226.01,0.0,178.01,2404.02,SKU-2084,1,9.14,0.0,0.9,10.04,False
PED-00333,CLI-10021,CH-APP,LOJA-02,delivered,2024-10-09T07:14:43,24362.85,0.0,1439.37,25802.22,SKU-2066,3,8120.95,0.0,479.79,8600.74,False
PED-00333,CLI-10021,CH-APP,LOJA-02,delivered,2024-10-09T07:14:43,24396.48,0.0,1442.76,25839.24,SKU-2134,3,11.21,0.0,1.13,12.34,False
PED-00333,CLI-10021,CH-APP,LOJA-02,delivered,2024-10-09T07:14:43,32695.32,0.0,1962.22,34657.54,SKU-2147,2,4149.42,0.0,259.73,4409.15,False
PED-00334,CLI-10021,CH-APP,LOJA-02,delivered,2024-10-18T22:53:38,297.15,0.0,30.21,327.36,SKU-2119,3,99.05,0.0,10.07,109.12,False
PED-00335,CLI-10021,CH-APP,LOJA-02,delivered,2024-10-26T10:22:11,119.43,0.0,8.34,127.77,SKU-2143,3,39.81,0.0,2.78,42.59,False
PED-00335,CLI-10021,CH-APP,LOJA-02,delivered,2024-10-26T10:22:11,157.94,0.0,11.63,169.57,SKU-2054,1,38.51,0.0,3.29,41.8,False
PED-00335,CLI-10021,CH-APP,LOJA-02,delivered,2024-10-26T10:22:11,547.92,0.0,34.23,582.15,SKU-2002,2,194.99,0.0,11.3,206.29,False
PED-00336,CLI-10021,CH-APP,LOJA-02,cancelled,2024-10-30T09:06:23,83.84,0.0,7.0,90.84,SKU-2049,2,41.92,0.0,3.5,45.42,False
PED-00336,CLI-10021,CH-APP,LOJA-02,cancelled,2024-10-30T09:06:23,102.12,0.0,8.74,110.86,SKU-2084,2,9.14,0.0,0.87,10.01,False
PED-00337,CLI-10021,CH-APP,LOJA-02,delivered,2024-11-07T02:28:56,3274.86,0.0,329.94,3604.8,SKU-2118,3,1091.62,0.0,109.98,1201.6,False
PED-00337,CLI-10021,CH-APP,LOJA-02,delivered,2024-11-07T02:28:56,3327.82,0.0,332.66,3660.48,SKU-2105,2,26.48,0.0,1.36,27.84,False
PED-00337,CLI-10021,CH-APP,LOJA-02,delivered,2024-11-07T02:28:56,3391.06,0.0,339.35,3730.41,SKU-2014,3,21.08,0.0,2.23,23.31,False
PED-00338,CLI-10021,CH-APP,LOJA-02,delivered,2024-11-10T12:27:22,12262.0,0.0,1336.18,13598.18,SKU-2086,2,6131.0,0.0,668.09,6799.09,False
PED-00339,CLI-10021,CH-APP,LOJA-02,confirmed,2024-11-14T09:11:13,143.92,32.44,8.48,119.96,SKU-2080,2,71.96,16.22,4.24,59.98,True
PED-00339,CLI-10021,CH-APP,LOJA-02,confirmed,2024-11-14T09:11:13,2637.06,32.44,185.9,2790.52,SKU-2008,2,1246.57,0.0,88.71,1335.28,False
PED-00339,CLI-10021,CH-APP,LOJA-02,confirmed,2024-11-14T09:11:13,3084.79,32.44,209.46,3261.81,SKU-2069,1,447.73,0.0,23.56,471.29,False
PED-00340,CLI-10021,CH-APP,LOJA-02,confirmed,2024-11-15T03:26:37,2241.92,0.0,194.28,2436.2,SKU-2048,2,1120.96,0.0,97.14,1218.1,False
PED-00340,CLI-10021,CH-APP,LOJA-02,confirmed,2024-11-15T03:26:37,4875.7,0.0,486.7,5362.4,SKU-2087,2,1316.89,0.0,146.21,1463.1,False
PED-00341,CLI-10021,CH-APP,LOJA-02,delivered,2024-12-06T21:54:57,8500.32,0.0,735.82,9236.14,SKU-2117,2,4250.16,0.0,367.91,4618.07,False
PED-00342,CLI-10022,CH-FISICO,LOJA-01,delivered,2025-01-02T23:41:19,47.29,0.0,4.13,51.42,SKU-2053,1,47.29,0.0,4.13,51.42,False
PED-00342,CLI-10022,CH-FISICO,LOJA-01,delivered,2025-01-02T23:41:19,915.93,0.0,64.15,980.08,SKU-2082,2,434.32,0.0,30.01,464.33,False
PED-00342,CLI-10022,CH-FISICO,LOJA-01,delivered,2025-01-02T23:41:19,1561.06,0.0,97.1,1658.16,SKU-2051,1,645.13,0.0,32.95,678.08,False
PED-00343,CLI-10023,CH-FISICO,LOJA-03,delivered,2024-09-01T07:21:04,330.24,0.0,29.01,359.25,SKU-2018,3,110.08,0.0,9.67,119.75,False
PED-00343,CLI-10023,CH-FISICO,LOJA-03,delivered,2024-09-01T07:21:04,618.06,41.49,52.97,629.54,SKU-2079,1,287.82,41.49,23.96,270.29,True
PED-00344,CLI-10024,CH-TELEVENDAS,LOJA-TELEVENDAS,confirmed,2024-03-29T09:33:33,297.15,0.0,31.77,328.92,SKU-2119,3,99.05,0.0,10.59,109.64,False
PED-00345,CLI-10024,CH-TELEVENDAS,LOJA-TELEVENDAS,delivered,2024-04-03T17:05:02,1397.79,0.0,105.45,1503.24,SKU-2120,3,465.93,0.0,35.15,501.08,False
PED-00345,CLI-10024,CH-TELEVENDAS,LOJA-TELEVENDAS,delivered,2024-04-03T17:05:02,1439.93,0.0,109.52,1549.45,SKU-2059,1,42.14,0.0,4.07,46.21,False
PED-00345,CLI-10024,CH-TELEVENDAS,LOJA-TELEVENDAS,delivered,2024-04-03T17:05:02,5149.05,0.0,302.84,5451.89,SKU-2057,2,1854.56,0.0,96.66,1951.22,False
PED-00345,CLI-10024,CH-TELEVENDAS,LOJA-TELEVENDAS,delivered,2024-04-03T17:05:02,14254.13,0.0,1063.16,15317.29,SKU-2036,2,4552.54,0.0,380.16,4932.7,False
PED-00346,CLI-10024,CH-TELEVENDAS,LOJA-TELEVENDAS,delivered,2024-04-06T12:02:32,344.52,0.0,25.08,369.6,SKU-2103,3,114.84,0.0,8.36,123.2,False
PED-00347,CLI-10024,CH-TELEVENDAS,LOJA-TELEVENDAS,delivered,2024-04-19T17:29:02,366.94,0.0,27.1,394.04,SKU-2061,2,183.47,0.0,13.55,197.02,False
PED-00347,CLI-10024,CH-TELEVENDAS,LOJA-TELEVENDAS,delivered,2024-04-19T17:29:02,1878.82,0.0,185.71,2064.53,SKU-2062,3,503.96,0.0,52.87,556.83,False
PED-00347,CLI-10024,CH-TELEVENDAS,LOJA-TELEVENDAS,delivered,2024-04-19T17:29:02,3188.58,0.0,282.57,3471.15,SKU-2140,2,654.88,0.0,48.43,703.31,False
PED-00347,CLI-10024,CH-TELEVENDAS,LOJA-TELEVENDAS,delivered,2024-04-19T17:29:02,5256.15,0.0,481.86,5738.01,SKU-2040,3,689.19,0.0,66.43,755.62,False
PED-00348,CLI-10024,CH-TELEVENDAS,LOJA-TELEVENDAS,delivered,2024-05-12T04:53:15,147.8,0.0,11.59,159.39,SKU-2083,1,147.8,0.0,11.59,159.39,False
PED-00348,CLI-10024,CH-TELEVENDAS,LOJA-TELEVENDAS,delivered,2024-05-12T04:53:15,1208.18,0.0,125.02,1333.2,SKU-2142,3,353.46,0.0,37.81,391.27,False
PED-00348,CLI-10024,CH-TELEVENDAS,LOJA-TELEVENDAS,delivered,2024-05-12T04:53:15,1295.6,0.0,133.34,1428.94,SKU-2024,2,43.71,0.0,4.16,47.87,False
PED-00348,CLI-10024,CH-TELEVENDAS,LOJA-TELEVENDAS,delivered,2024-05-12T04:53:15,1363.91,14.58,139.36,1488.69,SKU-2113,1,68.31,14.58,6.02,59.75,True
PED-00349,CLI-10024,CH-APP,LOJA-03,delivered,2024-05-20T16:59:57,147.55,0.0,16.44,163.99,SKU-2099,1,147.55,0.0,16.44,163.99,False
PED-00349,CLI-10024,CH-APP,LOJA-03,delivered,2024-05-20T16:59:57,8446.39,0.0,961.88,9408.27,SKU-2147,2,4149.42,0.0,472.72,4622.14,False
PED-00349,CLI-10024,CH-APP,LOJA-03,delivered,2024-05-20T16:59:57,8463.43,0.0,963.84,9427.27,SKU-2114,2,8.52,0.0,0.98,9.5,False
PED-00350,CLI-10024,CH-TELEVENDAS,LOJA-TELEVENDAS,delivered,2024-06-10T10:58:41,1662.84,0.0,83.25,1746.09,SKU-2032,3,554.28,0.0,27.75,582.03,False
PED-00350,CLI-10024,CH-TELEVENDAS,LOJA-TELEVENDAS,delivered,2024-06-10T10:58:41,1718.04,0.0,87.39,1805.43,SKU-2075,3,18.4,0.0,1.38,19.78,False
PED-00350,CLI-10024,CH-TELEVENDAS,LOJA-TELEVENDAS,delivered,2024-06-10T10:58:41,1772.3,0.0,90.99,1863.29,SKU-2015,2,27.13,0.0,1.8,28.93,False
PED-00350,CLI-10024,CH-TELEVENDAS,LOJA-TELEVENDAS,delivered,2024-06-10T10:58:41,1812.83,0.0,94.8,1907.63,SKU-2094,3,13.51,0.0,1.27,14.78,False
PED-00351,CLI-10024,CH-TELEVENDAS,LOJA-TELEVENDAS,delivered,2024-06-14T20:09:10,598.97,0.0,65.31,664.28,SKU-2121,1,598.97,0.0,65.31,664.28,False
PED-00351,CLI-10024,CH-TELEVENDAS,LOJA-TELEVENDAS,delivered,2024-06-14T20:09:10,616.67,0.0,66.39,683.06,SKU-2035,2,8.85,0.0,0.54,9.39,False
PED-00352,CLI-10024,CH-WEB,LOJA-WEB,delivered,2024-06-24T04:01:46,526.11,0.0,57.99,584.1,SKU-2111,3,175.37,0.0,19.33,194.7,False
PED-00352,CLI-10024,CH-WEB,LOJA-WEB,delivered,2024-06-24T04:01:46,573.3,0.0,61.77,635.07,SKU-2034,3,15.73,0.0,1.26,16.99,False
PED-00352,CLI-10024,CH-WEB,LOJA-WEB,delivered,2024-06-24T04:01:46,1217.08,0.0,113.07,1330.15,SKU-2021,1,643.78,0.0,51.3,695.08,False
PED-00352,CLI-10024,CH-WEB,LOJA-WEB,delivered,2024-06-24T04:01:46,1234.78,0.0,114.23,1349.01,SKU-2035,2,8.85,0.0,0.58,9.43,False
PED-00353,CLI-10024,CH-TELEVENDAS,LOJA-TELEVENDAS,delivered,2024-06-24T05:32:07,52.96,3.04,4.18,54.1,SKU-2105,2,26.48,1.52,2.09,27.05,True
PED-00353,CLI-10024,CH-TELEVENDAS,LOJA-TELEVENDAS,delivered,2024-06-24T05:32:07,390.28,3.04,32.42,419.66,SKU-2139,2,168.66,0.0,14.12,182.78,False
PED-00353,CLI-10024,CH-TELEVENDAS,LOJA-TELEVENDAS,delivered,2024-06-24T05:32:07,12838.54,2443.36,901.61,11296.79,SKU-2147,3,4149.42,813.44,289.73,3625.71,True
PED-00354,CLI-10024,CH-TELEVENDAS,LOJA-TELEVENDAS,delivered,2024-07-05T21:53:43,1007.92,0.0,97.22,1105.14,SKU-2062,2,503.96,0.0,48.61,552.57,False
PED-00355,CLI-10024,CH-TELEVENDAS,LOJA-TELEVENDAS,delivered,2024-07-15T14:31:53,3950.67,0.0,327.21,4277.88,SKU-2087,3,1316.89,0.0,109.07,1425.96,False
PED-00356,CLI-10024,CH-TELEVENDAS,LOJA-TELEVENDAS,delivered,2024-07-20T22:25:10,75.9,0.0,7.77,83.67,SKU-2074,3,25.3,0.0,2.59,27.89,False
PED-00356,CLI-10024,CH-TELEVENDAS,LOJA-TELEVENDAS,delivered,2024-07-20T22:25:10,1324.02,0.0,92.94,1416.96,SKU-2042,3,416.04,0.0,28.39,444.43,False
PED-00356,CLI-10024,CH-TELEVENDAS,LOJA-TELEVENDAS,delivered,2024-07-20T22:25:10,2358.06,0.0,156.87,2514.93,SKU-2009,3,344.68,0.0,21.31,365.99,False
PED-00357,CLI-10024,CH-TELEVENDAS,LOJA-TELEVENDAS,delivered,2024-08-28T23:41:45,48.03,9.93,2.58,40.68,SKU-2124,3,16.01,3.31,0.86,13.56,True
PED-00357,CLI-10024,CH-TELEVENDAS,LOJA-TELEVENDAS,delivered,2024-08-28T23:41:45,1979.37,9.93,215.13,2184.57,SKU-2021,3,643.78,0.0,70.85,714.63,False
PED-00357,CLI-10024,CH-TELEVENDAS,LOJA-TELEVENDAS,delivered,2024-08-28T23:41:45,2533.65,9.93,266.27,2789.99,SKU-2032,1,554.28,0.0,51.14,605.42,False
PED-00358,CLI-10024,CH-TELEVENDAS,LOJA-TELEVENDAS,delivered,2024-09-09T06:51:59,16241.9,0.0,1411.7,17653.6,SKU-2066,2,8120.95,0.0,705.85,8826.8,False
PED-00358,CLI-10024,CH-TELEVENDAS,LOJA-TELEVENDAS,delivered,2024-09-09T06:51:59,16700.46,0.0,1437.34,18137.8,SKU-2060,1,458.56,0.0,25.64,484.2,False
PED-00359,CLI-10024,CH-TELEVENDAS,LOJA-TELEVENDAS,delivered,2024-10-02T03:28:00,1665.54,0.0,181.42,1846.96,SKU-2098,1,1665.54,0.0,181.42,1846.96,False
PED-00359,CLI-10024,CH-TELEVENDAS,LOJA-TELEVENDAS,delivered,2024-10-02T03:28:00,2124.1,0.0,228.6,2352.7,SKU-2060,1,458.56,0.0,47.18,505.74,False
PED-00359,CLI-10024,CH-TELEVENDAS,LOJA-TELEVENDAS,delivered,2024-10-02T03:28:00,2509.74,55.07,256.15,2710.82,SKU-2112,1,385.64,55.07,27.55,358.12,True
PED-00359,CLI-10024,CH-TELEVENDAS,LOJA-TELEVENDAS,delivered,2024-10-02T03:28:00,3341.82,55.07,341.57,3628.32,SKU-2042,2,416.04,0.0,42.71,458.75,False
PED-00360,CLI-10024,CH-TELEVENDAS,LOJA-TELEVENDAS,delivered,2024-10-06T03:54:58,7.57,0.0,0.8,8.37,SKU-2135,1,7.57,0.0,0.8,8.37,False
PED-00360,CLI-10024,CH-TELEVENDAS,LOJA-TELEVENDAS,delivered,2024-10-06T03:54:58,358.31,0.0,41.96,400.27,SKU-2111,2,175.37,0.0,20.58,195.95,False
PED-00361,CLI-10024,CH-TELEVENDAS,LOJA-TELEVENDAS,delivered,2024-10-06T12:22:19,895.46,0.0,69.3,964.76,SKU-2069,2,447.73,0.0,34.65,482.38,False
PED-00361,CLI-10024,CH-TELEVENDAS,LOJA-TELEVENDAS,delivered,2024-10-06T12:22:19,975.35,0.0,77.4,1052.75,SKU-2085,3,26.63,0.0,2.7,29.33,False
PED-00361,CLI-10024,CH-TELEVENDAS,LOJA-TELEVENDAS,delivered,2024-10-06T12:22:19,5899.4,0.0,502.83,6402.23,SKU-2068,3,1641.35,0.0,141.81,1783.16,False
PED-00361,CLI-10024,CH-TELEVENDAS,LOJA-TELEVENDAS,delivered,2024-10-06T12:22:19,6008.63,0.0,509.67,6518.3,SKU-2025,3,36.41,0.0,2.28,38.69,False
PED-00362,CLI-10024,CH-TELEVENDAS,LOJA-TELEVENDAS,delivered,2024-10-15T21:55:47,11.21,0.0,0.84,12.05,SKU-2134,1,11.21,0.0,0.84,12.05,False
PED-00363,CLI-10024,CH-WEB,LOJA-WEB,cancelled,2024-10-18T08:31:24,502.58,0.0,29.7,532.28,SKU-2031,1,502.58,0.0,29.7,532.28,False
PED-00363,CLI-10024,CH-WEB,LOJA-WEB,cancelled,2024-10-18T08:31:24,1102.79,0.0,86.94,1189.73,SKU-2030,3,200.07,0.0,19.08,219.15,False
PED-00364,CLI-10024,CH-APP,LOJA-02,delivered,2024-10-20T01:46:03,19926.7,0.0,1961.9,21888.6,SKU-2116,2,9963.35,0.0,980.95,10944.3,False
PED-00365,CLI-10024,CH-TELEVENDAS,LOJA-TELEVENDAS,confirmed,2024-11-01T10:35:48,54.26,0.0,3.7,57.96,SKU-2015,2,27.13,0.0,1.85,28.98,False
PED-00365,CLI-10024,CH-TELEVENDAS,LOJA-TELEVENDAS,confirmed,2024-11-01T10:35:48,10349.86,0.0,568.5,10918.36,SKU-2097,2,5147.8,0.0,282.4,5430.2,False
PED-00365,CLI-10024,CH-TELEVENDAS,LOJA-TELEVENDAS,confirmed,2024-11-01T10:35:48,10497.41,0.0,577.72,11075.13,SKU-2099,1,147.55,0.0,9.22,156.77,False
PED-00366,CLI-10024,CH-TELEVENDAS,LOJA-TELEVENDAS,delivered,2024-11-02T17:57:31,204.93,0.0,10.74,215.67,SKU-2113,3,68.31,0.0,3.58,71.89,False
PED-00367,CLI-10024,CH-TELEVENDAS,LOJA-TELEVENDAS,delivered,2024-11-13T16:28:57,438.86,0.0,32.08,470.94,SKU-2038,2,219.43,0.0,16.04,235.47,False
PED-00367,CLI-10024,CH-TELEVENDAS,LOJA-TELEVENDAS,delivered,2024-11-13T16:28:57,1730.72,0.0,143.28,1874.0,SKU-2000,2,645.93,0.0,55.6,701.53,False
PED-00367,CLI-10024,CH-TELEVENDAS,LOJA-TELEVENDAS,delivered,2024-11-13T16:28:57,2420.08,0.0,197.24,2617.32,SKU-2009,2,344.68,0.0,26.98,371.66,False
PED-00367,CLI-10024,CH-TELEVENDAS,LOJA-TELEVENDAS,delivered,2024-11-13T16:28:57,2862.73,0.0,243.71,3106.44,SKU-2099,3,147.55,0.0,15.49,163.04,False
PED-00368,CLI-10024,CH-TELEVENDAS,LOJA-TELEVENDAS,confirmed,2024-11-13T17:09:05,1005.16,0.0,78.44,1083.6,SKU-2031,2,502.58,0.0,39.22,541.8,False
PED-00368,CLI-10024,CH-TELEVENDAS,LOJA-TELEVENDAS,confirmed,2024-11-13T17:09:05,1059.52,0.0,83.63,1143.15,SKU-2145,3,18.12,0.0,1.73,19.85,False
PED-00368,CLI-10024,CH-TELEVENDAS,LOJA-TELEVENDAS,confirmed,2024-11-13T17:09:05,3653.08,0.0,387.77,4040.85,SKU-2137,2,1296.78,0.0,152.07,1448.85,False
PED-00368,CLI-10024,CH-TELEVENDAS,LOJA-TELEVENDAS,confirmed,2024-11-13T17:09:05,3759.59,0.0,398.77,4158.36,SKU-2091,1,106.51,0.0,11.0,117.51,False
PED-00369,CLI-10024,CH-TELEVENDAS,LOJA-TELEVENDAS,cancelled,2024-11-15T14:59:33,7528.54,0.0,565.76,8094.3,SKU-2076,1,7528.54,0.0,565.76,8094.3,False
PED-00369,CLI-10024,CH-TELEVENDAS,LOJA-TELEVENDAS,cancelled,2024-11-15T14:59:33,7676.09,0.0,577.66,8253.75,SKU-2099,1,147.55,0.0,11.9,159.45,False
PED-00370,CLI-10024,CH-APP,LOJA-02,delivered,2024-11-15T22:19:54,5863.96,358.94,578.82,6083.84,SKU-2127,1,5863.96,358.94,578.82,6083.84,True
PED-00370,CLI-10024,CH-APP,LOJA-02,delivered,2024-11-15T22:19:54,10107.47,358.94,853.87,10602.4,SKU-2136,1,4243.51,0.0,275.05,4518.56,False
PED-00370,CLI-10024,CH-APP,LOJA-02,delivered,2024-11-15T22:19:54,10137.08,358.94,856.3,10634.44,SKU-2115,3,9.87,0.0,0.81,10.68,False
PED-00371,CLI-10024,CH-APP,LOJA-01,delivered,2024-12-03T08:58:01,36.84,0.0,3.44,40.28,SKU-2125,2,18.42,0.0,1.72,20.14,False
PED-00371,CLI-10024,CH-APP,LOJA-01,delivered,2024-12-03T08:58:01,85.68,0.0,6.33,92.01,SKU-2004,1,48.84,0.0,2.89,51.73,False
PED-00372,CLI-10024,CH-TELEVENDAS,LOJA-TELEVENDAS,confirmed,2024-12-03T19:18:50,213.36,0.0,19.86,233.22,SKU-2043,2,106.68,0.0,9.93,116.61,False
PED-00372,CLI-10024,CH-TELEVENDAS,LOJA-TELEVENDAS,confirmed,2024-12-03T19:18:50,7653.41,0.0,613.83,8267.24,SKU-2016,1,7440.05,0.0,593.97,8034.02,False
PED-00372,CLI-10024,CH-TELEVENDAS,LOJA-TELEVENDAS,confirmed,2024-12-03T19:18:50,10824.59,0.0,844.35,11668.94,SKU-2027,3,1057.06,0.0,76.84,1133.9,False
PED-00372,CLI-10024,CH-TELEVENDAS,LOJA-TELEVENDAS,confirmed,2024-12-03T19:18:50,11747.84,0.0,899.4,12647.24,SKU-2029,3,307.75,0.0,18.35,326.1,False
PED-00373,CLI-10024,CH-TELEVENDAS,LOJA-TELEVENDAS,delivered,2024-12-17T01:24:33,7440.05,0.0,459.52,7899.57,SKU-2016,1,7440.05,0.0,459.52,7899.57,False
PED-00373,CLI-10024,CH-TELEVENDAS,LOJA-TELEVENDAS,delivered,2024-12-17T01:24:33,7840.19,0.0,491.82,8332.01,SKU-2030,2,200.07,0.0,16.15,216.22,False
PED-00373,CLI-10024,CH-TELEVENDAS,LOJA-TELEVENDAS,delivered,2024-12-17T01:24:33,9507.29,116.7,661.29,10051.88,SKU-2070,3,555.7,38.9,56.49,573.29,True
PED-00374,CLI-10024,CH-TELEVENDAS,LOJA-TELEVENDAS,delivered,2024-12-29T16:58:24,699.12,0.0,73.72,772.84,SKU-2022,2,349.56,0.0,36.86,386.42,False
PED-00374,CLI-10024,CH-TELEVENDAS,LOJA-TELEVENDAS,delivered,2024-12-29T16:58:24,1300.46,0.0,112.46,1412.92,SKU-2072,2,300.67,0.0,19.37,320.04,False
PED-00375,CLI-10024,CH-TELEVENDAS,LOJA-TELEVENDAS,cancelled,2025-01-04T22:27:45,14010.87,0.0,1632.57,15643.44,SKU-2046,3,4670.29,0.0,544.19,5214.48,False
PED-00376,CLI-10024,CH-TELEVENDAS,LOJA-TELEVENDAS,delivered,2025-01-17T18:32:45,125.76,0.0,11.73,137.49,SKU-2049,3,41.92,0.0,3.91,45.83,False
PED-00376,CLI-10024,CH-TELEVENDAS,LOJA-TELEVENDAS,delivered,2025-01-17T18:32:45,725.97,0.0,61.23,787.2,SKU-2030,3,200.07,0.0,16.5,216.57,False
PED-00377,CLI-10024,CH-WEB,LOJA-WEB,delivered,2025-01-19T17:39:17,5863.96,0.0,410.21,6274.17,SKU-2127,1,5863.96,0.0,410.21,6274.17,False
PED-00377,CLI-10024,CH-WEB,LOJA-WEB,delivered,2025-01-19T17:39:17,5893.74,0.0,412.99,6306.73,SKU-2045,2,14.89,0.0,1.39,16.28,False
PED-00377,CLI-10024,CH-WEB,LOJA-WEB,delivered,2025-01-19T17:39:17,7272.12,273.04,539.81,7538.89,SKU-2040,2,689.19,136.52,63.41,616.08,True
PED-00377,CLI-10024,CH-WEB,LOJA-WEB,delivered,2025-01-19T17:39:17,7357.89,273.04,544.27,7629.12,SKU-2011,1,85.77,0.0,4.46,90.23,False
PED-00378,CLI-10024,CH-TELEVENDAS,LOJA-TELEVENDAS,delivered,2025-01-20T08:29:36,1022.87,0.0,74.49,1097.36,SKU-2107,1,1022.87,0.0,74.49,1097.36,False
PED-00378,CLI-10024,CH-TELEVENDAS,LOJA-TELEVENDAS,delivered,2025-01-20T08:29:36,1250.08,0.0,92.41,1342.49,SKU-2050,1,227.21,0.0,17.92,245.13,False
PED-00378,CLI-10024,CH-TELEVENDAS,LOJA-TELEVENDAS,delivered,2025-01-20T08:29:36,1397.88,0.0,102.08,1499.96,SKU-2083,1,147.8,0.0,9.67,157.47,False
PED-00379,CLI-10024,CH-TELEVENDAS,LOJA-TELEVENDAS,delivered,2025-01-25T22:14:17,29.78,0.0,2.8,32.58,SKU-2045,2,14.89,0.0,1.4,16.29,False
PED-00379,CLI-10024,CH-TELEVENDAS,LOJA-TELEVENDAS,delivered,2025-01-25T22:14:17,324.88,0.0,20.18,345.06,SKU-2099,2,147.55,0.0,8.69,156.24,False
PED-00379,CLI-10024,CH-TELEVENDAS,LOJA-TELEVENDAS,delivered,2025-01-25T22:14:17,403.18,0.0,25.64,428.82,SKU-2095,3,26.1,0.0,1.82,27.92,False
PED-00379,CLI-10024,CH-TELEVENDAS,LOJA-TELEVENDAS,delivered,2025-01-25T22:14:17,418.91,0.0,26.93,445.84,SKU-2034,1,15.73,0.0,1.29,17.02,False
PED-00380,CLI-10024,CH-TELEVENDAS,LOJA-TELEVENDAS,delivered,2025-01-29T11:13:36,4149.42,918.66,272.18,3502.94,SKU-2147,1,4149.42,918.66,272.18,3502.94,True
PED-00380,CLI-10024,CH-TELEVENDAS,LOJA-TELEVENDAS,delivered,2025-01-29T11:13:36,4620.5,918.66,323.33,4025.17,SKU-2141,1,471.08,0.0,51.15,522.23,False
PED-00381,CLI-10024,CH-TELEVENDAS,LOJA-TELEVENDAS,delivered,2025-02-09T11:35:28,526.11,0.0,59.97,586.08,SKU-2111,3,175.37,0.0,19.99,195.36,False
PED-00381,CLI-10024,CH-TELEVENDAS,LOJA-TELEVENDAS,delivered,2025-02-09T11:35:28,1863.97,0.0,131.0,1994.97,SKU-2148,1,1337.86,0.0,71.03,1408.89,False
PED-00381,CLI-10024,CH-TELEVENDAS,LOJA-TELEVENDAS,delivered,2025-02-09T11:35:28,7317.31,0.0,596.14,7913.45,SKU-2056,2,2726.67,0.0,232.57,2959.24,False
PED-00382,CLI-10024,CH-TELEVENDAS,LOJA-TELEVENDAS,delivered,2025-02-13T16:49:24,19.74,0.0,1.76,21.5,SKU-2115,2,9.87,0.0,0.88,10.75,False
PED-00383,CLI-10025,CH-FISICO,LOJA-02,delivered,2025-09-22T14:46:26,19926.7,0.0,2215.72,22142.42,SKU-2116,2,9963.35,0.0,1107.86,11071.21,False
PED-00384,CLI-10025,CH-FISICO,LOJA-02,delivered,2026-01-22T04:16:49,220.16,0.0,16.14,236.3,SKU-2018,2,110.08,0.0,8.07,118.15,False
PED-00385,CLI-10026,CH-APP,LOJA-03,cancelled,2024-05-09T17:25:27,146.78,0.0,7.76,154.54,SKU-2013,2,73.39,0.0,3.88,77.27,False
PED-00385,CLI-10026,CH-APP,LOJA-03,cancelled,2024-05-09T17:25:27,1919.74,0.0,165.76,2085.5,SKU-2028,2,886.48,0.0,79.0,965.48,False
PED-00385,CLI-10026,CH-APP,LOJA-03,cancelled,2024-05-09T17:25:27,3585.28,0.0,339.23,3924.51,SKU-2098,1,1665.54,0.0,173.47,1839.01,False
PED-00386,CLI-10027,CH-APP,LOJA-03,delivered,2024-04-14T05:38:56,1111.4,0.0,94.58,1205.98,SKU-2070,2,555.7,0.0,47.29,602.99,False
PED-00386,CLI-10027,CH-APP,LOJA-03,delivered,2024-04-14T05:38:56,1184.79,0.0,100.98,1285.77,SKU-2013,1,73.39,0.0,6.4,79.79,False
PED-00386,CLI-10027,CH-APP,LOJA-03,delivered,2024-04-14T05:38:56,23504.94,0.0,1923.15,25428.09,SKU-2016,3,7440.05,0.0,607.39,8047.44,False
PED-00386,CLI-10027,CH-APP,LOJA-03,delivered,2024-04-14T05:38:56,23557.14,0.0,1929.21,25486.35,SKU-2095,2,26.1,0.0,3.03,29.13,False
PED-00387,CLI-10027,CH-TELEVENDAS,LOJA-TELEVENDAS,delivered,2024-05-31T02:59:13,159.99,0.0,9.25,169.24,SKU-2073,1,159.99,0.0,9.25,169.24,False
PED-00387,CLI-10027,CH-TELEVENDAS,LOJA-TELEVENDAS,delivered,2024-05-31T02:59:13,852.15,0.0,86.25,938.4,SKU-2019,1,692.16,0.0,77.0,769.16,False
PED-00388,CLI-10027,CH-APP,LOJA-03,cancelled,2024-06-16T11:41:31,1197.94,0.0,113.96,1311.9,SKU-2121,2,598.97,0.0,56.98,655.95,False
PED-00388,CLI-10027,CH-APP,LOJA-03,cancelled,2024-06-16T11:41:31,4837.14,0.0,301.54,5138.68,SKU-2088,2,1819.6,0.0,93.79,1913.39,False
PED-00389,CLI-10027,CH-APP,LOJA-03,delivered,2024-07-16T08:31:30,443.4,0.0,31.62,475.02,SKU-2083,3,147.8,0.0,10.54,158.34,False
PED-00389,CLI-10027,CH-APP,LOJA-03,delivered,2024-07-16T08:31:30,459.41,0.0,32.76,492.17,SKU-2124,1,16.01,0.0,1.14,17.15,False
PED-00389,CLI-10027,CH-APP,LOJA-03,delivered,2024-07-16T08:31:30,474.55,0.0,33.92,508.47,SKU-2135,2,7.57,0.0,0.58,8.15,False
PED-00390,CLI-10027,CH-FISICO,LOJA-04,cancelled,2024-08-16T07:40:59,1296.78,0.0,141.03,1437.81,SKU-2137,1,1296.78,0.0,141.03,1437.81,False
PED-00390,CLI-10027,CH-FISICO,LOJA-04,cancelled,2024-08-16T07:40:59,1776.75,0.0,191.73,1968.48,SKU-2073,3,159.99,0.0,16.9,176.89,False
PED-00391,CLI-10027,CH-APP,LOJA-03,delivered,2024-08-18T09:09:29,24362.85,0.0,2353.17,26716.02,SKU-2066,3,8120.95,0.0,784.39,8905.34,False
PED-00391,CLI-10027,CH-APP,LOJA-03,delivered,2024-08-18T09:09:29,24389.87,0.0,2355.37,26745.24,SKU-2094,2,13.51,0.0,1.1,14.61,False
PED-00391,CLI-10027,CH-APP,LOJA-03,delivered,2024-08-18T09:09:29,28256.28,0.0,2581.57,30837.85,SKU-2047,1,3866.41,0.0,226.2,4092.61,False
PED-00391,CLI-10027,CH-APP,LOJA-03,delivered,2024-08-18T09:09:29,28681.06,0.0,2617.66,31298.72,SKU-2052,1,424.78,0.0,36.09,460.87,False
PED-00392,CLI-10027,CH-APP,LOJA-03,delivered,2024-08-28T12:54:14,55.2,0.0,5.85,61.05,SKU-2075,3,18.4,0.0,1.95,20.35,False
PED-00392,CLI-10027,CH-APP,LOJA-03,delivered,2024-08-28T12:54:14,1852.11,0.0,151.32,2003.43,SKU-2121,3,598.97,0.0,48.49,647.46,False
PED-00392,CLI-10027,CH-APP,LOJA-03,delivered,2024-08-28T12:54:14,1928.01,11.07,154.74,2071.68,SKU-2074,3,25.3,3.69,1.14,22.75,True
PED-00393,CLI-10027,CH-APP,LOJA-02,delivered,2024-08-30T14:21:37,63.24,0.0,7.29,70.53,SKU-2014,3,21.08,0.0,2.43,23.51,False
PED-00393,CLI-10027,CH-APP,LOJA-02,delivered,2024-08-30T14:21:37,147.08,0.0,11.97,159.05,SKU-2049,2,41.92,0.0,2.34,44.26,False
PED-00393,CLI-10027,CH-APP,LOJA-02,delivered,2024-08-30T14:21:37,708.06,0.0,77.63,785.69,SKU-2149,2,280.49,0.0,32.83,313.32,False
PED-00394,CLI-10027,CH-APP,LOJA-03,delivered,2024-09-07T21:56:32,976.3,0.0,107.16,1083.46,SKU-2092,2,488.15,0.0,53.58,541.73,False
PED-00395,CLI-10027,CH-APP,LOJA-03,delivered,2024-09-15T15:35:00,119.43,0.0,12.69,132.12,SKU-2143,3,39.81,0.0,4.23,44.04,False
PED-00395,CLI-10027,CH-APP,LOJA-03,delivered,2024-09-15T15:35:00,818.55,0.0,83.27,901.82,SKU-2022,2,349.56,0.0,35.29,384.85,False
PED-00395,CLI-10027,CH-APP,LOJA-03,delivered,2024-09-15T15:35:00,845.65,0.0,85.41,931.06,SKU-2055,2,13.55,0.0,1.07,14.62,False
PED-00395,CLI-10027,CH-APP,LOJA-03,delivered,2024-09-15T15:35:00,1050.58,0.0,97.71,1148.29,SKU-2113,3,68.31,0.0,4.1,72.41,False
PED-00396,CLI-10027,CH-APP,LOJA-03,delivered,2024-11-28T12:22:12,699.12,0.0,57.58,756.7,SKU-2022,2,349.56,0.0,28.79,378.35,False
PED-00396,CLI-10027,CH-APP,LOJA-03,delivered,2024-11-28T12:22:12,1030.44,0.0,77.32,1107.76,SKU-2001,3,110.44,0.0,6.58,117.02,False
PED-00396,CLI-10027,CH-APP,LOJA-03,delivered,2024-11-28T12:22:12,1074.8,0.0,80.44,1155.24,SKU-2104,1,44.36,0.0,3.12,47.48,False
PED-00396,CLI-10027,CH-APP,LOJA-03,delivered,2024-11-28T12:22:12,1970.26,192.74,156.62,1934.14,SKU-2069,2,447.73,96.37,38.09,389.45,True
PED-00397,CLI-10027,CH-APP,LOJA-03,delivered,2024-12-12T02:23:51,179.5,0.0,17.02,196.52,SKU-2039,2,89.75,0.0,8.51,98.26,False
PED-00398,CLI-10027,CH-APP,LOJA-03,delivered,2024-12-14T07:09:25,18.42,1.94,1.97,18.45,SKU-2125,1,18.42,1.94,1.97,18.45,True
PED-00398,CLI-10027,CH-APP,LOJA-03,delivered,2024-12-14T07:09:25,522.38,1.94,39.93,560.37,SKU-2062,1,503.96,0.0,37.96,541.92,False
PED-00399,CLI-10027,CH-APP,LOJA-03,delivered,2024-12-23T19:05:21,78.3,0.0,4.02,82.32,SKU-2095,3,26.1,0.0,1.34,27.44,False
PED-00400,CLI-10027,CH-TELEVENDAS,LOJA-TELEVENDAS,delivered,2025-01-07T05:50:51,895.46,0.0,101.94,997.4,SKU-2069,2,447.73,0.0,50.97,498.7,False
PED-00401,CLI-10027,CH-APP,LOJA-03,cancelled,2025-01-12T22:02:51,14010.87,0.0,1233.81,15244.68,SKU-2046,3,4670.29,0.0,411.27,5081.56,False
PED-00401,CLI-10027,CH-APP,LOJA-03,cancelled,2025-01-12T22:02:51,14098.29,0.0,1242.37,15340.66,SKU-2024,2,43.71,0.0,4.28,47.99,False
PED-00402,CLI-10027,CH-APP,LOJA-03,delivered,2025-02-01T02:16:05,13657.62,0.0,1427.46,15085.08,SKU-2036,3,4552.54,0.0,475.82,5028.36,False
PED-00402,CLI-10027,CH-APP,LOJA-03,delivered,2025-02-01T02:16:05,13748.0,0.0,1437.74,15185.74,SKU-2003,2,45.19,0.0,5.14,50.33,False
PED-00402,CLI-10027,CH-APP,LOJA-03,delivered,2025-02-01T02:16:05,13756.85,0.0,1438.49,15195.34,SKU-2035,1,8.85,0.0,0.75,9.6,False
PED-00403,CLI-10027,CH-APP,LOJA-03,delivered,2025-02-27T09:03:46,18715.88,0.0,1088.5,19804.38,SKU-2106,2,9357.94,0.0,544.25,9902.19,False
PED-00404,CLI-10027,CH-APP,LOJA-03,delivered,2025-02-27T16:02:20,136.62,0.0,9.74,146.36,SKU-2113,2,68.31,0.0,4.87,73.18,False
PED-00404,CLI-10027,CH-APP,LOJA-03,delivered,2025-02-27T16:02:20,280.02,0.0,19.13,299.15,SKU-2133,3,47.8,0.0,3.13,50.93,False
PED-00405,CLI-10027,CH-APP,LOJA-03,delivered,2025-03-02T05:08:46,1285.11,0.0,74.31,1359.42,SKU-2020,3,428.37,0.0,24.77,453.14,False
PED-00405,CLI-10027,CH-APP,LOJA-03,delivered,2025-03-02T05:08:46,2178.49,0.0,166.34,2344.83,SKU-2108,1,893.38,0.0,92.03,985.41,False
PED-00406,CLI-10028,CH-FISICO,LOJA-01,confirmed,2024-04-05T00:09:36,1274.34,0.0,80.19,1354.53,SKU-2052,3,424.78,0.0,26.73,451.51,False
PED-00407,CLI-10028,CH-WEB,LOJA-WEB,cancelled,2024-04-05T15:26:44,266.67,0.0,22.77,289.44,SKU-2090,3,88.89,0.0,7.59,96.48,False
PED-00407,CLI-10028,CH-WEB,LOJA-WEB,cancelled,2024-04-05T15:26:44,628.17,59.87,38.15,606.45,SKU-2041,1,361.5,59.87,15.38,317.01,True
PED-00407,CLI-10028,CH-WEB,LOJA-WEB,cancelled,2024-04-05T15:26:44,1866.85,59.87,183.69,1990.67,SKU-2128,1,1238.68,0.0,145.54,1384.22,False
PED-00408,CLI-10028,CH-WEB,LOJA-WEB,cancelled,2024-04-15T00:42:51,42.59,0.0,5.06,47.65,SKU-2093,1,42.59,0.0,5.06,47.65,False
PED-00408,CLI-10028,CH-WEB,LOJA-WEB,cancelled,2024-04-15T00:42:51,7775.41,0.0,514.88,8290.29,SKU-2047,2,3866.41,0.0,254.91,4121.32,False
PED-00408,CLI-10028,CH-WEB,LOJA-WEB,cancelled,2024-04-15T00:42:51,8161.05,0.0,542.65,8703.7,SKU-2112,1,385.64,0.0,27.77,413.41,False
PED-00408,CLI-10028,CH-WEB,LOJA-WEB,cancelled,2024-04-15T00:42:51,10275.17,0.0,668.47,10943.64,SKU-2027,2,1057.06,0.0,62.91,1119.97,False
PED-00409,CLI-10028,CH-WEB,LOJA-WEB,delivered,2024-04-23T04:38:57,7301.74,0.0,741.36,8043.1,SKU-2126,2,3650.87,0.0,370.68,4021.55,False
PED-00409,CLI-10028,CH-WEB,LOJA-WEB,delivered,2024-04-23T04:38:57,8224.99,0.0,816.21,9041.2,SKU-2029,3,307.75,0.0,24.95,332.7,False
PED-00409,CLI-10028,CH-WEB,LOJA-WEB,delivered,2024-04-23T04:38:57,13221.61,0.0,1410.54,14632.15,SKU-2098,3,1665.54,0.0,198.11,1863.65,False
PED-00410,CLI-10028,CH-WEB,LOJA-WEB,confirmed,2024-05-06T04:47:10,44.67,0.0,3.6,48.27,SKU-2045,3,14.89,0.0,1.2,16.09,False
PED-00410,CLI-10028,CH-WEB,LOJA-WEB,confirmed,2024-05-06T04:47:10,180.24,0.0,11.52,191.76,SKU-2003,3,45.19,0.0,2.64,47.83,False
PED-00410,CLI-10028,CH-WEB,LOJA-WEB,confirmed,2024-05-06T04:47:10,217.08,0.0,14.88,231.96,SKU-2125,2,18.42,0.0,1.68,20.1,False
PED-00411,CLI-10028,CH-WEB,LOJA-WEB,delivered,2024-05-23T13:27:25,18393.0,0.0,1440.18,19833.18,SKU-2086,3,6131.0,0.0,480.06,6611.06,False
PED-00411,CLI-10028,CH-WEB,LOJA-WEB,delivered,2024-05-23T13:27:25,19038.13,0.0,1505.19,20543.32,SKU-2051,1,645.13,0.0,65.01,710.14,False
PED-00412,CLI-10028,CH-WEB,LOJA-WEB,delivered,2024-05-31T22:13:51,319.53,0.0,33.15,352.68,SKU-2091,3,106.51,0.0,11.05,117.56,False
PED-00412,CLI-10028,CH-WEB,LOJA-WEB,delivered,2024-05-31T22:13:51,918.5,0.0,83.62,1002.12,SKU-2121,1,598.97,0.0,50.47,649.44,False
PED-00412,CLI-10028,CH-WEB,LOJA-WEB,delivered,2024-05-31T22:13:51,1033.34,0.0,90.44,1123.78,SKU-2103,1,114.84,0.0,6.82,121.66,False
PED-00412,CLI-10028,CH-WEB,LOJA-WEB,delivered,2024-05-31T22:13:51,1049.35,0.0,92.17,1141.52,SKU-2124,1,16.01,0.0,1.73,17.74,False
PED-00413,CLI-10028,CH-WEB,LOJA-WEB,delivered,2024-06-01T02:35:09,89.75,0.0,7.75,97.5,SKU-2039,1,89.75,0.0,7.75,97.5,False
PED-00413,CLI-10028,CH-WEB,LOJA-WEB,delivered,2024-06-01T02:35:09,15649.53,0.0,1005.67,16655.2,SKU-2077,2,7779.89,0.0,498.96,8278.85,False
PED-00413,CLI-10028,CH-WEB,LOJA-WEB,delivered,2024-06-01T02:35:09,15780.66,0.0,1016.86,16797.52,SKU-2024,3,43.71,0.0,3.73,47.44,False
PED-00414,CLI-10028,CH-WEB,LOJA-WEB,delivered,2024-06-12T04:53:40,699.26,0.0,50.36,749.62,SKU-2110,1,699.26,0.0,50.36,749.62,False
PED-00415,CLI-10028,CH-FISICO,LOJA-02,delivered,2024-06-16T07:45:49,575.64,0.0,51.7,627.34,SKU-2079,2,287.82,0.0,25.85,313.67,False
PED-00415,CLI-10028,CH-FISICO,LOJA-02,delivered,2024-06-16T07:45:49,870.74,0.0,80.62,951.36,SKU-2099,2,147.55,0.0,14.46,162.01,False
PED-00416,CLI-10028,CH-WEB,LOJA-WEB,delivered,2024-06-20T15:32:21,8918.34,0.0,463.48,9381.82,SKU-2067,2,4459.17,0.0,231.74,4690.91,False
PED-00416,CLI-10028,CH-WEB,LOJA-WEB,delivered,2024-06-20T15:32:21,12569.21,0.0,739.66,13308.87,SKU-2126,1,3650.87,0.0,276.18,3927.05,False
PED-00416,CLI-10028,CH-WEB,LOJA-WEB,delivered,2024-06-20T15:32:21,18551.18,0.0,1359.16,19910.34,SKU-2096,3,1993.99,0.0,206.5,2200.49,False
PED-00416,CLI-10028,CH-WEB,LOJA-WEB,delivered,2024-06-20T15:32:21,18817.85,0.0,1374.31,20192.16,SKU-2090,3,88.89,0.0,5.05,93.94,False
PED-00417,CLI-10028,CH-WEB,LOJA-WEB,delivered,2024-06-23T14:33:43,1375.68,258.09,123.87,1241.46,SKU-2060,3,458.56,86.03,41.29,413.82,True
PED-00417,CLI-10028,CH-WEB,LOJA-WEB,delivered,2024-06-23T14:33:43,1663.5,258.09,138.66,1544.07,SKU-2079,1,287.82,0.0,14.79,302.61,False
PED-00418,CLI-10028,CH-WEB,LOJA-WEB,delivered,2024-06-27T17:48:16,3282.7,0.0,238.22,3520.92,SKU-2068,2,1641.35,0.0,119.11,1760.46,False
PED-00418,CLI-10028,CH-WEB,LOJA-WEB,delivered,2024-06-27T17:48:16,3293.53,0.0,238.84,3532.37,SKU-2005,1,10.83,0.0,0.62,11.45,False
PED-00418,CLI-10028,CH-WEB,LOJA-WEB,delivered,2024-06-27T17:48:16,4691.32,0.0,357.34,5048.66,SKU-2120,3,465.93,0.0,39.5,505.43,False
PED-00418,CLI-10028,CH-WEB,LOJA-WEB,delivered,2024-06-27T17:48:16,5009.56,0.0,386.95,5396.51,SKU-2081,3,106.08,0.0,9.87,115.95,False
PED-00419,CLI-10028,CH-WEB,LOJA-WEB,confirmed,2024-07-01T13:47:20,1296.78,0.0,69.15,1365.93,SKU-2137,1,1296.78,0.0,69.15,1365.93,False
PED-00420,CLI-10028,CH-WEB,LOJA-WEB,delivered,2024-07-05T00:22:52,1337.86,0.0,92.49,1430.35,SKU-2148,1,1337.86,0.0,92.49,1430.35,False
PED-00421,CLI-10028,CH-WEB,LOJA-WEB,delivered,2024-07-10T02:01:00,23339.67,0.0,1874.25,25213.92,SKU-2077,3,7779.89,0.0,624.75,8404.64,False
PED-00422,CLI-10028,CH-WEB,LOJA-WEB,delivered,2024-07-11T13:52:24,654.88,0.0,42.51,697.39,SKU-2140,1,654.88,0.0,42.51,697.39,False
PED-00422,CLI-10028,CH-WEB,LOJA-WEB,delivered,2024-07-11T13:52:24,14665.75,0.0,1005.84,15671.59,SKU-2046,3,4670.29,0.0,321.11,4991.4,False
PED-00422,CLI-10028,CH-WEB,LOJA-WEB,delivered,2024-07-11T13:52:24,14812.27,0.0,1019.46,15831.73,SKU-2004,3,48.84,0.0,4.54,53.38,False
PED-00422,CLI-10028,CH-WEB,LOJA-WEB,delivered,2024-07-11T13:52:24,14973.81,0.0,1035.76,16009.57,SKU-2132,2,80.77,0.0,8.15,88.92,False
PED-00423,CLI-10028,CH-WEB,LOJA-WEB,delivered,2024-07-13T01:50:41,175.37,0.0,19.15,194.52,SKU-2111,1,175.37,0.0,19.15,194.52,False
PED-00423,CLI-10028,CH-WEB,LOJA-WEB,delivered,2024-07-13T01:50:41,228.33,0.0,24.19,252.52,SKU-2105,2,26.48,0.0,2.52,29.0,False
PED-00423,CLI-10028,CH-WEB,LOJA-WEB,delivered,2024-07-13T01:50:41,440.49,0.0,38.31,478.8,SKU-2081,2,106.08,0.0,7.06,113.14,False
PED-00424,CLI-10028,CH-FISICO,LOJA-04,delivered,2024-07-14T03:56:29,1786.76,0.0,121.66,1908.42,SKU-2108,2,893.38,0.0,60.83,954.21,False
PED-00424,CLI-10028,CH-FISICO,LOJA-04,delivered,2024-07-14T03:56:29,2476.12,0.0,164.62,2640.74,SKU-2009,2,344.68,0.0,21.48,366.16,False
PED-00424,CLI-10028,CH-FISICO,LOJA-04,delivered,2024-07-14T03:56:29,3121.25,0.0,218.82,3340.07,SKU-2051,1,645.13,0.0,54.2,699.33,False
PED-00424,CLI-10028,CH-FISICO,LOJA-04,delivered,2024-07-14T03:56:29,3810.44,158.03,257.05,3909.46,SKU-2040,1,689.19,158.03,38.23,569.39,True
PED-00425,CLI-10028,CH-WEB,LOJA-WEB,confirmed,2024-07-14T14:29:35,1144.41,0.0,76.14,1220.55,SKU-2101,3,381.47,0.0,25.38,406.85,False
PED-00426,CLI-10028,CH-FISICO,LOJA-04,confirmed,2024-07-19T05:54:21,1005.16,0.0,102.14,1107.3,SKU-2031,2,502.58,0.0,51.07,553.65,False
PED-00426,CLI-10028,CH-FISICO,LOJA-04,confirmed,2024-07-19T05:54:21,1221.04,0.0,127.07,1348.11,SKU-2080,3,71.96,0.0,8.31,80.27,False
PED-00427,CLI-10028,CH-WEB,LOJA-WEB,delivered,2024-07-20T00:02:58,44.62,0.0,2.58,47.2,SKU-2065,2,22.31,0.0,1.29,23.6,False
PED-00427,CLI-10028,CH-WEB,LOJA-WEB,delivered,2024-07-20T00:02:58,107.86,0.0,8.76,116.62,SKU-2014,3,21.08,0.0,2.06,23.14,False
PED-00427,CLI-10028,CH-WEB,LOJA-WEB,delivered,2024-07-20T00:02:58,144.7,0.0,13.02,157.72,SKU-2125,2,18.42,0.0,2.13,20.55,False
PED-00427,CLI-10028,CH-WEB,LOJA-WEB,delivered,2024-07-20T00:02:58,8631.72,0.0,655.84,9287.56,SKU-2136,2,4243.51,0.0,321.41,4564.92,False
PED-00428,CLI-10028,CH-WEB,LOJA-WEB,delivered,2024-07-26T22:34:24,366.94,0.0,26.3,393.24,SKU-2061,2,183.47,0.0,13.15,196.62,False
PED-00429,CLI-10028,CH-WEB,LOJA-WEB,delivered,2024-07-29T22:58:26,68.31,0.0,5.29,73.6,SKU-2113,1,68.31,0.0,5.29,73.6,False
PED-00429,CLI-10028,CH-WEB,LOJA-WEB,delivered,2024-07-29T22:58:26,363.41,0.0,39.39,402.8,SKU-2099,2,147.55,0.0,17.05,164.6,False
PED-00430,CLI-10028,CH-WEB,LOJA-WEB,delivered,2024-08-01T07:40:22,106.08,0.0,12.29,118.37,SKU-2081,1,106.08,0.0,12.29,118.37,False
PED-00430,CLI-10028,CH-WEB,LOJA-WEB,delivered,2024-08-01T07:40:22,194.8,0.0,22.47,217.27,SKU-2104,2,44.36,0.0,5.09,49.45,False
PED-00430,CLI-10028,CH-WEB,LOJA-WEB,delivered,2024-08-01T07:40:22,2687.94,0.0,300.13,2988.07,SKU-2008,2,1246.57,0.0,138.83,1385.4,False
PED-00430,CLI-10028,CH-WEB,LOJA-WEB,delivered,2024-08-01T07:40:22,3243.64,0.0,355.09,3598.73,SKU-2070,1,555.7,0.0,54.96,610.66,False
PED-00431,CLI-10028,CH-WEB,LOJA-WEB,confirmed,2024-08-04T05:19:28,29890.05,0.0,2812.98,32703.03,SKU-2116,3,9963.35,0.0,937.66,10901.01,False
PED-00431,CLI-10028,CH-WEB,LOJA-WEB,confirmed,2024-08-04T05:19:28,50485.86,0.0,4420.41,54906.27,SKU-2007,3,6865.27,0.0,535.81,7401.08,False
PED-00431,CLI-10028,CH-WEB,LOJA-WEB,confirmed,2024-08-04T05:19:28,50706.03,0.0,4440.3,55146.33,SKU-2013,3,73.39,0.0,6.63,80.02,False
PED-00432,CLI-10028,CH-WEB,LOJA-WEB,confirmed,2024-08-06T03:26:49,52.96,0.0,5.38,58.34,SKU-2105,2,26.48,0.0,2.69,29.17,False
PED-00432,CLI-10028,CH-WEB,LOJA-WEB,confirmed,2024-08-06T03:26:49,265.12,0.0,24.8,289.92,SKU-2081,2,106.08,0.0,9.71,115.79,False
PED-00433,CLI-10028,CH-FISICO,LOJA-02,delivered,2024-08-08T08:36:45,16474.38,0.0,1087.47,17561.85,SKU-2146,3,5491.46,0.0,362.49,5853.95,False
PED-00433,CLI-10028,CH-FISICO,LOJA-02,delivered,2024-08-08T08:36:45,18328.94,0.0,1205.94,19534.88,SKU-2057,1,1854.56,0.0,118.47,1973.03,False
PED-00433,CLI-10028,CH-FISICO,LOJA-02,delivered,2024-08-08T08:36:45,18361.43,0.0,1207.68,19569.11,SKU-2005,3,10.83,0.0,0.58,11.41,False
PED-00433,CLI-10028,CH-FISICO,LOJA-02,delivered,2024-08-08T08:36:45,19421.81,0.0,1280.01,20701.82,SKU-2142,3,353.46,0.0,24.11,377.57,False
PED-00434,CLI-10028,CH-WEB,LOJA-WEB,delivered,2024-08-11T10:17:43,29890.05,0.0,3473.94,33363.99,SKU-2116,3,9963.35,0.0,1157.98,11121.33,False
PED-00434,CLI-10028,CH-WEB,LOJA-WEB,delivered,2024-08-11T10:17:43,37191.79,0.0,4091.6,41283.39,SKU-2126,2,3650.87,0.0,308.83,3959.7,False
PED-00434,CLI-10028,CH-WEB,LOJA-WEB,delivered,2024-08-11T10:17:43,37391.86,0.0,4104.5,41496.36,SKU-2030,1,200.07,0.0,12.9,212.97,False
PED-00434,CLI-10028,CH-WEB,LOJA-WEB,delivered,2024-08-11T10:17:43,39246.42,0.0,4233.96,43480.38,SKU-2057,1,1854.56,0.0,129.46,1984.02,False
PED-00435,CLI-10028,CH-WEB,LOJA-WEB,delivered,2024-08-15T01:19:39,4459.17,0.0,436.55,4895.72,SKU-2067,1,4459.17,0.0,436.55,4895.72,False
PED-00435,CLI-10028,CH-WEB,LOJA-WEB,delivered,2024-08-15T01:19:39,5376.29,131.86,523.71,5768.14,SKU-2060,2,458.56,65.93,43.58,436.21,True
PED-00435,CLI-10028,CH-WEB,LOJA-WEB,delivered,2024-08-15T01:19:39,5405.9,131.86,525.63,5799.67,SKU-2115,3,9.87,0.0,0.64,10.51,False
PED-00436,CLI-10028,CH-WEB,LOJA-WEB,delivered,2024-08-18T17:44:08,146.78,0.0,12.18,158.96,SKU-2013,2,73.39,0.0,6.09,79.48,False
PED-00437,CLI-10028,CH-WEB,LOJA-WEB,confirmed,2024-08-24T23:29:24,220.88,0.0,16.94,237.82,SKU-2001,2,110.44,0.0,8.47,118.91,False
PED-00438,CLI-10028,CH-WEB,LOJA-WEB,delivered,2024-09-01T10:10:43,12262.0,0.0,984.7,13246.7,SKU-2086,2,6131.0,0.0,492.35,6623.35,False
PED-00438,CLI-10028,CH-WEB,LOJA-WEB,delivered,2024-09-01T10:10:43,12460.1,0.0,995.22,13455.32,SKU-2119,2,99.05,0.0,5.26,104.31,False
PED-00438,CLI-10028,CH-WEB,LOJA-WEB,delivered,2024-09-01T10:10:43,12644.73,0.0,1017.03,13661.76,SKU-2033,1,184.63,0.0,21.81,206.44,False
PED-00438,CLI-10028,CH-WEB,LOJA-WEB,delivered,2024-09-01T10:10:43,13343.85,0.0,1097.31,14441.16,SKU-2022,2,349.56,0.0,40.14,389.7,False
PED-00439,CLI-10028,CH-WEB,LOJA-WEB,confirmed,2024-09-15T10:41:08,80.77,0.0,9.66,90.43,SKU-2132,1,80.77,0.0,9.66,90.43,False
PED-00439,CLI-10028,CH-WEB,LOJA-WEB,confirmed,2024-09-15T10:41:08,152.73,0.0,17.91,170.64,SKU-2080,1,71.96,0.0,8.25,80.21,False
PED-00439,CLI-10028,CH-WEB,LOJA-WEB,confirmed,2024-09-15T10:41:08,678.84,0.0,46.17,725.01,SKU-2111,3,175.37,0.0,9.42,184.79,False
PED-00440,CLI-10028,CH-FISICO,LOJA-02,delivered,2024-09-17T04:38:12,615.5,0.0,54.94,670.44,SKU-2029,2,307.75,0.0,27.47,335.22,False
PED-00440,CLI-10028,CH-FISICO,LOJA-02,delivered,2024-09-17T04:38:12,7917.24,0.0,852.36,8769.6,SKU-2126,2,3650.87,0.0,398.71,4049.58,False
PED-00440,CLI-10028,CH-FISICO,LOJA-02,delivered,2024-09-17T04:38:12,8241.09,0.0,870.67,9111.76,SKU-2010,1,323.85,0.0,18.31,342.16,False
PED-00440,CLI-10028,CH-FISICO,LOJA-02,delivered,2024-09-17T04:38:12,8377.71,0.0,879.11,9256.82,SKU-2113,2,68.31,0.0,4.22,72.53,False
PED-00441,CLI-10028,CH-WEB,LOJA-WEB,delivered,2024-09-19T07:48:03,33.63,0.0,3.84,37.47,SKU-2134,3,11.21,0.0,1.28,12.49,False
PED-00442,CLI-10028,CH-FISICO,LOJA-01,delivered,2024-09-23T22:31:42,402.88,0.0,46.96,449.84,SKU-2100,2,201.44,0.0,23.48,224.92,False
PED-00443,CLI-10028,CH-TELEVENDAS,LOJA-TELEVENDAS,delivered,2024-09-25T01:20:49,331.32,0.0,27.06,358.38,SKU-2001,3,110.44,0.0,9.02,119.46,False
PED-00443,CLI-10028,CH-TELEVENDAS,LOJA-TELEVENDAS,delivered,2024-09-25T01:20:49,358.74,0.0,30.18,388.92,SKU-2084,3,9.14,0.0,1.04,10.18,False
PED-00443,CLI-10028,CH-TELEVENDAS,LOJA-TELEVENDAS,delivered,2024-09-25T01:20:49,616.05,0.0,58.59,674.64,SKU-2011,3,85.77,0.0,9.47,95.24,False
PED-00444,CLI-10028,CH-WEB,LOJA-WEB,delivered,2024-09-27T06:46:18,164.29,0.0,18.17,182.46,SKU-2023,1,164.29,0.0,18.17,182.46,False
PED-00444,CLI-10028,CH-WEB,LOJA-WEB,delivered,2024-09-27T06:46:18,307.29,13.11,28.2,322.38,SKU-2102,1,143.0,13.11,10.03,139.92,True
PED-00444,CLI-10028,CH-WEB,LOJA-WEB,delivered,2024-09-27T06:46:18,351.91,13.11,32.78,371.58,SKU-2065,2,22.31,0.0,2.29,24.6,False
PED-00444,CLI-10028,CH-WEB,LOJA-WEB,delivered,2024-09-27T06:46:18,396.58,13.11,35.96,419.43,SKU-2045,3,14.89,0.0,1.06,15.95,False
PED-00445,CLI-10028,CH-WEB,LOJA-WEB,cancelled,2024-10-06T04:37:07,213.02,0.0,17.96,230.98,SKU-2091,2,106.51,0.0,8.98,115.49,False
PED-00445,CLI-10028,CH-WEB,LOJA-WEB,cancelled,2024-10-06T04:37:07,300.44,0.0,25.78,326.22,SKU-2024,2,43.71,0.0,3.91,47.62,False
PED-00446,CLI-10028,CH-WEB,LOJA-WEB,delivered,2024-10-15T15:30:36,137.76,0.0,13.42,151.18,SKU-2109,2,68.88,0.0,6.71,75.59,False
PED-00446,CLI-10028,CH-WEB,LOJA-WEB,delivered,2024-10-15T15:30:36,630.63,0.0,43.42,674.05,SKU-2023,3,164.29,0.0,10.0,174.29,False
PED-00446,CLI-10028,CH-WEB,LOJA-WEB,delivered,2024-10-15T15:30:36,1278.33,0.0,105.14,1383.47,SKU-2010,2,323.85,0.0,30.86,354.71,False
PED-00446,CLI-10028,CH-WEB,LOJA-WEB,delivered,2024-10-15T15:30:36,1350.13,0.0,110.93,1461.06,SKU-2131,1,71.8,0.0,5.79,77.59,False
PED-00447,CLI-10028,CH-APP,LOJA-03,cancelled,2024-10-19T23:48:26,95.6,0.0,8.46,104.06,SKU-2133,2,47.8,0.0,4.23,52.03,False
PED-00447,CLI-10028,CH-APP,LOJA-03,cancelled,2024-10-19T23:48:26,164.48,0.0,14.37,178.85,SKU-2109,1,68.88,0.0,5.91,74.79,False
PED-00448,CLI-10028,CH-WEB,LOJA-WEB,confirmed,2024-10-24T04:10:12,66.93,13.26,4.41,58.08,SKU-2065,3,22.31,4.42,1.47,19.36,True
PED-00448,CLI-10028,CH-WEB,LOJA-WEB,confirmed,2024-10-24T04:10:12,347.42,13.26,19.32,353.48,SKU-2149,1,280.49,0.0,14.91,295.4,False
PED-00448,CLI-10028,CH-WEB,LOJA-WEB,confirmed,2024-10-24T04:10:12,1204.16,13.26,80.0,1270.9,SKU-2020,2,428.37,0.0,30.34,458.71,False
PED-00449,CLI-10028,CH-WEB,LOJA-WEB,delivered,2024-10-28T05:39:39,1316.89,324.53,67.63,1059.99,SKU-2087,1,1316.89,324.53,67.63,1059.99,True
PED-00449,CLI-10028,CH-WEB,LOJA-WEB,delivered,2024-10-28T05:39:39,12916.12,324.53,1081.48,13673.07,SKU-2047,3,3866.41,0.0,337.95,4204.36,False
PED-00449,CLI-10028,CH-WEB,LOJA-WEB,delivered,2024-10-28T05:39:39,12954.63,324.53,1083.44,13713.54,SKU-2054,1,38.51,0.0,1.96,40.47,False
PED-00450,CLI-10028,CH-WEB,LOJA-WEB,delivered,2024-11-01T08:40:51,7779.89,0.0,492.9,8272.79,SKU-2077,1,7779.89,0.0,492.9,8272.79,False
PED-00450,CLI-10028,CH-WEB,LOJA-WEB,delivered,2024-11-01T08:40:51,8268.04,0.0,523.74,8791.78,SKU-2092,1,488.15,0.0,30.84,518.99,False
PED-00450,CLI-10028,CH-WEB,LOJA-WEB,delivered,2024-11-01T08:40:51,8649.51,0.0,560.13,9209.64,SKU-2101,1,381.47,0.0,36.39,417.86,False
PED-00450,CLI-10028,CH-WEB,LOJA-WEB,delivered,2024-11-01T08:40:51,9698.19,0.0,674.37,10372.56,SKU-2022,3,349.56,0.0,38.08,387.64,False
PED-00451,CLI-10028,CH-TELEVENDAS,LOJA-TELEVENDAS,delivered,2024-11-06T12:54:45,307.75,0.0,31.3,339.05,SKU-2029,1,307.75,0.0,31.3,339.05,False
PED-00452,CLI-10028,CH-TELEVENDAS,LOJA-TELEVENDAS,delivered,2024-11-10T23:30:45,220.17,0.0,17.67,237.84,SKU-2013,3,73.39,0.0,5.89,79.28,False
PED-00452,CLI-10028,CH-TELEVENDAS,LOJA-TELEVENDAS,delivered,2024-11-10T23:30:45,273.43,0.0,23.09,296.52,SKU-2085,2,26.63,0.0,2.71,29.34,False
PED-00452,CLI-10028,CH-TELEVENDAS,LOJA-TELEVENDAS,delivered,2024-11-10T23:30:45,858.4,0.0,93.26,951.66,SKU-2002,3,194.99,0.0,23.39,218.38,False
PED-00452,CLI-10028,CH-TELEVENDAS,LOJA-TELEVENDAS,delivered,2024-11-10T23:30:45,4866.71,0.0,430.07,5296.78,SKU-2026,1,4008.31,0.0,336.81,4345.12,False
PED-00453,CLI-10028,CH-WEB,LOJA-WEB,confirmed,2024-11-17T07:22:13,84.28,0.0,7.48,91.76,SKU-2059,2,42.14,0.0,3.74,45.88,False
PED-00453,CLI-10028,CH-WEB,LOJA-WEB,confirmed,2024-11-17T07:22:13,138.54,0.0,11.78,150.32,SKU-2015,2,27.13,0.0,2.15,29.28,False
PED-00453,CLI-10028,CH-WEB,LOJA-WEB,confirmed,2024-11-17T07:22:13,153.68,0.0,13.2,166.88,SKU-2135,2,7.57,0.0,0.71,8.28,False
PED-00453,CLI-10028,CH-WEB,LOJA-WEB,confirmed,2024-11-17T07:22:13,300.2,0.0,27.69,327.89,SKU-2004,3,48.84,0.0,4.83,53.67,False
PED-00454,CLI-10028,CH-WEB,LOJA-WEB,delivered,2024-11-19T13:55:54,603.93,0.0,44.52,648.45,SKU-2129,3,201.31,0.0,14.84,216.15,False
PED-00454,CLI-10028,CH-WEB,LOJA-WEB,delivered,2024-11-19T13:55:54,8783.94,0.0,863.04,9646.98,SKU-2056,3,2726.67,0.0,272.84,2999.51,False
PED-00455,CLI-10028,CH-WEB,LOJA-WEB,delivered,2024-12-03T22:47:33,976.3,0.0,54.7,1031.0,SKU-2092,2,488.15,0.0,27.35,515.5,False
PED-00455,CLI-10028,CH-WEB,LOJA-WEB,delivered,2024-12-03T22:47:33,1908.16,0.0,114.3,2022.46,SKU-2120,2,465.93,0.0,29.8,495.73,False
PED-00455,CLI-10028,CH-WEB,LOJA-WEB,delivered,2024-12-03T22:47:33,2992.66,0.0,228.75,3221.41,SKU-2041,3,361.5,0.0,38.15,399.65,False
PED-00455,CLI-10028,CH-WEB,LOJA-WEB,delivered,2024-12-03T22:47:33,3087.24,0.0,234.87,3322.11,SKU-2053,2,47.29,0.0,3.06,50.35,False
PED-00456,CLI-10028,CH-WEB,LOJA-WEB,delivered,2024-12-04T01:43:53,36.16,0.0,2.66,38.82,SKU-2044,1,36.16,0.0,2.66,38.82,False
PED-00456,CLI-10028,CH-WEB,LOJA-WEB,delivered,2024-12-04T01:43:53,1274.84,0.0,75.06,1349.9,SKU-2128,1,1238.68,0.0,72.4,1311.08,False
PED-00457,CLI-10028,CH-WEB,LOJA-WEB,delivered,2024-12-06T01:37:22,706.92,0.0,77.58,784.5,SKU-2142,2,353.46,0.0,38.79,392.25,False
PED-00458,CLI-10028,CH-WEB,LOJA-WEB,confirmed,2024-12-12T06:31:44,3171.18,0.0,349.11,3520.29,SKU-2027,3,1057.06,0.0,116.37,1173.43,False
PED-00459,CLI-10028,CH-WEB,LOJA-WEB,delivered,2024-12-17T19:17:59,849.56,0.0,59.86,909.42,SKU-2052,2,424.78,0.0,29.93,454.71,False
PED-00460,CLI-10028,CH-WEB,LOJA-WEB,delivered,2024-12-22T12:32:18,26.63,0.0,2.11,28.74,SKU-2085,1,26.63,0.0,2.11,28.74,False
PED-00460,CLI-10028,CH-WEB,LOJA-WEB,delivered,2024-12-22T12:32:18,35.48,0.0,3.05,38.53,SKU-2035,1,8.85,0.0,0.94,9.79,False
PED-00460,CLI-10028,CH-WEB,LOJA-WEB,delivered,2024-12-22T12:32:18,1040.64,0.0,65.35,1105.99,SKU-2031,2,502.58,0.0,31.15,533.73,False
PED-00461,CLI-10028,CH-WEB,LOJA-WEB,delivered,2024-12-30T22:16:17,438.86,0.0,26.18,465.04,SKU-2038,2,219.43,0.0,13.09,232.52,False
PED-00461,CLI-10028,CH-WEB,LOJA-WEB,delivered,2024-12-30T22:16:17,454.0,0.0,27.38,481.38,SKU-2135,2,7.57,0.0,0.6,8.17,False
PED-00462,CLI-10028,CH-WEB,LOJA-WEB,delivered,2025-01-12T17:34:00,68.31,0.0,6.85,75.16,SKU-2113,1,68.31,0.0,6.85,75.16,False
PED-00463,CLI-10028,CH-WEB,LOJA-WEB,delivered,2025-01-13T05:09:02,350.74,0.0,33.74,384.48,SKU-2111,2,175.37,0.0,16.87,192.24,False
PED-00463,CLI-10028,CH-WEB,LOJA-WEB,delivered,2025-01-13T05:09:02,432.13,0.0,41.09,473.22,SKU-2015,3,27.13,0.0,2.45,29.58,False
PED-00464,CLI-10028,CH-WEB,LOJA-WEB,confirmed,2025-02-08T09:52:38,2045.74,0.0,147.2,2192.94,SKU-2107,2,1022.87,0.0,73.6,1096.47,False
PED-00464,CLI-10028,CH-WEB,LOJA-WEB,confirmed,2025-02-08T09:52:38,2331.74,30.3,169.44,2470.88,SKU-2102,2,143.0,15.15,11.12,138.97,True
PED-00464,CLI-10028,CH-WEB,LOJA-WEB,confirmed,2025-02-08T09:52:38,2802.82,30.3,207.71,2980.23,SKU-2141,1,471.08,0.0,38.27,509.35,False
PED-00465,CLI-10028,CH-WEB,LOJA-WEB,delivered,2025-02-13T16:09:20,114.84,13.42,10.22,111.64,SKU-2103,1,114.84,13.42,10.22,111.64,True
PED-00465,CLI-10028,CH-WEB,LOJA-WEB,delivered,2025-02-13T16:09:20,796.47,13.42,69.14,852.19,SKU-2050,3,227.21,0.0,19.64,246.85,False
PED-00465,CLI-10028,CH-WEB,LOJA-WEB,delivered,2025-02-13T16:09:20,24136.14,13.42,1387.76,25510.48,SKU-2077,3,7779.89,0.0,439.54,8219.43,False
PED-00466,CLI-10028,CH-WEB,LOJA-WEB,delivered,2025-02-18T14:29:35,1080.51,0.0,116.97,1197.48,SKU-2138,3,360.17,0.0,38.99,399.16,False
PED-00467,CLI-10028,CH-WEB,LOJA-WEB,delivered,2025-02-22T06:44:58,8120.95,1463.33,391.02,7048.64,SKU-2066,1,8120.95,1463.33,391.02,7048.64,True
PED-00467,CLI-10028,CH-WEB,LOJA-WEB,delivered,2025-02-22T06:44:58,8523.57,1463.33,411.3,7471.54,SKU-2129,2,201.31,0.0,10.14,211.45,False
PED-00467,CLI-10028,CH-WEB,LOJA-WEB,delivered,2025-02-22T06:44:58,8701.35,1463.33,430.22,7668.24,SKU-2090,2,88.89,0.0,9.46,98.35,False
PED-00468,CLI-10028,CH-WEB,LOJA-WEB,delivered,2025-02-27T20:40:17,434.18,0.0,46.48,480.66,SKU-2089,2,217.09,0.0,23.24,240.33,False
PED-00468,CLI-10028,CH-WEB,LOJA-WEB,delivered,2025-02-27T20:40:17,23019.8,0.0,2305.15,25324.95,SKU-2076,3,7528.54,0.0,752.89,8281.43,False
PED-00469,CLI-10028,CH-WEB,LOJA-WEB,delivered,2025-03-01T18:22:22,29890.05,0.0,2356.65,32246.7,SKU-2116,3,9963.35,0.0,785.55,10748.9,False
PED-00469,CLI-10028,CH-WEB,LOJA-WEB,delivered,2025-03-01T18:22:22,29926.46,8.29,2358.99,32277.16,SKU-2025,1,36.41,8.29,2.34,30.46,True
PED-00469,CLI-10028,CH-WEB,LOJA-WEB,delivered,2025-03-01T18:22:22,39042.9,1698.15,2939.69,40284.44,SKU-2037,2,4558.22,844.93,290.35,4003.64,True
PED-00470,CLI-10028,CH-WEB,LOJA-WEB,delivered,2025-03-11T20:42:56,385.64,0.0,32.37,418.01,SKU-2112,1,385.64,0.0,32.37,418.01,False
PED-00470,CLI-10028,CH-WEB,LOJA-WEB,delivered,2025-03-11T20:42:56,422.48,0.0,36.03,458.51,SKU-2125,2,18.42,0.0,1.83,20.25,False
PED-00470,CLI-10028,CH-WEB,LOJA-WEB,delivered,2025-03-11T20:42:56,28496.3,0.0,1857.6,30353.9,SKU-2106,3,9357.94,0.0,607.19,9965.13,False
PED-00470,CLI-10028,CH-WEB,LOJA-WEB,delivered,2025-03-11T20:42:56,29219.3,58.82,1916.8,31077.28,SKU-2041,2,361.5,29.41,29.6,361.69,True
PED-00471,CLI-10028,CH-WEB,LOJA-WEB,delivered,2025-03-12T17:01:23,16474.38,0.0,1252.11,17726.49,SKU-2146,3,5491.46,0.0,417.37,5908.83,False
PED-00471,CLI-10028,CH-WEB,LOJA-WEB,delivered,2025-03-12T17:01:23,16524.98,0.0,1256.37,17781.35,SKU-2074,2,25.3,0.0,2.13,27.43,False
PED-00471,CLI-10028,CH-WEB,LOJA-WEB,delivered,2025-03-12T17:01:23,16848.83,0.0,1285.93,18134.76,SKU-2010,1,323.85,0.0,29.56,353.41,False
PED-00472,CLI-10028,CH-WEB,LOJA-WEB,delivered,2025-03-27T17:53:18,645.93,0.0,51.18,697.11,SKU-2000,1,645.93,0.0,51.18,697.11,False
PED-00472,CLI-10028,CH-WEB,LOJA-WEB,delivered,2025-03-27T17:53:18,2153.67,0.0,174.3,2327.97,SKU-2031,3,502.58,0.0,41.04,543.62,False
PED-00472,CLI-10028,CH-WEB,LOJA-WEB,delivered,2025-03-27T17:53:18,3463.43,0.0,283.36,3746.79,SKU-2140,2,654.88,0.0,54.53,709.41,False
PED-00472,CLI-10028,CH-WEB,LOJA-WEB,delivered,2025-03-27T17:53:18,4114.7,0.0,321.97,4436.67,SKU-2089,3,217.09,0.0,12.87,229.96,False
PED-00473,CLI-10028,CH-WEB,LOJA-WEB,delivered,2025-04-03T12:24:50,443.4,0.0,34.89,478.29,SKU-2083,3,147.8,0.0,11.63,159.43,False
PED-00473,CLI-10028,CH-WEB,LOJA-WEB,delivered,2025-04-03T12:24:50,792.96,0.0,60.66,853.62,SKU-2022,1,349.56,0.0,25.77,375.33,False
PED-00474,CLI-10028,CH-WEB,LOJA-WEB,delivered,2025-04-10T22:42:12,1248.12,219.69,106.98,1135.41,SKU-2042,3,416.04,73.23,35.66,378.47,True
PED-00475,CLI-10028,CH-WEB,LOJA-WEB,delivered,2025-04-17T21:07:10,54.36,0.0,4.53,58.89,SKU-2145,3,18.12,0.0,1.51,19.63,False
PED-00476,CLI-10028,CH-WEB,LOJA-WEB,delivered,2025-04-18T17:42:13,555.7,0.0,55.23,610.93,SKU-2070,1,555.7,0.0,55.23,610.93,False
PED-00477,CLI-10028,CH-WEB,LOJA-WEB,delivered,2025-04-22T16:03:06,171.54,0.0,8.86,180.4,SKU-2011,2,85.77,0.0,4.43,90.2,False
PED-00477,CLI-10028,CH-WEB,LOJA-WEB,delivered,2025-04-22T16:03:06,226.8,0.0,12.61,239.41,SKU-2125,3,18.42,0.0,1.25,19.67,False
PED-00477,CLI-10028,CH-WEB,LOJA-WEB,delivered,2025-04-22T16:03:06,237.63,0.0,13.56,251.19,SKU-2005,1,10.83,0.0,0.95,11.78,False
PED-00477,CLI-10028,CH-WEB,LOJA-WEB,delivered,2025-04-22T16:03:06,2871.41,0.0,192.36,3063.77,SKU-2087,2,1316.89,0.0,89.4,1406.29,False
PED-00478,CLI-10028,CH-WEB,LOJA-WEB,delivered,2025-04-25T02:54:26,9340.58,0.0,676.28,10016.86,SKU-2046,2,4670.29,0.0,338.14,5008.43,False
PED-00478,CLI-10028,CH-WEB,LOJA-WEB,delivered,2025-04-25T02:54:26,27566.16,0.0,1916.62,29482.78,SKU-2006,2,9112.79,0.0,620.17,9732.96,False
PED-00478,CLI-10028,CH-WEB,LOJA-WEB,delivered,2025-04-25T02:54:26,27587.24,2.06,1918.37,29503.55,SKU-2014,1,21.08,2.06,1.75,20.77,True
PED-00479,CLI-10028,CH-WEB,LOJA-WEB,cancelled,2025-04-29T21:02:02,81.39,0.0,6.84,88.23,SKU-2015,3,27.13,0.0,2.28,29.41,False
PED-00479,CLI-10028,CH-WEB,LOJA-WEB,cancelled,2025-04-29T21:02:02,293.55,0.0,31.02,324.57,SKU-2081,2,106.08,0.0,12.09,118.17,False
PED-00479,CLI-10028,CH-WEB,LOJA-WEB,cancelled,2025-04-29T21:02:02,1385.17,0.0,159.22,1544.39,SKU-2118,1,1091.62,0.0,128.2,1219.82,False
PED-00480,CLI-10028,CH-WEB,LOJA-WEB,confirmed,2025-05-01T18:27:16,18.12,0.0,1.54,19.66,SKU-2145,1,18.12,0.0,1.54,19.66,False
PED-00480,CLI-10028,CH-WEB,LOJA-WEB,confirmed,2025-05-01T18:27:16,62.48,0.0,6.82,69.3,SKU-2104,1,44.36,0.0,5.28,49.64,False
PED-00480,CLI-10028,CH-WEB,LOJA-WEB,confirmed,2025-05-01T18:27:16,71.0,0.0,7.5,78.5,SKU-2114,1,8.52,0.0,0.68,9.2,False
PED-00481,CLI-10028,CH-TELEVENDAS,LOJA-TELEVENDAS,delivered,2025-05-05T18:59:18,1291.86,0.0,87.28,1379.14,SKU-2000,2,645.93,0.0,43.64,689.57,False
PED-00481,CLI-10028,CH-TELEVENDAS,LOJA-TELEVENDAS,delivered,2025-05-05T18:59:18,1373.25,0.0,93.34,1466.59,SKU-2015,3,27.13,0.0,2.02,29.15,False
PED-00482,CLI-10028,CH-WEB,LOJA-WEB,delivered,2025-05-11T16:18:40,7528.54,0.0,441.24,7969.78,SKU-2076,1,7528.54,0.0,441.24,7969.78,False
PED-00483,CLI-10028,CH-WEB,LOJA-WEB,delivered,2025-05-17T02:53:48,2633.78,0.0,312.92,2946.7,SKU-2087,2,1316.89,0.0,156.46,1473.35,False
PED-00483,CLI-10028,CH-WEB,LOJA-WEB,delivered,2025-05-17T02:53:48,18875.68,0.0,2215.32,21091.0,SKU-2066,2,8120.95,0.0,951.2,9072.15,False
PED-00483,CLI-10028,CH-WEB,LOJA-WEB,delivered,2025-05-17T02:53:48,18895.42,3.72,2216.84,21108.54,SKU-2115,2,9.87,1.86,0.76,8.77,True
PED-00484,CLI-10029,CH-WEB,LOJA-WEB,confirmed,2024-04-25T21:46:13,1005.16,0.0,104.3,1109.46,SKU-2031,2,502.58,0.0,52.15,554.73,False
PED-00484,CLI-10029,CH-WEB,LOJA-WEB,confirmed,2024-04-25T21:46:13,1271.83,0.0,119.96,1391.79,SKU-2090,3,88.89,0.0,5.22,94.11,False
PED-00484,CLI-10029,CH-WEB,LOJA-WEB,confirmed,2024-04-25T21:46:13,5259.81,0.0,443.46,5703.27,SKU-2096,2,1993.99,0.0,161.75,2155.74,False
PED-00484,CLI-10029,CH-WEB,LOJA-WEB,confirmed,2024-04-25T21:46:13,5366.32,0.0,454.44,5820.76,SKU-2091,1,106.51,0.0,10.98,117.49,False
PED-00485,CLI-10029,CH-TELEVENDAS,LOJA-TELEVENDAS,confirmed,2024-06-04T06:56:30,5453.34,810.18,460.98,5104.14,SKU-2056,2,2726.67,405.09,230.49,2552.07,True
PED-00485,CLI-10029,CH-TELEVENDAS,LOJA-TELEVENDAS,confirmed,2024-06-04T06:56:30,5579.76,810.18,469.05,5238.63,SKU-2059,3,42.14,0.0,2.69,44.83,False
PED-00485,CLI-10029,CH-TELEVENDAS,LOJA-TELEVENDAS,confirmed,2024-06-04T06:56:30,16532.37,810.18,1683.63,17405.82,SKU-2126,3,3650.87,0.0,404.86,4055.73,False
PED-00486,CLI-10029,CH-TELEVENDAS,LOJA-TELEVENDAS,delivered,2024-06-26T00:15:45,22320.15,2274.99,1801.92,21847.08,SKU-2016,3,7440.05,758.33,600.64,7282.36,True
PED-00486,CLI-10029,CH-TELEVENDAS,LOJA-TELEVENDAS,delivered,2024-06-26T00:15:45,22874.43,2274.99,1857.91,22457.35,SKU-2032,1,554.28,0.0,55.99,610.27,False
PED-00487,CLI-10029,CH-FISICO,LOJA-05,confirmed,2024-08-25T00:13:37,206.64,0.0,19.74,226.38,SKU-2109,3,68.88,0.0,6.58,75.46,False
PED-00488,CLI-10029,CH-TELEVENDAS,LOJA-TELEVENDAS,delivered,2024-09-06T10:44:19,161.54,0.0,13.92,175.46,SKU-2132,2,80.77,0.0,6.96,87.73,False
PED-00489,CLI-10030,CH-TELEVENDAS,LOJA-TELEVENDAS,confirmed,2024-07-25T18:41:09,5563.68,0.0,307.17,5870.85,SKU-2057,3,1854.56,0.0,102.39,1956.95,False
PED-00490,CLI-10031,CH-FISICO,LOJA-03,delivered,2024-04-12T13:43:02,550.41,0.0,63.87,614.28,SKU-2061,3,183.47,0.0,21.29,204.76,False
PED-00490,CLI-10031,CH-FISICO,LOJA-03,delivered,2024-04-12T13:43:02,4501.08,0.0,472.71,4973.79,SKU-2087,3,1316.89,0.0,136.28,1453.17,False
PED-00490,CLI-10031,CH-FISICO,LOJA-03,delivered,2024-04-12T13:43:02,4721.25,0.0,485.64,5206.89,SKU-2013,3,73.39,0.0,4.31,77.7,False
PED-00490,CLI-10031,CH-FISICO,LOJA-03,delivered,2024-04-12T13:43:02,4747.88,0.0,487.68,5235.56,SKU-2085,1,26.63,0.0,2.04,28.67,False
PED-00491,CLI-10031,CH-WEB,LOJA-WEB,delivered,2024-05-06T18:11:55,21.08,0.0,1.88,22.96,SKU-2014,1,21.08,0.0,1.88,22.96,False
PED-00491,CLI-10031,CH-WEB,LOJA-WEB,delivered,2024-05-06T18:11:55,15580.86,0.0,1217.38,16798.24,SKU-2077,2,7779.89,0.0,607.75,8387.64,False
PED-00491,CLI-10031,CH-WEB,LOJA-WEB,delivered,2024-05-06T18:11:55,17678.64,0.0,1356.49,19035.13,SKU-2110,3,699.26,0.0,46.37,745.63,False
PED-00491,CLI-10031,CH-WEB,LOJA-WEB,delivered,2024-05-06T18:11:55,39998.79,0.0,3447.46,43446.25,SKU-2016,3,7440.05,0.0,696.99,8137.04,False
PED-00492,CLI-10031,CH-WEB,LOJA-WEB,delivered,2024-05-19T12:37:37,18393.0,0.0,1927.68,20320.68,SKU-2086,3,6131.0,0.0,642.56,6773.56,False
PED-00493,CLI-10031,CH-WEB,LOJA-WEB,delivered,2024-05-27T15:57:52,125.76,0.0,10.77,136.53,SKU-2049,3,41.92,0.0,3.59,45.51,False
PED-00494,CLI-10031,CH-WEB,LOJA-WEB,delivered,2024-06-10T02:24:23,85.77,0.0,6.91,92.68,SKU-2011,1,85.77,0.0,6.91,92.68,False
PED-00494,CLI-10031,CH-WEB,LOJA-WEB,delivered,2024-06-10T02:24:23,167.16,0.0,12.76,179.92,SKU-2015,3,27.13,0.0,1.95,29.08,False
PED-00495,CLI-10031,CH-FISICO,LOJA-05,delivered,2024-07-10T15:59:06,194.99,0.0,20.93,215.92,SKU-2002,1,194.99,0.0,20.93,215.92,False
PED-00495,CLI-10031,CH-FISICO,LOJA-05,delivered,2024-07-10T15:59:06,437.3,0.0,40.19,477.49,SKU-2132,3,80.77,0.0,6.42,87.19,False
PED-00495,CLI-10031,CH-FISICO,LOJA-05,delivered,2024-07-10T15:59:06,4995.52,0.0,472.49,5468.01,SKU-2037,1,4558.22,0.0,432.3,4990.52,False
PED-00496,CLI-10031,CH-WEB,LOJA-WEB,delivered,2024-07-12T02:46:46,27.42,0.0,2.01,29.43,SKU-2084,3,9.14,0.0,0.67,9.81,False
PED-00496,CLI-10031,CH-WEB,LOJA-WEB,delivered,2024-07-12T02:46:46,1365.28,0.0,142.81,1508.09,SKU-2148,1,1337.86,0.0,140.8,1478.66,False
PED-00496,CLI-10031,CH-WEB,LOJA-WEB,delivered,2024-07-12T02:46:46,1383.85,0.0,144.93,1528.78,SKU-2144,1,18.57,0.0,2.12,20.69,False
PED-00496,CLI-10031,CH-WEB,LOJA-WEB,delivered,2024-07-12T02:46:46,1463.74,0.0,150.21,1613.95,SKU-2085,3,26.63,0.0,1.76,28.39,False
PED-00497,CLI-10031,CH-WEB,LOJA-WEB,cancelled,2024-07-17T16:54:42,1993.99,0.0,100.64,2094.63,SKU-2096,1,1993.99,0.0,100.64,2094.63,False
PED-00497,CLI-10031,CH-WEB,LOJA-WEB,cancelled,2024-07-17T16:54:42,2418.77,23.79,123.92,2518.9,SKU-2052,1,424.78,23.79,23.28,424.27,True
PED-00497,CLI-10031,CH-WEB,LOJA-WEB,cancelled,2024-07-17T16:54:42,2704.77,23.79,150.86,2831.84,SKU-2102,2,143.0,0.0,13.47,156.47,False
PED-00498,CLI-10031,CH-WEB,LOJA-WEB,delivered,2024-07-26T19:59:49,108.48,0.0,11.85,120.33,SKU-2044,3,36.16,0.0,3.95,40.11,False
PED-00498,CLI-10031,CH-WEB,LOJA-WEB,delivered,2024-07-26T19:59:49,2835.15,0.0,152.29,2987.44,SKU-2056,1,2726.67,0.0,140.44,2867.11,False
PED-00498,CLI-10031,CH-WEB,LOJA-WEB,delivered,2024-07-26T19:59:49,11753.49,0.0,611.31,12364.8,SKU-2067,2,4459.17,0.0,229.51,4688.68,False
PED-00499,CLI-10031,CH-WEB,LOJA-WEB,delivered,2024-08-05T13:53:23,319.51,0.0,24.3,343.81,SKU-2078,1,319.51,0.0,24.3,343.81,False
PED-00499,CLI-10031,CH-WEB,LOJA-WEB,delivered,2024-08-05T13:53:23,10282.86,0.0,1203.93,11486.79,SKU-2116,1,9963.35,0.0,1179.63,11142.98,False
PED-00500,CLI-10031,CH-WEB,LOJA-WEB,delivered,2024-09-18T05:55:40,184.63,0.0,18.21,202.84,SKU-2033,1,184.63,0.0,18.21,202.84,False
PED-00500,CLI-10031,CH-WEB,LOJA-WEB,delivered,2024-09-18T05:55:40,2426.55,0.0,283.63,2710.18,SKU-2048,2,1120.96,0.0,132.71,1253.67,False
PED-00501,CLI-10031,CH-WEB,LOJA-WEB,delivered,2024-09-19T05:09:11,219.43,0.0,15.27,234.7,SKU-2038,1,219.43,0.0,15.27,234.7,False
PED-00501,CLI-10031,CH-WEB,LOJA-WEB,delivered,2024-09-19T05:09:11,367.23,0.0,32.68,399.91,SKU-2083,1,147.8,0.0,17.41,165.21,False
PED-00501,CLI-10031,CH-WEB,LOJA-WEB,delivered,2024-09-19T05:09:11,488.27,0.0,39.42,527.69,SKU-2063,2,60.52,0.0,3.37,63.89,False
PED-00502,CLI-10031,CH-TELEVENDAS,LOJA-TELEVENDAS,delivered,2024-10-11T12:00:02,44.67,0.0,5.22,49.89,SKU-2045,3,14.89,0.0,1.74,16.63,False
PED-00502,CLI-10031,CH-TELEVENDAS,LOJA-TELEVENDAS,delivered,2024-10-11T12:00:02,913.31,0.0,73.04,986.35,SKU-2082,2,434.32,0.0,33.91,468.23,False
PED-00502,CLI-10031,CH-TELEVENDAS,LOJA-TELEVENDAS,delivered,2024-10-11T12:00:02,991.61,0.0,78.08,1069.69,SKU-2095,3,26.1,0.0,1.68,27.78,False
PED-00502,CLI-10031,CH-TELEVENDAS,LOJA-TELEVENDAS,delivered,2024-10-11T12:00:02,1002.82,0.0,78.82,1081.64,SKU-2134,1,11.21,0.0,0.74,11.95,False
PED-00503,CLI-10031,CH-WEB,LOJA-WEB,delivered,2024-10-22T19:46:00,22.31,0.0,1.58,23.89,SKU-2065,1,22.31,0.0,1.58,23.89,False
PED-00503,CLI-10031,CH-WEB,LOJA-WEB,delivered,2024-10-22T19:46:00,1986.95,0.0,180.11,2167.06,SKU-2140,3,654.88,0.0,59.51,714.39,False
PED-00503,CLI-10031,CH-WEB,LOJA-WEB,delivered,2024-10-22T19:46:00,3274.51,0.0,274.81,3549.32,SKU-2021,2,643.78,0.0,47.35,691.13,False
PED-00504,CLI-10031,CH-WEB,LOJA-WEB,delivered,2024-11-03T09:57:56,10295.6,0.0,979.88,11275.48,SKU-2097,2,5147.8,0.0,489.94,5637.74,False
PED-00504,CLI-10031,CH-WEB,LOJA-WEB,delivered,2024-11-03T09:57:56,28521.18,0.0,2266.9,30788.08,SKU-2006,2,9112.79,0.0,643.51,9756.3,False
PED-00504,CLI-10031,CH-WEB,LOJA-WEB,delivered,2024-11-03T09:57:56,28565.85,0.0,2271.16,30837.01,SKU-2045,3,14.89,0.0,1.42,16.31,False
PED-00505,CLI-10031,CH-WEB,LOJA-WEB,delivered,2024-12-26T20:34:38,79.89,0.0,5.7,85.59,SKU-2085,3,26.63,0.0,1.9,28.53,False
PED-00505,CLI-10031,CH-WEB,LOJA-WEB,delivered,2024-12-26T20:34:38,761.52,0.0,48.87,810.39,SKU-2050,3,227.21,0.0,14.39,241.6,False
PED-00506,CLI-10031,CH-WEB,LOJA-WEB,delivered,2024-12-29T21:25:24,389.98,0.0,30.52,420.5,SKU-2002,2,194.99,0.0,15.26,210.25,False
PED-00506,CLI-10031,CH-WEB,LOJA-WEB,delivered,2024-12-29T21:25:24,15447.06,0.0,1582.1,17029.16,SKU-2076,2,7528.54,0.0,775.79,8304.33,False
PED-00506,CLI-10031,CH-WEB,LOJA-WEB,delivered,2024-12-29T21:25:24,15747.73,0.0,1607.92,17355.65,SKU-2072,1,300.67,0.0,25.82,326.49,False
PED-00507,CLI-10031,CH-WEB,LOJA-WEB,delivered,2025-01-02T04:48:54,1796.91,0.0,159.36,1956.27,SKU-2121,3,598.97,0.0,53.12,652.09,False
PED-00507,CLI-10031,CH-WEB,LOJA-WEB,delivered,2025-01-02T04:48:54,1881.19,0.0,166.3,2047.49,SKU-2059,2,42.14,0.0,3.47,45.61,False
PED-00508,CLI-10031,CH-WEB,LOJA-WEB,confirmed,2025-01-09T21:13:25,47.29,0.0,4.28,51.57,SKU-2053,1,47.29,0.0,4.28,51.57,False
PED-00508,CLI-10031,CH-WEB,LOJA-WEB,confirmed,2025-01-09T21:13:25,432.93,0.0,43.48,476.41,SKU-2112,1,385.64,0.0,39.2,424.84,False
PED-00508,CLI-10031,CH-WEB,LOJA-WEB,confirmed,2025-01-09T21:13:25,452.67,0.0,45.62,498.29,SKU-2115,2,9.87,0.0,1.07,10.94,False
PED-00508,CLI-10031,CH-WEB,LOJA-WEB,confirmed,2025-01-09T21:13:25,1159.59,0.0,102.04,1261.63,SKU-2142,2,353.46,0.0,28.21,381.67,False
PED-00509,CLI-10031,CH-WEB,LOJA-WEB,delivered,2025-02-08T07:52:32,18.12,0.0,1.1,19.22,SKU-2145,1,18.12,0.0,1.1,19.22,False
PED-00510,CLI-10031,CH-WEB,LOJA-WEB,delivered,2025-02-16T12:43:08,15443.4,0.0,1285.41,16728.81,SKU-2097,3,5147.8,0.0,428.47,5576.27,False
PED-00510,CLI-10031,CH-WEB,LOJA-WEB,delivered,2025-02-16T12:43:08,16292.96,0.0,1354.75,17647.71,SKU-2052,2,424.78,0.0,34.67,459.45,False
PED-00510,CLI-10031,CH-WEB,LOJA-WEB,delivered,2025-02-16T12:43:08,16695.84,28.54,1387.95,18055.25,SKU-2100,2,201.44,14.27,16.6,203.77,True
PED-00510,CLI-10031,CH-WEB,LOJA-WEB,delivered,2025-02-16T12:43:08,24135.89,28.54,2074.19,26181.54,SKU-2016,1,7440.05,0.0,686.24,8126.29,False
PED-00511,CLI-10032,CH-WEB,LOJA-WEB,delivered,2024-04-08T15:46:04,295.6,0.0,17.08,312.68,SKU-2083,2,147.8,0.0,8.54,156.34,False
PED-00511,CLI-10032,CH-WEB,LOJA-WEB,delivered,2024-04-08T15:46:04,375.04,0.0,25.18,400.22,SKU-2105,3,26.48,0.0,2.7,29.18,False
PED-00512,CLI-10032,CH-APP,LOJA-01,confirmed,2024-05-08T07:16:54,2097.78,0.0,150.45,2248.23,SKU-2110,3,699.26,0.0,50.15,749.41,False
PED-00512,CLI-10032,CH-APP,LOJA-01,confirmed,2024-05-08T07:16:54,2696.75,0.0,209.11,2905.86,SKU-2121,1,598.97,0.0,58.66,657.63,False
PED-00512,CLI-10032,CH-APP,LOJA-01,confirmed,2024-05-08T07:16:54,4075.13,0.0,373.65,4448.78,SKU-2040,2,689.19,0.0,82.27,771.46,False
PED-00513,CLI-10032,CH-APP,LOJA-01,delivered,2024-05-30T08:44:02,36.24,0.0,3.68,39.92,SKU-2145,2,18.12,0.0,1.84,19.96,False
PED-00513,CLI-10032,CH-APP,LOJA-01,delivered,2024-05-30T08:44:02,73.08,0.0,7.9,80.98,SKU-2125,2,18.42,0.0,2.11,20.53,False
PED-00513,CLI-10032,CH-APP,LOJA-01,delivered,2024-05-30T08:44:02,8573.4,0.0,856.36,9429.76,SKU-2117,2,4250.16,0.0,424.23,4674.39,False
PED-00514,CLI-10032,CH-APP,LOJA-01,delivered,2024-06-11T09:31:23,29.78,0.0,2.86,32.64,SKU-2045,2,14.89,0.0,1.43,16.32,False
PED-00514,CLI-10032,CH-APP,LOJA-01,delivered,2024-06-11T09:31:23,2127.56,0.0,165.55,2293.11,SKU-2110,3,699.26,0.0,54.23,753.49,False
PED-00515,CLI-10032,CH-APP,LOJA-01,delivered,2024-06-14T20:52:46,5479.12,0.0,485.98,5965.1,SKU-2017,2,2739.56,0.0,242.99,2982.55,False
PED-00515,CLI-10032,CH-APP,LOJA-01,delivered,2024-06-14T20:52:46,5506.22,1.92,488.6,5992.9,SKU-2055,2,13.55,0.96,1.31,13.9,True
PED-00515,CLI-10032,CH-APP,LOJA-01,delivered,2024-06-14T20:52:46,12807.96,1.92,937.94,13743.98,SKU-2126,2,3650.87,0.0,224.67,3875.54,False
PED-00516,CLI-10032,CH-TELEVENDAS,LOJA-TELEVENDAS,delivered,2024-06-15T10:46:08,83.84,19.58,4.68,68.94,SKU-2049,2,41.92,9.79,2.34,34.47,True
PED-00516,CLI-10032,CH-TELEVENDAS,LOJA-TELEVENDAS,delivered,2024-06-15T10:46:08,1228.25,19.58,98.85,1307.52,SKU-2101,3,381.47,0.0,31.39,412.86,False
PED-00516,CLI-10032,CH-TELEVENDAS,LOJA-TELEVENDAS,delivered,2024-06-15T10:46:08,1572.93,19.58,121.93,1675.28,SKU-2009,1,344.68,0.0,23.08,367.76,False
PED-00516,CLI-10032,CH-TELEVENDAS,LOJA-TELEVENDAS,delivered,2024-06-15T10:46:08,1962.91,19.58,163.83,2107.16,SKU-2002,2,194.99,0.0,20.95,215.94,False
PED-00517,CLI-10032,CH-WEB,LOJA-WEB,delivered,2024-06-17T19:39:45,106.68,0.0,6.66,113.34,SKU-2043,1,106.68,0.0,6.66,113.34,False
PED-00517,CLI-10032,CH-WEB,LOJA-WEB,delivered,2024-06-17T19:39:45,2183.16,384.18,116.88,1915.86,SKU-2019,3,692.16,128.06,36.74,600.84,True
PED-00517,CLI-10032,CH-WEB,LOJA-WEB,delivered,2024-06-17T19:39:45,2768.13,487.71,158.58,2439.0,SKU-2002,3,194.99,34.51,13.9,174.38,True
PED-00517,CLI-10032,CH-WEB,LOJA-WEB,delivered,2024-06-17T19:39:45,4111.32,487.71,310.08,3933.69,SKU-2069,3,447.73,0.0,50.5,498.23,False
PED-00518,CLI-10032,CH-WEB,LOJA-WEB,confirmed,2024-06-22T11:47:42,60.52,0.0,3.09,63.61,SKU-2063,1,60.52,0.0,3.09,63.61,False
PED-00518,CLI-10032,CH-WEB,LOJA-WEB,confirmed,2024-06-22T11:47:42,86.62,0.0,5.01,91.63,SKU-2095,1,26.1,0.0,1.92,28.02,False
PED-00519,CLI-10032,CH-APP,LOJA-01,confirmed,2024-07-06T12:03:41,832.08,0.0,89.12,921.2,SKU-2042,2,416.04,0.0,44.56,460.6,False
PED-00519,CLI-10032,CH-APP,LOJA-01,confirmed,2024-07-06T12:03:41,1003.62,0.0,99.98,1103.6,SKU-2011,2,85.77,0.0,5.43,91.2,False
PED-00520,CLI-10032,CH-APP,LOJA-01,delivered,2024-07-16T09:23:38,2114.12,0.0,165.22,2279.34,SKU-2027,2,1057.06,0.0,82.61,1139.67,False
PED-00520,CLI-10032,CH-APP,LOJA-01,delivered,2024-07-16T09:23:38,2327.14,19.72,177.86,2485.28,SKU-2091,2,106.51,9.86,6.32,102.97,True
PED-00521,CLI-10032,CH-APP,LOJA-01,delivered,2024-07-20T12:40:03,79.44,0.0,9.48,88.92,SKU-2105,3,26.48,0.0,3.16,29.64,False
PED-00521,CLI-10032,CH-APP,LOJA-01,delivered,2024-07-20T12:40:03,23419.11,0.0,2794.77,26213.88,SKU-2077,3,7779.89,0.0,928.43,8708.32,False
PED-00522,CLI-10032,CH-APP,LOJA-01,delivered,2024-07-22T21:52:50,47.19,0.0,3.48,50.67,SKU-2034,3,15.73,0.0,1.16,16.89,False
PED-00522,CLI-10032,CH-APP,LOJA-01,delivered,2024-07-22T21:52:50,127.08,0.0,9.99,137.07,SKU-2085,3,26.63,0.0,2.17,28.8,False
PED-00522,CLI-10032,CH-APP,LOJA-01,delivered,2024-07-22T21:52:50,235.56,0.0,17.19,252.75,SKU-2044,3,36.16,0.0,2.4,38.56,False
PED-00522,CLI-10032,CH-APP,LOJA-01,delivered,2024-07-22T21:52:50,553.8,0.0,33.39,587.19,SKU-2081,3,106.08,0.0,5.4,111.48,False
PED-00523,CLI-10033,CH-TELEVENDAS,LOJA-TELEVENDAS,delivered,2024-04-23T02:02:14,1274.34,0.0,75.69,1350.03,SKU-2052,3,424.78,0.0,25.23,450.01,False
PED-00523,CLI-10033,CH-TELEVENDAS,LOJA-TELEVENDAS,delivered,2024-04-23T02:02:14,1963.7,0.0,146.85,2110.55,SKU-2009,2,344.68,0.0,35.58,380.26,False
PED-00523,CLI-10033,CH-TELEVENDAS,LOJA-TELEVENDAS,delivered,2024-04-23T02:02:14,3339.38,0.0,255.6,3594.98,SKU-2060,3,458.56,0.0,36.25,494.81,False
PED-00523,CLI-10033,CH-TELEVENDAS,LOJA-TELEVENDAS,delivered,2024-04-23T02:02:14,3476.0,0.0,264.62,3740.62,SKU-2113,2,68.31,0.0,4.51,72.82,False
PED-00524,CLI-10033,CH-TELEVENDAS,LOJA-TELEVENDAS,delivered,2024-07-23T20:03:13,8180.01,0.0,662.31,8842.32,SKU-2056,3,2726.67,0.0,220.77,2947.44,False
PED-00524,CLI-10033,CH-TELEVENDAS,LOJA-TELEVENDAS,delivered,2024-07-23T20:03:13,13327.81,763.57,1174.2,13738.44,SKU-2097,1,5147.8,763.57,511.89,4896.12,True
PED-00525,CLI-10034,CH-APP,LOJA-03,delivered,2024-10-05T13:14:49,206.64,0.0,12.72,219.36,SKU-2109,3,68.88,0.0,4.24,73.12,False
PED-00526,CLI-10035,CH-TELEVENDAS,LOJA-TELEVENDAS,cancelled,2024-06-10T22:32:58,762.94,0.0,65.14,828.08,SKU-2101,2,381.47,0.0,32.57,414.04,False
PED-00526,CLI-10035,CH-TELEVENDAS,LOJA-TELEVENDAS,cancelled,2024-06-10T22:32:58,6744.91,0.0,429.52,7174.43,SKU-2096,3,1993.99,0.0,121.46,2115.45,False
PED-00526,CLI-10035,CH-TELEVENDAS,LOJA-TELEVENDAS,cancelled,2024-06-10T22:32:58,7576.99,105.08,509.34,7981.25,SKU-2042,2,416.04,52.54,39.91,403.41,True
PED-00527,CLI-10035,CH-TELEVENDAS,LOJA-TELEVENDAS,delivered,2024-09-18T22:34:57,44.62,0.0,3.12,47.74,SKU-2065,2,22.31,0.0,1.56,23.87,False
PED-00527,CLI-10035,CH-TELEVENDAS,LOJA-TELEVENDAS,delivered,2024-09-18T22:34:57,15488.02,0.0,853.05,16341.07,SKU-2097,3,5147.8,0.0,283.31,5431.11,False
PED-00528,CLI-10035,CH-TELEVENDAS,LOJA-TELEVENDAS,delivered,2024-10-13T19:57:43,3716.04,0.0,313.65,4029.69,SKU-2128,3,1238.68,0.0,104.55,1343.23,False
PED-00529,CLI-10035,CH-TELEVENDAS,LOJA-TELEVENDAS,delivered,2025-02-01T13:31:57,319.51,0.0,28.63,348.14,SKU-2078,1,319.51,0.0,28.63,348.14,False
PED-00529,CLI-10035,CH-TELEVENDAS,LOJA-TELEVENDAS,delivered,2025-02-01T13:31:57,429.59,0.0,41.51,471.1,SKU-2018,1,110.08,0.0,12.88,122.96,False
PED-00529,CLI-10035,CH-TELEVENDAS,LOJA-TELEVENDAS,delivered,2025-02-01T13:31:57,562.67,0.0,54.77,617.44,SKU-2104,3,44.36,0.0,4.42,48.78,False
PED-00529,CLI-10035,CH-TELEVENDAS,LOJA-TELEVENDAS,delivered,2025-02-01T13:31:57,1596.71,0.0,156.89,1753.6,SKU-2009,3,344.68,0.0,34.04,378.72,False
PED-00530,CLI-10035,CH-TELEVENDAS,LOJA-TELEVENDAS,delivered,2025-05-15T03:28:42,1464.45,0.0,76.11,1540.56,SKU-2092,3,488.15,0.0,25.37,513.52,False
PED-00531,CLI-10035,CH-TELEVENDAS,LOJA-TELEVENDAS,cancelled,2025-05-21T10:23:29,66.93,0.0,6.45,73.38,SKU-2065,3,22.31,0.0,2.15,24.46,False
PED-00531,CLI-10035,CH-TELEVENDAS,LOJA-TELEVENDAS,cancelled,2025-05-21T10:23:29,127.45,12.36,11.03,126.12,SKU-2063,1,60.52,12.36,4.58,52.74,True
PED-00532,CLI-10035,CH-TELEVENDAS,LOJA-TELEVENDAS,cancelled,2025-06-10T08:26:47,1786.76,0.0,127.14,1913.9,SKU-2108,2,893.38,0.0,63.57,956.95,False
PED-00532,CLI-10035,CH-TELEVENDAS,LOJA-TELEVENDAS,cancelled,2025-06-10T08:26:47,3034.88,0.0,222.99,3257.87,SKU-2042,3,416.04,0.0,31.95,447.99,False
PED-00533,CLI-10035,CH-TELEVENDAS,LOJA-TELEVENDAS,delivered,2025-07-01T04:35:09,3171.18,0.0,335.61,3506.79,SKU-2027,3,1057.06,0.0,111.87,1168.93,False
PED-00534,CLI-10035,CH-TELEVENDAS,LOJA-TELEVENDAS,delivered,2025-07-13T12:05:55,110.44,22.61,6.96,94.79,SKU-2001,1,110.44,22.61,6.96,94.79,True
PED-00534,CLI-10035,CH-TELEVENDAS,LOJA-TELEVENDAS,delivered,2025-07-13T12:05:55,323.8,22.61,28.58,329.77,SKU-2043,2,106.68,0.0,10.81,117.49,False
PED-00534,CLI-10035,CH-TELEVENDAS,LOJA-TELEVENDAS,delivered,2025-07-13T12:05:55,342.22,22.61,29.74,349.35,SKU-2125,1,18.42,0.0,1.16,19.58,False
PED-00535,CLI-10035,CH-TELEVENDAS,LOJA-TELEVENDAS,delivered,2025-08-08T16:34:06,3866.41,0.0,412.32,4278.73,SKU-2047,1,3866.41,0.0,412.32,4278.73,False
PED-00535,CLI-10035,CH-TELEVENDAS,LOJA-TELEVENDAS,delivered,2025-08-08T16:34:06,4511.54,0.0,485.32,4996.86,SKU-2051,1,645.13,0.0,73.0,718.13,False
PED-00536,CLI-10035,CH-TELEVENDAS,LOJA-TELEVENDAS,confirmed,2025-09-16T10:08:03,428.37,0.0,29.72,458.09,SKU-2020,1,428.37,0.0,29.72,458.09,False
PED-00536,CLI-10035,CH-TELEVENDAS,LOJA-TELEVENDAS,confirmed,2025-09-16T10:08:03,465.17,3.56,32.52,494.13,SKU-2075,2,18.4,1.78,1.4,18.02,True
PED-00537,CLI-10035,CH-TELEVENDAS,LOJA-TELEVENDAS,cancelled,2025-09-16T19:08:31,43.71,0.0,2.21,45.92,SKU-2024,1,43.71,0.0,2.21,45.92,False
PED-00538,CLI-10035,CH-TELEVENDAS,LOJA-TELEVENDAS,cancelled,2026-03-06T03:00:28,12262.0,0.0,1420.8,13682.8,SKU-2086,2,6131.0,0.0,710.4,6841.4,False
PED-00538,CLI-10035,CH-TELEVENDAS,LOJA-TELEVENDAS,cancelled,2026-03-06T03:00:28,12468.64,0.0,1439.97,13908.61,SKU-2109,3,68.88,0.0,6.39,75.27,False
PED-00538,CLI-10035,CH-TELEVENDAS,LOJA-TELEVENDAS,cancelled,2026-03-06T03:00:28,12495.66,0.0,1442.85,13938.51,SKU-2094,2,13.51,0.0,1.44,14.95,False
PED-00538,CLI-10035,CH-TELEVENDAS,LOJA-TELEVENDAS,cancelled,2026-03-06T03:00:28,13812.55,0.0,1573.07,15385.62,SKU-2087,1,1316.89,0.0,130.22,1447.11,False
PED-00539,CLI-10036,CH-FISICO,LOJA-02,confirmed,2024-04-01T12:06:37,3362.88,0.0,178.92,3541.8,SKU-2048,3,1120.96,0.0,59.64,1180.6,False
PED-00539,CLI-10036,CH-FISICO,LOJA-02,confirmed,2024-04-01T12:06:37,5300.67,0.0,336.09,5636.76,SKU-2000,3,645.93,0.0,52.39,698.32,False
PED-00539,CLI-10036,CH-FISICO,LOJA-02,confirmed,2024-04-01T12:06:37,6603.63,0.0,468.66,7072.29,SKU-2082,3,434.32,0.0,44.19,478.51,False
PED-00539,CLI-10036,CH-FISICO,LOJA-02,confirmed,2024-04-01T12:06:37,6652.47,0.0,474.31,7126.78,SKU-2004,1,48.84,0.0,5.65,54.49,False
PED-00540,CLI-10036,CH-FISICO,LOJA-02,delivered,2024-04-06T08:20:28,3331.08,0.0,332.56,3663.64,SKU-2098,2,1665.54,0.0,166.28,1831.82,False
PED-00541,CLI-10036,CH-FISICO,LOJA-02,delivered,2024-04-21T23:58:41,1108.56,0.0,78.82,1187.38,SKU-2032,2,554.28,0.0,39.41,593.69,False
PED-00542,CLI-10036,CH-FISICO,LOJA-02,delivered,2024-04-27T23:02:17,307.75,0.0,31.61,339.36,SKU-2029,1,307.75,0.0,31.61,339.36,False
PED-00542,CLI-10036,CH-FISICO,LOJA-02,delivered,2024-04-27T23:02:17,747.82,0.0,56.87,804.69,SKU-2123,3,146.69,0.0,8.42,155.11,False
PED-00542,CLI-10036,CH-FISICO,LOJA-02,delivered,2024-04-27T23:02:17,1828.33,254.79,117.02,1690.56,SKU-2138,3,360.17,84.93,20.05,295.29,True
PED-00542,CLI-10036,CH-FISICO,LOJA-02,delivered,2024-04-27T23:02:17,2195.27,254.79,141.02,2081.5,SKU-2061,2,183.47,0.0,12.0,195.47,False
PED-00543,CLI-10036,CH-FISICO,LOJA-02,delivered,2024-05-02T19:19:50,4243.51,0.0,311.03,4554.54,SKU-2136,1,4243.51,0.0,311.03,4554.54,False
PED-00543,CLI-10036,CH-FISICO,LOJA-02,delivered,2024-05-02T19:19:50,4261.93,0.0,312.94,4574.87,SKU-2125,1,18.42,0.0,1.91,20.33,False
PED-00544,CLI-10036,CH-FISICO,LOJA-02,delivered,2024-05-10T13:00:39,79.62,0.0,4.46,84.08,SKU-2143,2,39.81,0.0,2.23,42.04,False
PED-00544,CLI-10036,CH-FISICO,LOJA-02,delivered,2024-05-10T13:00:39,254.99,0.0,20.5,275.49,SKU-2111,1,175.37,0.0,16.04,191.41,False
PED-00544,CLI-10036,CH-FISICO,LOJA-02,delivered,2024-05-10T13:00:39,297.13,0.0,22.95,320.08,SKU-2059,1,42.14,0.0,2.45,44.59,False
PED-00544,CLI-10036,CH-FISICO,LOJA-02,delivered,2024-05-10T13:00:39,4006.25,0.0,289.77,4296.02,SKU-2057,2,1854.56,0.0,133.41,1987.97,False
PED-00545,CLI-10036,CH-FISICO,LOJA-02,delivered,2024-05-20T13:04:35,295.1,0.0,31.22,326.32,SKU-2099,2,147.55,0.0,15.61,163.16,False
PED-00545,CLI-10036,CH-FISICO,LOJA-02,delivered,2024-05-20T13:04:35,1188.48,0.0,113.51,1301.99,SKU-2108,1,893.38,0.0,82.29,975.67,False
PED-00546,CLI-10036,CH-FISICO,LOJA-02,delivered,2024-05-24T07:30:58,36.8,0.0,2.22,39.02,SKU-2075,2,18.4,0.0,1.11,19.51,False
PED-00546,CLI-10036,CH-FISICO,LOJA-02,delivered,2024-05-24T07:30:58,5490.14,0.0,528.88,6019.02,SKU-2056,2,2726.67,0.0,263.33,2990.0,False
PED-00547,CLI-10036,CH-FISICO,LOJA-02,delivered,2024-06-02T09:45:35,1667.1,0.0,156.99,1824.09,SKU-2070,3,555.7,0.0,52.33,608.03,False
PED-00548,CLI-10036,CH-FISICO,LOJA-02,delivered,2024-06-04T23:42:49,269.25,0.0,30.87,300.12,SKU-2039,3,89.75,0.0,10.29,100.04,False
PED-00548,CLI-10036,CH-FISICO,LOJA-02,delivered,2024-06-04T23:42:49,316.54,0.0,35.64,352.18,SKU-2053,1,47.29,0.0,4.77,52.06,False
PED-00548,CLI-10036,CH-FISICO,LOJA-02,delivered,2024-06-04T23:42:49,4025.66,0.0,392.26,4417.92,SKU-2057,2,1854.56,0.0,178.31,2032.87,False
PED-00549,CLI-10036,CH-FISICO,LOJA-02,delivered,2024-07-10T07:51:57,651.27,0.0,64.32,715.59,SKU-2089,3,217.09,0.0,21.44,238.53,False
PED-00549,CLI-10036,CH-FISICO,LOJA-02,delivered,2024-07-10T07:51:57,852.71,0.0,82.12,934.83,SKU-2100,1,201.44,0.0,17.8,219.24,False
PED-00549,CLI-10036,CH-FISICO,LOJA-02,delivered,2024-07-10T07:51:57,962.79,0.0,93.42,1056.21,SKU-2018,1,110.08,0.0,11.3,121.38,False
PED-00549,CLI-10036,CH-FISICO,LOJA-02,delivered,2024-07-10T07:51:57,985.5,0.0,94.65,1080.15,SKU-2135,3,7.57,0.0,0.41,7.98,False
PED-00550,CLI-10036,CH-FISICO,LOJA-02,delivered,2024-07-13T01:02:25,146.69,0.0,9.34,156.03,SKU-2123,1,146.69,0.0,9.34,156.03,False
PED-00550,CLI-10036,CH-FISICO,LOJA-02,delivered,2024-07-13T01:02:25,222.59,14.82,14.86,222.63,SKU-2074,3,25.3,4.94,1.84,22.2,True
PED-00550,CLI-10036,CH-FISICO,LOJA-02,delivered,2024-07-13T01:02:25,13897.25,14.82,1520.32,15402.75,SKU-2037,3,4558.22,0.0,501.82,5060.04,False
PED-00550,CLI-10036,CH-FISICO,LOJA-02,delivered,2024-07-13T01:02:25,13991.83,14.82,1527.88,15504.89,SKU-2053,2,47.29,0.0,3.78,51.07,False
PED-00551,CLI-10036,CH-TELEVENDAS,LOJA-TELEVENDAS,cancelled,2024-08-01T13:06:37,215.4,0.0,17.31,232.71,SKU-2131,3,71.8,0.0,5.77,77.57,False
PED-00552,CLI-10036,CH-FISICO,LOJA-02,delivered,2024-08-11T03:36:58,55.26,0.0,5.37,60.63,SKU-2125,3,18.42,0.0,1.79,20.21,False
PED-00552,CLI-10036,CH-FISICO,LOJA-02,delivered,2024-08-11T03:36:58,7835.15,0.0,865.38,8700.53,SKU-2077,1,7779.89,0.0,860.01,8639.9,False
PED-00552,CLI-10036,CH-FISICO,LOJA-02,delivered,2024-08-11T03:36:58,7943.63,0.0,875.61,8819.24,SKU-2044,3,36.16,0.0,3.41,39.57,False
PED-00552,CLI-10036,CH-FISICO,LOJA-02,delivered,2024-08-11T03:36:58,11931.61,0.0,1108.51,13040.12,SKU-2096,2,1993.99,0.0,116.45,2110.44,False
PED-00553,CLI-10036,CH-FISICO,LOJA-02,delivered,2024-08-16T04:23:54,16474.38,0.0,1623.72,18098.1,SKU-2146,3,5491.46,0.0,541.24,6032.7,False
PED-00554,CLI-10036,CH-FISICO,LOJA-02,returned,2024-08-22T21:57:42,15057.08,3489.88,1222.26,12789.46,SKU-2076,2,7528.54,1744.94,611.13,6394.73,True
PED-00554,CLI-10036,CH-FISICO,LOJA-02,returned,2024-08-22T21:57:42,20548.54,3489.88,1766.2,18824.86,SKU-2146,1,5491.46,0.0,543.94,6035.4,False
PED-00554,CLI-10036,CH-FISICO,LOJA-02,returned,2024-08-22T21:57:42,21657.1,3489.88,1863.26,20030.48,SKU-2032,2,554.28,0.0,48.53,602.81,False
PED-00554,CLI-10036,CH-FISICO,LOJA-02,returned,2024-08-22T21:57:42,21766.33,3489.88,1872.68,20149.13,SKU-2025,3,36.41,0.0,3.14,39.55,False
PED-00555,CLI-10036,CH-FISICO,LOJA-02,delivered,2024-09-01T06:51:10,600.21,0.0,30.24,630.45,SKU-2030,3,200.07,0.0,10.08,210.15,False
PED-00555,CLI-10036,CH-FISICO,LOJA-02,delivered,2024-09-01T06:51:10,9940.79,0.0,577.72,10518.51,SKU-2046,2,4670.29,0.0,273.74,4944.03,False
PED-00556,CLI-10036,CH-FISICO,LOJA-02,delivered,2024-09-03T00:22:35,643.78,0.0,48.57,692.35,SKU-2021,1,643.78,0.0,48.57,692.35,False
PED-00557,CLI-10036,CH-FISICO,LOJA-02,delivered,2024-09-07T03:15:32,257.31,0.0,15.39,272.7,SKU-2011,3,85.77,0.0,5.13,90.9,False
PED-00557,CLI-10036,CH-FISICO,LOJA-02,delivered,2024-09-07T03:15:32,418.85,0.0,29.37,448.22,SKU-2132,2,80.77,0.0,6.99,87.76,False
PED-00557,CLI-10036,CH-FISICO,LOJA-02,delivered,2024-09-07T03:15:32,455.65,0.0,32.53,488.18,SKU-2075,2,18.4,0.0,1.58,19.98,False
PED-00558,CLI-10036,CH-WEB,LOJA-WEB,delivered,2024-09-15T06:36:08,15.73,0.0,1.09,16.82,SKU-2034,1,15.73,0.0,1.09,16.82,False
PED-00558,CLI-10036,CH-WEB,LOJA-WEB,delivered,2024-09-15T06:36:08,1428.97,0.0,79.12,1508.09,SKU-2141,3,471.08,0.0,26.01,497.09,False
PED-00559,CLI-10036,CH-FISICO,LOJA-02,delivered,2024-09-18T21:03:49,66.93,0.0,6.6,73.53,SKU-2065,3,22.31,0.0,2.2,24.51,False
PED-00560,CLI-10036,CH-FISICO,LOJA-02,returned,2024-09-19T10:13:08,78.3,0.0,6.72,85.02,SKU-2095,3,26.1,0.0,2.24,28.34,False
PED-00560,CLI-10036,CH-FISICO,LOJA-02,returned,2024-09-19T10:13:08,96.87,0.0,7.85,104.72,SKU-2144,1,18.57,0.0,1.13,19.7,False
PED-00561,CLI-10036,CH-APP,LOJA-01,delivered,2024-09-23T16:25:38,1309.76,233.18,81.18,1157.76,SKU-2140,2,654.88,116.59,40.59,578.88,True
PED-00562,CLI-10036,CH-FISICO,LOJA-02,delivered,2024-09-26T01:48:38,72.82,0.0,4.78,77.6,SKU-2025,2,36.41,0.0,2.39,38.8,False
PED-00563,CLI-10036,CH-FISICO,LOJA-05,confirmed,2024-10-07T12:16:36,87.42,0.0,8.08,95.5,SKU-2024,2,43.71,0.0,4.04,47.75,False
PED-00563,CLI-10036,CH-FISICO,LOJA-05,confirmed,2024-10-07T12:16:36,94.99,0.0,8.96,103.95,SKU-2135,1,7.57,0.0,0.88,8.45,False
PED-00563,CLI-10036,CH-FISICO,LOJA-05,confirmed,2024-10-07T12:16:36,529.17,0.0,55.16,584.33,SKU-2089,2,217.09,0.0,23.1,240.19,False
PED-00563,CLI-10036,CH-FISICO,LOJA-05,confirmed,2024-10-07T12:16:36,17003.55,0.0,1492.01,18495.56,SKU-2146,3,5491.46,0.0,478.95,5970.41,False
PED-00564,CLI-10036,CH-FISICO,LOJA-02,delivered,2024-10-21T16:54:30,215.4,0.0,12.69,228.09,SKU-2131,3,71.8,0.0,4.23,76.03,False
PED-00565,CLI-10036,CH-FISICO,LOJA-02,delivered,2024-10-31T15:57:18,8500.32,0.0,589.14,9089.46,SKU-2117,2,4250.16,0.0,294.57,4544.73,False
PED-00565,CLI-10036,CH-FISICO,LOJA-02,delivered,2024-10-31T15:57:18,17840.9,0.0,1525.94,19366.84,SKU-2046,2,4670.29,0.0,468.4,5138.69,False
PED-00565,CLI-10036,CH-FISICO,LOJA-02,delivered,2024-10-31T15:57:18,18226.54,0.0,1568.38,19794.92,SKU-2112,1,385.64,0.0,42.44,428.08,False
PED-00565,CLI-10036,CH-FISICO,LOJA-02,delivered,2024-10-31T15:57:18,18404.32,0.0,1581.16,19985.48,SKU-2090,2,88.89,0.0,6.39,95.28,False
PED-00566,CLI-10036,CH-FISICO,LOJA-02,cancelled,2024-11-01T06:50:35,4149.42,0.0,368.43,4517.85,SKU-2147,1,4149.42,0.0,368.43,4517.85,False
PED-00566,CLI-10036,CH-FISICO,LOJA-02,cancelled,2024-11-01T06:50:35,4191.58,0.0,370.57,4562.15,SKU-2014,2,21.08,0.0,1.07,22.15,False
PED-00567,CLI-10036,CH-FISICO,LOJA-02,delivered,2024-11-09T18:02:16,71.8,0.0,8.17,79.97,SKU-2131,1,71.8,0.0,8.17,79.97,False
PED-00567,CLI-10036,CH-FISICO,LOJA-02,delivered,2024-11-09T18:02:16,12802.33,1718.58,970.63,12054.38,SKU-2136,3,4243.51,572.86,320.82,3991.47,True
PED-00567,CLI-10036,CH-FISICO,LOJA-02,delivered,2024-11-09T18:02:16,13807.49,1718.58,1072.89,13161.8,SKU-2031,2,502.58,0.0,51.13,553.71,False
PED-00567,CLI-10036,CH-FISICO,LOJA-02,delivered,2024-11-09T18:02:16,14152.01,1718.58,1091.13,13524.56,SKU-2103,3,114.84,0.0,6.08,120.92,False
PED-00568,CLI-10036,CH-FISICO,LOJA-02,confirmed,2024-11-11T03:13:10,72.32,0.0,6.22,78.54,SKU-2044,2,36.16,0.0,3.11,39.27,False
PED-00568,CLI-10036,CH-FISICO,LOJA-02,confirmed,2024-11-11T03:13:10,764.48,0.0,59.2,823.68,SKU-2019,1,692.16,0.0,52.98,745.14,False
PED-00569,CLI-10036,CH-FISICO,LOJA-02,delivered,2024-11-12T00:49:29,50.6,0.0,3.46,54.06,SKU-2074,2,25.3,0.0,1.73,27.03,False
PED-00570,CLI-10037,CH-WEB,LOJA-WEB,delivered,2024-08-24T06:55:19,9.14,0.0,0.92,10.06,SKU-2084,1,9.14,0.0,0.92,10.06,False
PED-00570,CLI-10037,CH-WEB,LOJA-WEB,delivered,2024-08-24T06:55:19,15066.22,0.0,860.58,15926.8,SKU-2076,2,7528.54,0.0,429.83,7958.37,False
PED-00570,CLI-10037,CH-WEB,LOJA-WEB,delivered,2024-08-24T06:55:19,15244.0,27.7,877.52,16093.82,SKU-2090,2,88.89,13.85,8.47,83.51,True
PED-00570,CLI-10037,CH-WEB,LOJA-WEB,delivered,2024-08-24T06:55:19,17358.12,339.5,987.28,18005.9,SKU-2027,2,1057.06,155.9,54.88,956.04,True
PED-00571,CLI-10037,CH-WEB,LOJA-WEB,delivered,2024-09-28T13:06:11,9340.58,0.0,754.3,10094.88,SKU-2046,2,4670.29,0.0,377.15,5047.44,False
PED-00571,CLI-10037,CH-WEB,LOJA-WEB,delivered,2024-09-28T13:06:11,10637.36,0.0,858.53,11495.89,SKU-2137,1,1296.78,0.0,104.23,1401.01,False
PED-00571,CLI-10037,CH-WEB,LOJA-WEB,delivered,2024-09-28T13:06:11,13920.06,0.0,1185.63,15105.69,SKU-2068,2,1641.35,0.0,163.55,1804.9,False
PED-00571,CLI-10037,CH-WEB,LOJA-WEB,delivered,2024-09-28T13:06:11,14977.12,61.36,1262.91,16178.67,SKU-2027,1,1057.06,61.36,77.28,1072.98,True
PED-00572,CLI-10037,CH-WEB,LOJA-WEB,delivered,2025-08-12T16:03:52,4924.05,0.0,481.2,5405.25,SKU-2068,3,1641.35,0.0,160.4,1801.75,False
PED-00572,CLI-10037,CH-WEB,LOJA-WEB,delivered,2025-08-12T16:03:52,5124.12,0.0,501.91,5626.03,SKU-2030,1,200.07,0.0,20.71,220.78,False
PED-00572,CLI-10037,CH-WEB,LOJA-WEB,delivered,2025-08-12T16:03:52,7169.86,0.0,736.45,7906.31,SKU-2107,2,1022.87,0.0,117.27,1140.14,False
PED-00572,CLI-10037,CH-WEB,LOJA-WEB,delivered,2025-08-12T16:03:52,7206.7,8.9,739.39,7937.19,SKU-2125,2,18.42,4.45,1.47,15.44,True
PED-00573,CLI-10038,CH-WEB,LOJA-WEB,delivered,2024-07-18T04:31:12,601.34,0.0,36.48,637.82,SKU-2072,2,300.67,0.0,18.24,318.91,False
PED-00573,CLI-10038,CH-WEB,LOJA-WEB,delivered,2024-07-18T04:31:12,649.37,0.0,39.84,689.21,SKU-2124,3,16.01,0.0,1.12,17.13,False
PED-00573,CLI-10038,CH-WEB,LOJA-WEB,delivered,2024-07-18T04:31:12,1293.15,0.0,116.83,1409.98,SKU-2021,1,643.78,0.0,76.99,720.77,False
PED-00574,CLI-10038,CH-WEB,LOJA-WEB,delivered,2024-09-06T16:47:50,3716.04,0.0,444.0,4160.04,SKU-2128,3,1238.68,0.0,148.0,1386.68,False
PED-00575,CLI-10038,CH-WEB,LOJA-WEB,delivered,2024-10-06T06:53:11,555.7,0.0,44.37,600.07,SKU-2070,1,555.7,0.0,44.37,600.07,False
PED-00576,CLI-10038,CH-TELEVENDAS,LOJA-TELEVENDAS,delivered,2024-10-09T02:09:12,5453.34,0.0,467.3,5920.64,SKU-2056,2,2726.67,0.0,233.65,2960.32,False
PED-00576,CLI-10038,CH-TELEVENDAS,LOJA-TELEVENDAS,delivered,2024-10-09T02:09:12,23846.34,1324.5,1755.11,24276.95,SKU-2086,3,6131.0,441.5,429.27,6118.77,True
PED-00577,CLI-10038,CH-WEB,LOJA-WEB,confirmed,2024-11-14T15:24:36,323.85,0.0,23.48,347.33,SKU-2010,1,323.85,0.0,23.48,347.33,False
PED-00577,CLI-10038,CH-WEB,LOJA-WEB,confirmed,2024-11-14T15:24:36,1615.71,0.0,170.22,1785.93,SKU-2000,2,645.93,0.0,73.37,719.3,False
PED-00578,CLI-10038,CH-WEB,LOJA-WEB,delivered,2024-11-20T15:36:17,2659.44,0.0,293.43,2952.87,SKU-2028,3,886.48,0.0,97.81,984.29,False
PED-00578,CLI-10038,CH-WEB,LOJA-WEB,delivered,2024-11-20T15:36:17,2746.86,0.0,302.75,3049.61,SKU-2024,2,43.71,0.0,4.66,48.37,False
PED-00578,CLI-10038,CH-WEB,LOJA-WEB,delivered,2024-11-20T15:36:17,2882.43,0.0,314.54,3196.97,SKU-2003,3,45.19,0.0,3.93,49.12,False
PED-00579,CLI-10038,CH-WEB,LOJA-WEB,delivered,2024-12-21T12:48:46,553.89,0.0,32.37,586.26,SKU-2033,3,184.63,0.0,10.79,195.42,False
PED-00580,CLI-10038,CH-WEB,LOJA-WEB,delivered,2025-03-03T01:01:32,72.82,0.0,8.68,81.5,SKU-2025,2,36.41,0.0,4.34,40.75,False
PED-00580,CLI-10038,CH-WEB,LOJA-WEB,delivered,2025-03-03T01:01:32,764.98,0.0,50.73,815.71,SKU-2019,1,692.16,0.0,42.05,734.21,False
PED-00580,CLI-10038,CH-WEB,LOJA-WEB,delivered,2025-03-03T01:01:32,933.64,0.0,65.66,999.3,SKU-2139,1,168.66,0.0,14.93,183.59,False
PED-00580,CLI-10038,CH-WEB,LOJA-WEB,delivered,2025-03-03T01:01:32,3567.42,0.0,337.34,3904.76,SKU-2087,2,1316.89,0.0,135.84,1452.73,False
PED-00581,CLI-10038,CH-WEB,LOJA-WEB,delivered,2025-03-27T04:49:39,175.37,0.0,15.2,190.57,SKU-2111,1,175.37,0.0,15.2,190.57,False
PED-00582,CLI-10038,CH-WEB,LOJA-WEB,delivered,2025-05-12T04:55:49,75.9,18.57,3.63,60.96,SKU-2074,3,25.3,6.19,1.21,20.32,True
PED-00582,CLI-10038,CH-WEB,LOJA-WEB,delivered,2025-05-12T04:55:49,247.44,18.57,18.61,247.48,SKU-2011,2,85.77,0.0,7.49,93.26,False
PED-00583,CLI-10038,CH-WEB,LOJA-WEB,delivered,2025-05-14T11:55:32,143.0,0.0,9.33,152.33,SKU-2102,1,143.0,0.0,9.33,152.33,False
PED-00583,CLI-10038,CH-WEB,LOJA-WEB,delivered,2025-05-14T11:55:32,1486.19,316.62,97.5,1267.07,SKU-2069,3,447.73,105.54,29.39,371.58,True
PED-00583,CLI-10038,CH-WEB,LOJA-WEB,delivered,2025-05-14T11:55:32,2760.53,316.62,208.05,2651.96,SKU-2052,3,424.78,0.0,36.85,461.63,False
PED-00583,CLI-10038,CH-WEB,LOJA-WEB,delivered,2025-05-14T11:55:32,10493.35,316.62,755.11,10931.84,SKU-2047,2,3866.41,0.0,273.53,4139.94,False
PED-00584,CLI-10038,CH-WEB,LOJA-WEB,delivered,2025-05-18T05:24:01,323.85,0.0,34.12,357.97,SKU-2010,1,323.85,0.0,34.12,357.97,False
PED-00584,CLI-10038,CH-WEB,LOJA-WEB,delivered,2025-05-18T05:24:01,13998.51,0.0,1665.07,15663.58,SKU-2037,3,4558.22,0.0,543.65,5101.87,False
PED-00584,CLI-10038,CH-WEB,LOJA-WEB,delivered,2025-05-18T05:24:01,14600.26,0.0,1695.22,16295.48,SKU-2071,1,601.75,0.0,30.15,631.9,False
PED-00585,CLI-10038,CH-WEB,LOJA-WEB,delivered,2025-06-14T13:03:14,31.46,0.0,2.96,34.42,SKU-2034,2,15.73,0.0,1.48,17.21,False
PED-00585,CLI-10038,CH-WEB,LOJA-WEB,delivered,2025-06-14T13:03:14,75.82,0.0,5.86,81.68,SKU-2104,1,44.36,0.0,2.9,47.26,False
PED-00585,CLI-10038,CH-WEB,LOJA-WEB,delivered,2025-06-14T13:03:14,112.62,0.0,10.2,122.82,SKU-2075,2,18.4,0.0,2.17,20.57,False
PED-00586,CLI-10038,CH-WEB,LOJA-WEB,confirmed,2025-10-05T18:50:17,15443.4,0.0,1449.15,16892.55,SKU-2097,3,5147.8,0.0,483.05,5630.85,False
PED-00587,CLI-10038,CH-WEB,LOJA-WEB,delivered,2025-10-12T13:43:52,1337.86,0.0,135.24,1473.1,SKU-2148,1,1337.86,0.0,135.24,1473.1,False
PED-00587,CLI-10038,CH-WEB,LOJA-WEB,delivered,2025-10-12T13:43:52,2100.8,0.0,221.56,2322.36,SKU-2101,2,381.47,0.0,43.16,424.63,False
PED-00588,CLI-10038,CH-WEB,LOJA-WEB,confirmed,2025-10-18T11:03:09,54.36,0.0,3.78,58.14,SKU-2145,3,18.12,0.0,1.26,19.38,False
PED-00588,CLI-10038,CH-WEB,LOJA-WEB,confirmed,2025-10-18T11:03:09,91.2,0.0,6.08,97.28,SKU-2125,2,18.42,0.0,1.15,19.57,False
PED-00589,CLI-10038,CH-WEB,LOJA-WEB,delivered,2025-11-14T23:28:48,109.23,13.86,5.49,100.86,SKU-2025,3,36.41,4.62,1.83,33.62,True
PED-00589,CLI-10038,CH-WEB,LOJA-WEB,delivered,2025-11-14T23:28:48,120.44,13.86,6.56,113.14,SKU-2134,1,11.21,0.0,1.07,12.28,False
PED-00589,CLI-10038,CH-WEB,LOJA-WEB,delivered,2025-11-14T23:28:48,129.29,13.86,7.48,122.91,SKU-2035,1,8.85,0.0,0.92,9.77,False
PED-00589,CLI-10038,CH-WEB,LOJA-WEB,delivered,2025-11-14T23:28:48,219.67,13.86,15.96,221.77,SKU-2003,2,45.19,0.0,4.24,49.43,False
PED-00590,CLI-10039,CH-FISICO,LOJA-01,confirmed,2024-04-07T10:17:23,639.02,39.1,59.06,658.98,SKU-2078,2,319.51,19.55,29.53,329.49,True
PED-00590,CLI-10039,CH-FISICO,LOJA-01,confirmed,2024-04-07T10:17:23,666.44,39.1,60.47,687.81,SKU-2084,3,9.14,0.0,0.47,9.61,False
PED-00591,CLI-10040,CH-TELEVENDAS,LOJA-TELEVENDAS,delivered,2024-08-22T02:24:20,3709.12,0.0,214.06,3923.18,SKU-2057,2,1854.56,0.0,107.03,1961.59,False
PED-00591,CLI-10040,CH-TELEVENDAS,LOJA-TELEVENDAS,delivered,2024-08-22T02:24:20,5374.66,0.0,330.19,5704.85,SKU-2098,1,1665.54,0.0,116.13,1781.67,False
PED-00591,CLI-10040,CH-TELEVENDAS,LOJA-TELEVENDAS,delivered,2024-08-22T02:24:20,6261.14,0.0,381.86,6643.0,SKU-2028,1,886.48,0.0,51.67,938.15,False
PED-00592,CLI-10040,CH-TELEVENDAS,LOJA-TELEVENDAS,delivered,2025-02-02T04:04:09,137.76,0.0,13.44,151.2,SKU-2109,2,68.88,0.0,6.72,75.6,False
PED-00592,CLI-10040,CH-TELEVENDAS,LOJA-TELEVENDAS,delivered,2025-02-02T04:04:09,145.33,0.0,14.18,159.51,SKU-2135,1,7.57,0.0,0.74,8.31,False
PED-00593,CLI-10040,CH-TELEVENDAS,LOJA-TELEVENDAS,delivered,2025-02-24T03:47:14,13.51,0.0,0.81,14.32,SKU-2094,1,13.51,0.0,0.81,14.32,False
PED-00593,CLI-10040,CH-TELEVENDAS,LOJA-TELEVENDAS,delivered,2025-02-24T03:47:14,4472.68,0.0,448.93,4921.61,SKU-2067,1,4459.17,0.0,448.12,4907.29,False
PED-00593,CLI-10040,CH-TELEVENDAS,LOJA-TELEVENDAS,delivered,2025-02-24T03:47:14,5857.0,0.0,529.11,6386.11,SKU-2019,2,692.16,0.0,40.09,732.25,False
PED-00593,CLI-10040,CH-TELEVENDAS,LOJA-TELEVENDAS,delivered,2025-02-24T03:47:14,7148.86,0.0,618.89,7767.75,SKU-2000,2,645.93,0.0,44.89,690.82,False
PED-00594,CLI-10041,CH-FISICO,LOJA-04,delivered,2024-08-21T09:33:23,17.7,0.0,1.56,19.26,SKU-2035,2,8.85,0.0,0.78,9.63,False
PED-00594,CLI-10041,CH-FISICO,LOJA-04,delivered,2024-08-21T09:33:23,1025.62,0.0,109.9,1135.52,SKU-2062,2,503.96,0.0,54.17,558.13,False
PED-00594,CLI-10041,CH-FISICO,LOJA-04,delivered,2024-08-21T09:33:23,4356.7,642.84,343.48,4057.34,SKU-2098,2,1665.54,321.42,116.79,1460.91,True
PED-00595,CLI-10041,CH-FISICO,LOJA-04,delivered,2025-08-23T05:32:49,1291.86,0.0,151.2,1443.06,SKU-2000,2,645.93,0.0,75.6,721.53,False
PED-00595,CLI-10041,CH-FISICO,LOJA-04,delivered,2025-08-23T05:32:49,1716.64,50.92,192.1,1857.82,SKU-2052,1,424.78,50.92,40.9,414.76,True
PED-00595,CLI-10041,CH-FISICO,LOJA-04,delivered,2025-08-23T05:32:49,1765.48,50.92,195.03,1909.59,SKU-2004,1,48.84,0.0,2.93,51.77,False
PED-00596,CLI-10042,CH-WEB,LOJA-WEB,delivered,2026-01-09T22:03:29,1786.76,127.22,150.54,1810.08,SKU-2108,2,893.38,63.61,75.27,905.04,True
PED-00597,CLI-10043,CH-APP,LOJA-01,confirmed,2024-03-28T20:40:21,14010.87,2178.54,1377.45,13209.78,SKU-2046,3,4670.29,726.18,459.15,4403.26,True
PED-00597,CLI-10043,CH-APP,LOJA-01,confirmed,2024-03-28T20:40:21,14942.73,2178.54,1446.05,14210.24,SKU-2120,2,465.93,0.0,34.3,500.23,False
PED-00598,CLI-10043,CH-APP,LOJA-01,delivered,2024-06-08T21:22:37,108.48,0.0,8.43,116.91,SKU-2044,3,36.16,0.0,2.81,38.97,False
PED-00599,CLI-10043,CH-APP,LOJA-01,delivered,2024-12-05T09:22:40,16474.38,0.0,1897.86,18372.24,SKU-2146,3,5491.46,0.0,632.62,6124.08,False
PED-00599,CLI-10043,CH-APP,LOJA-01,delivered,2024-12-05T09:22:40,18951.74,0.0,2112.16,21063.9,SKU-2128,2,1238.68,0.0,107.15,1345.83,False
PED-00599,CLI-10043,CH-APP,LOJA-01,delivered,2024-12-05T09:22:40,19271.25,0.0,2137.09,21408.34,SKU-2078,1,319.51,0.0,24.93,344.44,False
PED-00600,CLI-10044,CH-WEB,LOJA-WEB,confirmed,2024-04-13T14:44:35,220.17,0.0,15.18,235.35,SKU-2013,3,73.39,0.0,5.06,78.45,False
PED-00600,CLI-10044,CH-WEB,LOJA-WEB,confirmed,2024-04-13T14:44:35,246.27,4.45,17.55,259.37,SKU-2095,1,26.1,4.45,2.37,24.02,True
PED-00601,CLI-10045,CH-WEB,LOJA-WEB,delivered,2024-04-05T06:43:20,643.78,0.0,67.8,711.58,SKU-2021,1,643.78,0.0,67.8,711.58,False
PED-00601,CLI-10045,CH-WEB,LOJA-WEB,delivered,2024-04-05T06:43:20,661.9,1.24,69.01,729.67,SKU-2145,1,18.12,1.24,1.21,18.09,True
PED-00601,CLI-10045,CH-WEB,LOJA-WEB,delivered,2024-04-05T06:43:20,699.04,1.24,73.35,771.15,SKU-2144,2,18.57,0.0,2.17,20.74,False
PED-00602,CLI-10045,CH-WEB,LOJA-WEB,delivered,2024-04-11T12:43:10,87.42,0.0,7.46,94.88,SKU-2024,2,43.71,0.0,3.73,47.44,False
PED-00602,CLI-10045,CH-WEB,LOJA-WEB,delivered,2024-04-11T12:43:10,114.84,0.0,9.11,123.95,SKU-2084,3,9.14,0.0,0.55,9.69,False
PED-00603,CLI-10045,CH-WEB,LOJA-WEB,confirmed,2024-04-19T11:59:10,361.5,0.0,20.44,381.94,SKU-2041,1,361.5,0.0,20.44,381.94,False
PED-00603,CLI-10045,CH-WEB,LOJA-WEB,confirmed,2024-04-19T11:59:10,1019.79,0.0,63.28,1083.07,SKU-2038,3,219.43,0.0,14.28,233.71,False
PED-00603,CLI-10045,CH-WEB,LOJA-WEB,confirmed,2024-04-19T11:59:10,4294.65,0.0,403.27,4697.92,SKU-2118,3,1091.62,0.0,113.33,1204.95,False
PED-00604,CLI-10045,CH-WEB,LOJA-WEB,delivered,2024-06-13T08:57:51,17.04,0.0,1.88,18.92,SKU-2114,2,8.52,0.0,0.94,9.46,False
PED-00604,CLI-10045,CH-WEB,LOJA-WEB,delivered,2024-06-13T08:57:51,386.3,71.1,31.04,346.24,SKU-2033,2,184.63,35.55,14.58,163.66,True
PED-00604,CLI-10045,CH-WEB,LOJA-WEB,delivered,2024-06-13T08:57:51,6517.3,71.1,599.55,7045.75,SKU-2086,1,6131.0,0.0,568.51,6699.51,False
PED-00605,CLI-10045,CH-WEB,LOJA-WEB,delivered,2024-06-16T02:39:10,9105.08,0.0,1072.82,10177.9,SKU-2036,2,4552.54,0.0,536.41,5088.95,False
PED-00606,CLI-10045,CH-FISICO,LOJA-02,cancelled,2024-06-17T14:53:07,8218.68,0.0,462.27,8680.95,SKU-2017,3,2739.56,0.0,154.09,2893.65,False
PED-00606,CLI-10045,CH-FISICO,LOJA-02,cancelled,2024-06-17T14:53:07,8820.43,0.0,511.77,9332.2,SKU-2071,1,601.75,0.0,49.5,651.25,False
PED-00607,CLI-10045,CH-WEB,LOJA-WEB,delivered,2024-08-20T03:59:55,1005.16,222.94,61.06,843.28,SKU-2031,2,502.58,111.47,30.53,421.64,True
PED-00607,CLI-10045,CH-WEB,LOJA-WEB,delivered,2024-08-20T03:59:55,1059.52,222.94,64.27,900.85,SKU-2145,3,18.12,0.0,1.07,19.19,False
PED-00608,CLI-10045,CH-WEB,LOJA-WEB,delivered,2024-09-20T00:13:38,603.93,0.0,32.61,636.54,SKU-2129,3,201.31,0.0,10.87,212.18,False
PED-00608,CLI-10045,CH-WEB,LOJA-WEB,delivered,2024-09-20T00:13:38,613.8,0.0,33.49,647.29,SKU-2115,1,9.87,0.0,0.88,10.75,False
PED-00608,CLI-10045,CH-WEB,LOJA-WEB,delivered,2024-09-20T00:13:38,5072.97,0.0,347.18,5420.15,SKU-2067,1,4459.17,0.0,313.69,4772.86,False
PED-00608,CLI-10045,CH-WEB,LOJA-WEB,delivered,2024-09-20T00:13:38,5396.82,0.0,382.73,5779.55,SKU-2010,1,323.85,0.0,35.55,359.4,False
PED-00609,CLI-10045,CH-WEB,LOJA-WEB,delivered,2024-10-24T07:40:14,4243.51,0.0,484.7,4728.21,SKU-2136,1,4243.51,0.0,484.7,4728.21,False
PED-00609,CLI-10045,CH-WEB,LOJA-WEB,delivered,2024-10-24T07:40:14,4441.61,0.0,497.38,4938.99,SKU-2119,2,99.05,0.0,6.34,105.39,False
PED-00609,CLI-10045,CH-WEB,LOJA-WEB,delivered,2024-10-24T07:40:14,6555.73,250.5,669.4,6974.63,SKU-2027,2,1057.06,125.25,86.01,1017.82,True
PED-00609,CLI-10045,CH-WEB,LOJA-WEB,delivered,2024-10-24T07:40:14,7199.51,250.5,723.05,7672.06,SKU-2021,1,643.78,0.0,53.65,697.43,False
PED-00610,CLI-10045,CH-WEB,LOJA-WEB,delivered,2024-10-24T23:10:41,106.08,0.0,11.05,117.13,SKU-2081,1,106.08,0.0,11.05,117.13,False
PED-00610,CLI-10045,CH-WEB,LOJA-WEB,delivered,2024-10-24T23:10:41,124.2,0.0,12.41,136.61,SKU-2145,1,18.12,0.0,1.36,19.48,False
PED-00611,CLI-10045,CH-WEB,LOJA-WEB,delivered,2024-11-04T13:57:45,643.78,0.0,35.87,679.65,SKU-2021,1,643.78,0.0,35.87,679.65,False
PED-00611,CLI-10045,CH-WEB,LOJA-WEB,delivered,2024-11-04T13:57:45,14301.4,0.0,1120.01,15421.41,SKU-2036,3,4552.54,0.0,361.38,4913.92,False
PED-00612,CLI-10045,CH-WEB,LOJA-WEB,delivered,2024-12-11T14:06:47,2633.78,0.0,220.48,2854.26,SKU-2087,2,1316.89,0.0,110.24,1427.13,False
PED-00612,CLI-10045,CH-WEB,LOJA-WEB,delivered,2024-12-11T14:06:47,25219.4,0.0,1603.81,26823.21,SKU-2076,3,7528.54,0.0,461.11,7989.65,False
PED-00612,CLI-10045,CH-WEB,LOJA-WEB,delivered,2024-12-11T14:06:47,26467.52,0.0,1745.95,28213.47,SKU-2042,3,416.04,0.0,47.38,463.42,False
PED-00612,CLI-10045,CH-WEB,LOJA-WEB,delivered,2024-12-11T14:06:47,27149.15,0.0,1780.51,28929.66,SKU-2050,3,227.21,0.0,11.52,238.73,False
PED-00613,CLI-10045,CH-APP,LOJA-02,delivered,2024-12-26T15:17:23,45.19,0.0,3.26,48.45,SKU-2003,1,45.19,0.0,3.26,48.45,False
PED-00613,CLI-10045,CH-APP,LOJA-02,delivered,2024-12-26T15:17:23,703.48,0.0,60.17,763.65,SKU-2038,3,219.43,0.0,18.97,238.4,False
PED-00613,CLI-10045,CH-APP,LOJA-02,delivered,2024-12-26T15:17:23,4953.64,0.0,553.33,5506.97,SKU-2117,1,4250.16,0.0,493.16,4743.32,False
PED-00614,CLI-10045,CH-WEB,LOJA-WEB,delivered,2025-01-12T06:55:00,40.65,0.0,3.24,43.89,SKU-2055,3,13.55,0.0,1.08,14.63,False
PED-00615,CLI-10045,CH-WEB,LOJA-WEB,delivered,2025-01-15T07:04:43,8298.84,0.0,424.34,8723.18,SKU-2147,2,4149.42,0.0,212.17,4361.59,False
PED-00615,CLI-10045,CH-WEB,LOJA-WEB,delivered,2025-01-15T07:04:43,8389.22,0.0,434.34,8823.56,SKU-2003,2,45.19,0.0,5.0,50.19,False
PED-00616,CLI-10045,CH-WEB,LOJA-WEB,delivered,2025-02-01T14:54:44,720.34,61.34,52.72,711.72,SKU-2138,2,360.17,30.67,26.36,355.86,True
PED-00616,CLI-10045,CH-WEB,LOJA-WEB,delivered,2025-02-01T14:54:44,789.22,61.34,56.95,784.83,SKU-2109,1,68.88,0.0,4.23,73.11,False
PED-00616,CLI-10045,CH-WEB,LOJA-WEB,delivered,2025-02-01T14:54:44,884.82,61.34,67.39,890.87,SKU-2133,2,47.8,0.0,5.22,53.02,False
PED-00617,CLI-10045,CH-WEB,LOJA-WEB,delivered,2025-02-11T03:29:05,349.56,18.63,38.15,369.08,SKU-2022,1,349.56,18.63,38.15,369.08,True
PED-00618,CLI-10045,CH-WEB,LOJA-WEB,delivered,2025-03-06T02:08:01,2477.36,0.0,258.6,2735.96,SKU-2128,2,1238.68,0.0,129.3,1367.98,False
PED-00618,CLI-10045,CH-WEB,LOJA-WEB,delivered,2025-03-06T02:08:01,6490.94,0.0,514.23,7005.17,SKU-2148,3,1337.86,0.0,85.21,1423.07,False
PED-00618,CLI-10045,CH-WEB,LOJA-WEB,delivered,2025-03-06T02:08:01,8984.08,0.0,700.07,9684.15,SKU-2008,2,1246.57,0.0,92.92,1339.49,False
PED-00618,CLI-10045,CH-WEB,LOJA-WEB,delivered,2025-03-06T02:08:01,9034.68,0.0,705.51,9740.19,SKU-2074,2,25.3,0.0,2.72,28.02,False
PED-00619,CLI-10045,CH-FISICO,LOJA-02,delivered,2025-03-28T11:03:24,13377.51,0.0,1511.82,14889.33,SKU-2067,3,4459.17,0.0,503.94,4963.11,False
PED-00619,CLI-10045,CH-FISICO,LOJA-02,delivered,2025-03-28T11:03:24,14016.53,35.3,1575.42,15556.65,SKU-2078,2,319.51,17.65,31.8,333.66,True
PED-00619,CLI-10045,CH-FISICO,LOJA-02,delivered,2025-03-28T11:03:24,42090.35,35.3,4158.09,46213.14,SKU-2106,3,9357.94,0.0,860.89,10218.83,False
PED-00620,CLI-10045,CH-WEB,LOJA-WEB,delivered,2025-05-20T09:34:52,83.84,0.0,7.92,91.76,SKU-2049,2,41.92,0.0,3.96,45.88,False
PED-00620,CLI-10045,CH-WEB,LOJA-WEB,delivered,2025-05-20T09:34:52,688.16,0.0,76.38,764.54,SKU-2100,3,201.44,0.0,22.82,224.26,False
PED-00620,CLI-10045,CH-WEB,LOJA-WEB,delivered,2025-05-20T09:34:52,908.33,0.0,90.96,999.29,SKU-2013,3,73.39,0.0,4.86,78.25,False
PED-00620,CLI-10045,CH-WEB,LOJA-WEB,delivered,2025-05-20T09:34:52,13356.59,0.0,1152.78,14509.37,SKU-2147,3,4149.42,0.0,353.94,4503.36,False
PED-00621,CLI-10045,CH-WEB,LOJA-WEB,delivered,2025-06-14T18:54:43,471.08,25.97,22.62,467.73,SKU-2141,1,471.08,25.97,22.62,467.73,True
PED-00621,CLI-10045,CH-WEB,LOJA-WEB,delivered,2025-06-14T18:54:43,2538.65,25.97,215.46,2728.14,SKU-2040,3,689.19,0.0,64.28,753.47,False
PED-00621,CLI-10045,CH-WEB,LOJA-WEB,delivered,2025-06-14T18:54:43,3841.61,25.97,287.79,4103.43,SKU-2082,3,434.32,0.0,24.11,458.43,False
PED-00622,CLI-10045,CH-TELEVENDAS,LOJA-TELEVENDAS,delivered,2025-07-07T05:39:36,22585.62,0.0,2277.57,24863.19,SKU-2076,3,7528.54,0.0,759.19,8287.73,False
PED-00622,CLI-10045,CH-TELEVENDAS,LOJA-TELEVENDAS,delivered,2025-07-07T05:39:36,22669.46,0.0,2285.63,24955.09,SKU-2049,2,41.92,0.0,4.03,45.95,False
PED-00623,CLI-10045,CH-WEB,LOJA-WEB,delivered,2025-08-21T11:24:30,1772.96,0.0,103.88,1876.84,SKU-2028,2,886.48,0.0,51.94,938.42,False
PED-00624,CLI-10045,CH-WEB,LOJA-WEB,delivered,2025-08-26T12:06:07,94.58,0.0,7.46,102.04,SKU-2053,2,47.29,0.0,3.73,51.02,False
PED-00624,CLI-10045,CH-WEB,LOJA-WEB,delivered,2025-08-26T12:06:07,497.46,0.0,29.76,527.22,SKU-2100,2,201.44,0.0,11.15,212.59,False
PED-00624,CLI-10045,CH-WEB,LOJA-WEB,delivered,2025-08-26T12:06:07,606.69,0.0,42.03,648.72,SKU-2025,3,36.41,0.0,4.09,40.5,False
PED-00625,CLI-10045,CH-WEB,LOJA-WEB,delivered,2025-09-05T10:14:31,18.12,0.0,2.17,20.29,SKU-2145,1,18.12,0.0,2.17,20.29,False
PED-00625,CLI-10045,CH-WEB,LOJA-WEB,delivered,2025-09-05T10:14:31,2511.26,0.0,231.53,2742.79,SKU-2008,2,1246.57,0.0,114.68,1361.25,False
PED-00626,CLI-10046,CH-WEB,LOJA-WEB,confirmed,2024-05-10T21:55:25,13.55,0.0,0.89,14.44,SKU-2055,1,13.55,0.0,0.89,14.44,False
PED-00627,CLI-10046,CH-WEB,LOJA-WEB,delivered,2024-10-10T11:38:39,651.27,0.0,45.99,697.26,SKU-2089,3,217.09,0.0,15.33,232.42,False
PED-00628,CLI-10046,CH-WEB,LOJA-WEB,delivered,2024-11-16T15:42:38,17.91,0.0,2.01,19.92,SKU-2064,1,17.91,0.0,2.01,19.92,False
PED-00628,CLI-10046,CH-WEB,LOJA-WEB,delivered,2024-11-16T15:42:38,90.23,0.0,6.15,96.38,SKU-2044,2,36.16,0.0,2.07,38.23,False
PED-00629,CLI-10046,CH-WEB,LOJA-WEB,delivered,2025-01-03T17:31:14,1398.52,0.0,129.38,1527.9,SKU-2110,2,699.26,0.0,64.69,763.95,False
PED-00629,CLI-10046,CH-WEB,LOJA-WEB,delivered,2025-01-03T17:31:14,1415.56,0.0,130.66,1546.22,SKU-2114,2,8.52,0.0,0.64,9.16,False
PED-00629,CLI-10046,CH-WEB,LOJA-WEB,delivered,2025-01-03T17:31:14,4095.7,0.0,348.97,4444.67,SKU-2108,3,893.38,0.0,72.77,966.15,False
PED-00629,CLI-10046,CH-WEB,LOJA-WEB,delivered,2025-01-03T17:31:14,4543.43,0.0,379.29,4922.72,SKU-2069,1,447.73,0.0,30.32,478.05,False
PED-00630,CLI-10046,CH-WEB,LOJA-WEB,cancelled,2025-02-22T23:52:19,381.47,0.0,30.54,412.01,SKU-2101,1,381.47,0.0,30.54,412.01,False
PED-00630,CLI-10046,CH-WEB,LOJA-WEB,cancelled,2025-02-22T23:52:19,7246.74,0.0,408.71,7655.45,SKU-2007,1,6865.27,0.0,378.17,7243.44,False
PED-00630,CLI-10046,CH-WEB,LOJA-WEB,cancelled,2025-02-22T23:52:19,8169.99,0.0,464.24,8634.23,SKU-2029,3,307.75,0.0,18.51,326.26,False
PED-00631,CLI-10046,CH-WEB,LOJA-WEB,delivered,2025-02-23T12:28:54,198.1,0.0,17.7,215.8,SKU-2119,2,99.05,0.0,8.85,107.9,False
PED-00631,CLI-10046,CH-WEB,LOJA-WEB,delivered,2025-02-23T12:28:54,234.34,0.0,20.06,254.4,SKU-2145,2,18.12,0.0,1.18,19.3,False
PED-00632,CLI-10046,CH-WEB,LOJA-WEB,cancelled,2025-04-09T04:48:36,16474.38,0.0,1695.78,18170.16,SKU-2146,3,5491.46,0.0,565.26,6056.72,False
PED-00633,CLI-10046,CH-WEB,LOJA-WEB,confirmed,2025-04-30T03:26:35,85.77,0.0,7.9,93.67,SKU-2011,1,85.77,0.0,7.9,93.67,False
PED-00633,CLI-10046,CH-WEB,LOJA-WEB,confirmed,2025-04-30T03:26:35,1752.87,0.0,158.53,1911.4,SKU-2070,3,555.7,0.0,50.21,605.91,False
PED-00633,CLI-10046,CH-WEB,LOJA-WEB,confirmed,2025-04-30T03:26:35,3798.61,422.78,305.09,3680.92,SKU-2107,2,1022.87,211.39,73.28,884.76,True
PED-00633,CLI-10046,CH-WEB,LOJA-WEB,confirmed,2025-04-30T03:26:35,3998.68,422.78,319.08,3894.98,SKU-2030,1,200.07,0.0,13.99,214.06,False
PED-00634,CLI-10046,CH-WEB,LOJA-WEB,cancelled,2025-05-28T03:00:35,18393.0,2648.19,1701.84,17446.65,SKU-2086,3,6131.0,882.73,567.28,5815.55,True
PED-00635,CLI-10046,CH-WEB,LOJA-WEB,delivered,2025-06-16T13:30:26,706.92,0.0,37.68,744.6,SKU-2142,2,353.46,0.0,18.84,372.3,False
PED-00636,CLI-10046,CH-WEB,LOJA-WEB,delivered,2026-01-26T21:40:06,78.3,7.41,7.65,78.54,SKU-2095,3,26.1,2.47,2.55,26.18,True
PED-00637,CLI-10047,CH-WEB,LOJA-WEB,cancelled,2025-01-18T22:37:22,146.78,0.0,7.78,154.56,SKU-2013,2,73.39,0.0,3.89,77.28,False
PED-00638,CLI-10048,CH-TELEVENDAS,LOJA-TELEVENDAS,delivered,2024-04-12T00:20:23,841.47,0.0,49.29,890.76,SKU-2149,3,280.49,0.0,16.43,296.92,False
PED-00638,CLI-10048,CH-TELEVENDAS,LOJA-TELEVENDAS,delivered,2024-04-12T00:20:23,920.91,0.0,55.92,976.83,SKU-2105,3,26.48,0.0,2.21,28.69,False
PED-00639,CLI-10048,CH-TELEVENDAS,LOJA-TELEVENDAS,delivered,2024-04-19T02:12:24,8918.34,0.0,666.3,9584.64,SKU-2067,2,4459.17,0.0,333.15,4792.32,False
PED-00640,CLI-10048,CH-TELEVENDAS,LOJA-TELEVENDAS,confirmed,2024-04-25T01:24:26,1384.32,72.86,85.42,1396.88,SKU-2019,2,692.16,36.43,42.71,698.44,True
PED-00641,CLI-10048,CH-APP,LOJA-03,confirmed,2024-04-29T12:47:44,863.46,65.64,91.08,888.9,SKU-2079,3,287.82,21.88,30.36,296.3,True
PED-00641,CLI-10048,CH-APP,LOJA-03,confirmed,2024-04-29T12:47:44,20790.16,65.64,2297.96,23022.48,SKU-2116,2,9963.35,0.0,1103.44,11066.79,False
PED-00641,CLI-10048,CH-APP,LOJA-03,confirmed,2024-04-29T12:47:44,21059.41,65.64,2318.96,23312.73,SKU-2039,3,89.75,0.0,7.0,96.75,False
PED-00642,CLI-10048,CH-TELEVENDAS,LOJA-TELEVENDAS,cancelled,2024-05-11T08:35:08,9116.44,0.0,931.26,10047.7,SKU-2037,2,4558.22,0.0,465.63,5023.85,False
PED-00643,CLI-10048,CH-TELEVENDAS,LOJA-TELEVENDAS,delivered,2024-06-28T14:55:46,88.89,0.0,5.76,94.65,SKU-2090,1,88.89,0.0,5.76,94.65,False
PED-00643,CLI-10048,CH-TELEVENDAS,LOJA-TELEVENDAS,delivered,2024-06-28T14:55:46,9007.23,0.0,768.76,9775.99,SKU-2067,2,4459.17,0.0,381.5,4840.67,False
PED-00643,CLI-10048,CH-TELEVENDAS,LOJA-TELEVENDAS,delivered,2024-06-28T14:55:46,9207.3,0.0,783.94,9991.24,SKU-2030,1,200.07,0.0,15.18,215.25,False
PED-00643,CLI-10048,CH-TELEVENDAS,LOJA-TELEVENDAS,delivered,2024-06-28T14:55:46,9862.18,0.0,850.24,10712.42,SKU-2140,1,654.88,0.0,66.3,721.18,False
PED-00644,CLI-10048,CH-TELEVENDAS,LOJA-TELEVENDAS,delivered,2024-07-06T02:32:35,242.31,0.0,14.01,256.32,SKU-2132,3,80.77,0.0,4.67,85.44,False
PED-00644,CLI-10048,CH-TELEVENDAS,LOJA-TELEVENDAS,delivered,2024-07-06T02:32:35,941.57,39.95,59.26,960.88,SKU-2110,1,699.26,39.95,45.25,704.56,True
PED-00644,CLI-10048,CH-TELEVENDAS,LOJA-TELEVENDAS,delivered,2024-07-06T02:32:35,1998.63,39.95,132.5,2091.18,SKU-2027,1,1057.06,0.0,73.24,1130.3,False
PED-00644,CLI-10048,CH-TELEVENDAS,LOJA-TELEVENDAS,delivered,2024-07-06T02:32:35,3187.71,39.95,225.62,3373.38,SKU-2012,3,396.36,0.0,31.04,427.4,False
PED-00645,CLI-10048,CH-TELEVENDAS,LOJA-TELEVENDAS,delivered,2024-07-11T10:39:11,1274.34,0.0,129.18,1403.52,SKU-2052,3,424.78,0.0,43.06,467.84,False
PED-00645,CLI-10048,CH-TELEVENDAS,LOJA-TELEVENDAS,delivered,2024-07-11T10:39:11,1381.02,0.0,141.29,1522.31,SKU-2043,1,106.68,0.0,12.11,118.79,False
PED-00645,CLI-10048,CH-TELEVENDAS,LOJA-TELEVENDAS,delivered,2024-07-11T10:39:11,6839.82,0.0,530.9,7370.72,SKU-2088,3,1819.6,0.0,129.87,1949.47,False
PED-00645,CLI-10048,CH-TELEVENDAS,LOJA-TELEVENDAS,delivered,2024-07-11T10:39:11,7319.79,0.0,565.49,7885.28,SKU-2073,3,159.99,0.0,11.53,171.52,False
PED-00646,CLI-10048,CH-TELEVENDAS,LOJA-TELEVENDAS,delivered,2024-07-15T21:40:39,1197.94,0.0,74.78,1272.72,SKU-2121,2,598.97,0.0,37.39,636.36,False
PED-00647,CLI-10048,CH-TELEVENDAS,LOJA-TELEVENDAS,confirmed,2024-07-17T15:00:09,1197.94,0.0,99.52,1297.46,SKU-2121,2,598.97,0.0,49.76,648.73,False
PED-00647,CLI-10048,CH-TELEVENDAS,LOJA-TELEVENDAS,confirmed,2024-07-17T15:00:09,1478.43,0.0,124.68,1603.11,SKU-2149,1,280.49,0.0,25.16,305.65,False
PED-00647,CLI-10048,CH-TELEVENDAS,LOJA-TELEVENDAS,confirmed,2024-07-17T15:00:09,2770.29,0.0,236.78,3007.07,SKU-2000,2,645.93,0.0,56.05,701.98,False
PED-00648,CLI-10048,CH-FISICO,LOJA-03,delivered,2024-07-21T00:46:41,337.32,0.0,17.18,354.5,SKU-2139,2,168.66,0.0,8.59,177.25,False
PED-00648,CLI-10048,CH-FISICO,LOJA-03,delivered,2024-07-21T00:46:41,381.94,0.0,20.46,402.4,SKU-2065,2,22.31,0.0,1.64,23.95,False
PED-00648,CLI-10048,CH-FISICO,LOJA-03,delivered,2024-07-21T00:46:41,429.97,0.0,25.74,455.71,SKU-2124,3,16.01,0.0,1.76,17.77,False
PED-00649,CLI-10048,CH-WEB,LOJA-WEB,returned,2024-08-09T12:02:28,9105.08,1507.04,749.98,8348.02,SKU-2036,2,4552.54,753.52,374.99,4174.01,True
PED-00649,CLI-10048,CH-WEB,LOJA-WEB,returned,2024-08-09T12:02:28,9318.1,1507.04,771.74,8582.8,SKU-2091,2,106.51,0.0,10.88,117.39,False
PED-00650,CLI-10048,CH-TELEVENDAS,LOJA-TELEVENDAS,cancelled,2024-10-15T01:48:16,22.42,0.0,1.78,24.2,SKU-2134,2,11.21,0.0,0.89,12.1,False
PED-00650,CLI-10048,CH-TELEVENDAS,LOJA-TELEVENDAS,cancelled,2024-10-15T01:48:16,94.74,0.0,5.6,100.34,SKU-2044,2,36.16,0.0,1.91,38.07,False
PED-00650,CLI-10048,CH-TELEVENDAS,LOJA-TELEVENDAS,cancelled,2024-10-15T01:48:16,13472.25,0.0,1455.62,14927.87,SKU-2067,3,4459.17,0.0,483.34,4942.51,False
PED-00650,CLI-10048,CH-TELEVENDAS,LOJA-TELEVENDAS,cancelled,2024-10-15T01:48:16,13689.34,0.0,1473.39,15162.73,SKU-2089,1,217.09,0.0,17.77,234.86,False
PED-00651,CLI-10048,CH-TELEVENDAS,LOJA-TELEVENDAS,cancelled,2024-11-17T20:44:29,9116.44,0.0,879.76,9996.2,SKU-2037,2,4558.22,0.0,439.88,4998.1,False
PED-00651,CLI-10048,CH-TELEVENDAS,LOJA-TELEVENDAS,cancelled,2024-11-17T20:44:29,9314.54,0.0,890.56,10205.1,SKU-2119,2,99.05,0.0,5.4,104.45,False
PED-00651,CLI-10048,CH-TELEVENDAS,LOJA-TELEVENDAS,cancelled,2024-11-17T20:44:29,9753.4,25.54,919.42,10647.28,SKU-2038,2,219.43,12.77,14.43,221.09,True
PED-00651,CLI-10048,CH-TELEVENDAS,LOJA-TELEVENDAS,cancelled,2024-11-17T20:44:29,9896.8,25.54,931.48,10802.74,SKU-2133,3,47.8,0.0,4.02,51.82,False
PED-00652,CLI-10049,CH-APP,LOJA-02,delivered,2024-04-25T02:18:07,349.56,0.0,22.29,371.85,SKU-2022,1,349.56,0.0,22.29,371.85,False
PED-00652,CLI-10049,CH-APP,LOJA-02,delivered,2024-04-25T02:18:07,1692.75,0.0,116.79,1809.54,SKU-2069,3,447.73,0.0,31.5,479.23,False
PED-00653,CLI-10050,CH-FISICO,LOJA-03,delivered,2026-02-09T20:14:14,55.71,0.0,5.91,61.62,SKU-2144,3,18.57,0.0,1.97,20.54,False
PED-00653,CLI-10050,CH-FISICO,LOJA-03,delivered,2026-02-09T20:14:14,231.08,0.0,17.13,248.21,SKU-2111,1,175.37,0.0,11.22,186.59,False
PED-00654,CLI-10051,CH-TELEVENDAS,LOJA-TELEVENDAS,delivered,2024-06-15T19:10:41,143.92,0.0,11.44,155.36,SKU-2080,2,71.96,0.0,5.72,77.68,False
PED-00654,CLI-10051,CH-TELEVENDAS,LOJA-TELEVENDAS,delivered,2024-06-15T19:10:41,2621.28,0.0,293.56,2914.84,SKU-2128,2,1238.68,0.0,141.06,1379.74,False
PED-00654,CLI-10051,CH-TELEVENDAS,LOJA-TELEVENDAS,delivered,2024-06-15T19:10:41,2727.79,0.0,302.02,3029.81,SKU-2091,1,106.51,0.0,8.46,114.97,False
PED-00654,CLI-10051,CH-TELEVENDAS,LOJA-TELEVENDAS,delivered,2024-06-15T19:10:41,2826.84,0.0,309.07,3135.91,SKU-2119,1,99.05,0.0,7.05,106.1,False
PED-00655,CLI-10051,CH-FISICO,LOJA-01,confirmed,2024-07-22T21:20:27,1662.84,0.0,89.46,1752.3,SKU-2032,3,554.28,0.0,29.82,584.1,False
PED-00655,CLI-10051,CH-FISICO,LOJA-01,confirmed,2024-07-22T21:20:27,1777.68,0.0,103.13,1880.81,SKU-2103,1,114.84,0.0,13.67,128.51,False
PED-00655,CLI-10051,CH-FISICO,LOJA-01,confirmed,2024-07-22T21:20:27,1888.12,0.0,109.4,1997.52,SKU-2001,1,110.44,0.0,6.27,116.71,False
PED-00655,CLI-10051,CH-FISICO,LOJA-01,confirmed,2024-07-22T21:20:27,4071.36,0.0,324.1,4395.46,SKU-2118,2,1091.62,0.0,107.35,1198.97,False
PED-00656,CLI-10051,CH-TELEVENDAS,LOJA-TELEVENDAS,delivered,2024-07-29T13:53:28,1274.34,252.42,86.52,1108.44,SKU-2052,3,424.78,84.14,28.84,369.48,True
PED-00657,CLI-10051,CH-TELEVENDAS,LOJA-TELEVENDAS,delivered,2024-09-25T18:10:59,110.44,8.9,11.33,112.87,SKU-2001,1,110.44,8.9,11.33,112.87,True
PED-00657,CLI-10051,CH-TELEVENDAS,LOJA-TELEVENDAS,delivered,2024-09-25T18:10:59,158.47,13.25,14.96,160.18,SKU-2124,3,16.01,1.45,1.21,15.77,True
PED-00657,CLI-10051,CH-TELEVENDAS,LOJA-TELEVENDAS,delivered,2024-09-25T18:10:59,2093.86,13.25,119.27,2199.88,SKU-2051,3,645.13,0.0,34.77,679.9,False
PED-00658,CLI-10051,CH-TELEVENDAS,LOJA-TELEVENDAS,confirmed,2024-10-22T13:04:12,385.64,0.0,24.27,409.91,SKU-2112,1,385.64,0.0,24.27,409.91,False
PED-00658,CLI-10051,CH-TELEVENDAS,LOJA-TELEVENDAS,confirmed,2024-10-22T13:04:12,1893.38,0.0,117.69,2011.07,SKU-2031,3,502.58,0.0,31.14,533.72,False
PED-00658,CLI-10051,CH-TELEVENDAS,LOJA-TELEVENDAS,confirmed,2024-10-22T13:04:12,3991.16,0.0,252.0,4243.16,SKU-2110,3,699.26,0.0,44.77,744.03,False
PED-00659,CLI-10051,CH-TELEVENDAS,LOJA-TELEVENDAS,delivered,2024-11-09T04:48:07,3331.08,355.38,173.8,3149.5,SKU-2098,2,1665.54,177.69,86.9,1574.75,True
PED-00659,CLI-10051,CH-TELEVENDAS,LOJA-TELEVENDAS,delivered,2024-11-09T04:48:07,5445.2,589.1,352.74,5208.84,SKU-2027,2,1057.06,116.86,89.47,1029.67,True
PED-00659,CLI-10051,CH-TELEVENDAS,LOJA-TELEVENDAS,delivered,2024-11-09T04:48:07,8720.06,589.1,526.26,8657.22,SKU-2118,3,1091.62,0.0,57.84,1149.46,False
PED-00659,CLI-10051,CH-TELEVENDAS,LOJA-TELEVENDAS,delivered,2024-11-09T04:48:07,27435.94,589.1,2075.06,28921.9,SKU-2106,2,9357.94,0.0,774.4,10132.34,False
PED-00660,CLI-10051,CH-TELEVENDAS,LOJA-TELEVENDAS,delivered,2024-11-25T22:49:54,434.18,0.0,27.02,461.2,SKU-2089,2,217.09,0.0,13.51,230.6,False
PED-00660,CLI-10051,CH-TELEVENDAS,LOJA-TELEVENDAS,delivered,2024-11-25T22:49:54,445.39,0.0,28.14,473.53,SKU-2134,1,11.21,0.0,1.12,12.33,False
PED-00661,CLI-10051,CH-TELEVENDAS,LOJA-TELEVENDAS,delivered,2025-01-29T20:10:34,402.88,0.0,37.22,440.1,SKU-2100,2,201.44,0.0,18.61,220.05,False
PED-00661,CLI-10051,CH-TELEVENDAS,LOJA-TELEVENDAS,delivered,2025-01-29T20:10:34,3142.44,0.0,352.05,3494.49,SKU-2017,1,2739.56,0.0,314.83,3054.39,False
PED-00661,CLI-10051,CH-TELEVENDAS,LOJA-TELEVENDAS,delivered,2025-01-29T20:10:34,3582.51,0.0,378.03,3960.54,SKU-2123,3,146.69,0.0,8.66,155.35,False
PED-00662,CLI-10051,CH-TELEVENDAS,LOJA-TELEVENDAS,delivered,2025-07-09T06:57:25,2739.56,195.18,293.61,2837.99,SKU-2017,1,2739.56,195.18,293.61,2837.99,True
PED-00662,CLI-10051,CH-TELEVENDAS,LOJA-TELEVENDAS,delivered,2025-07-09T06:57:25,2911.1,195.18,304.97,3020.89,SKU-2011,2,85.77,0.0,5.68,91.45,False
PED-00662,CLI-10051,CH-TELEVENDAS,LOJA-TELEVENDAS,delivered,2025-07-09T06:57:25,23506.91,195.18,1486.76,24798.49,SKU-2007,3,6865.27,0.0,393.93,7259.2,False
PED-00662,CLI-10051,CH-TELEVENDAS,LOJA-TELEVENDAS,delivered,2025-07-09T06:57:25,24196.1,195.18,1539.75,25540.67,SKU-2040,1,689.19,0.0,52.99,742.18,False
PED-00663,CLI-10051,CH-FISICO,LOJA-01,delivered,2025-11-18T08:17:09,136.62,0.0,14.88,151.5,SKU-2113,2,68.31,0.0,7.44,75.75,False
PED-00664,CLI-10051,CH-TELEVENDAS,LOJA-TELEVENDAS,delivered,2025-12-08T08:37:46,454.42,0.0,31.82,486.24,SKU-2050,2,227.21,0.0,15.91,243.12,False
PED-00664,CLI-10051,CH-TELEVENDAS,LOJA-TELEVENDAS,delivered,2025-12-08T08:37:46,472.33,0.0,33.26,505.59,SKU-2064,1,17.91,0.0,1.44,19.35,False
PED-00665,CLI-10051,CH-WEB,LOJA-WEB,delivered,2026-02-26T23:53:00,220.88,0.0,24.42,245.3,SKU-2001,2,110.44,0.0,12.21,122.65,False
PED-00665,CLI-10051,CH-WEB,LOJA-WEB,delivered,2026-02-26T23:53:00,1197.18,0.0,123.12,1320.3,SKU-2092,2,488.15,0.0,49.35,537.5,False
PED-00666,CLI-10052,CH-TELEVENDAS,LOJA-TELEVENDAS,delivered,2024-04-29T03:20:58,771.28,0.0,85.74,857.02,SKU-2112,2,385.64,0.0,42.87,428.51,False
PED-00667,CLI-10052,CH-TELEVENDAS,LOJA-TELEVENDAS,delivered,2024-05-03T16:14:57,42.14,0.0,4.88,47.02,SKU-2059,1,42.14,0.0,4.88,47.02,False
PED-00667,CLI-10052,CH-TELEVENDAS,LOJA-TELEVENDAS,delivered,2024-05-03T16:14:57,188.92,0.0,15.9,204.82,SKU-2013,2,73.39,0.0,5.51,78.9,False
PED-00667,CLI-10052,CH-TELEVENDAS,LOJA-TELEVENDAS,delivered,2024-05-03T16:14:57,549.09,0.0,35.79,584.88,SKU-2138,1,360.17,0.0,19.89,380.06,False
PED-00667,CLI-10052,CH-TELEVENDAS,LOJA-TELEVENDAS,delivered,2024-05-03T16:14:57,576.51,0.0,38.16,614.67,SKU-2084,3,9.14,0.0,0.79,9.93,False
PED-00668,CLI-10052,CH-TELEVENDAS,LOJA-TELEVENDAS,delivered,2024-05-16T03:53:11,560.98,0.0,66.72,627.7,SKU-2149,2,280.49,0.0,33.36,313.85,False
PED-00669,CLI-10052,CH-TELEVENDAS,LOJA-TELEVENDAS,delivered,2024-05-17T06:08:54,8.85,0.0,0.9,9.75,SKU-2035,1,8.85,0.0,0.9,9.75,False
PED-00670,CLI-10052,CH-TELEVENDAS,LOJA-TELEVENDAS,delivered,2024-06-22T13:37:31,55.71,0.0,5.76,61.47,SKU-2144,3,18.57,0.0,1.92,20.49,False
PED-00671,CLI-10053,CH-WEB,LOJA-WEB,delivered,2024-04-30T08:14:54,402.62,0.0,44.08,446.7,SKU-2129,2,201.31,0.0,22.04,223.35,False
PED-00671,CLI-10053,CH-WEB,LOJA-WEB,delivered,2024-04-30T08:14:54,2257.18,113.26,225.44,2369.36,SKU-2057,1,1854.56,113.26,181.36,1922.66,True
PED-00671,CLI-10053,CH-WEB,LOJA-WEB,delivered,2024-04-30T08:14:54,2474.27,113.26,249.37,2610.38,SKU-2089,1,217.09,0.0,23.93,241.02,False
PED-00671,CLI-10053,CH-WEB,LOJA-WEB,delivered,2024-04-30T08:14:54,4572.05,113.26,356.92,4815.71,SKU-2110,3,699.26,0.0,35.85,735.11,False
PED-00672,CLI-10054,CH-TELEVENDAS,LOJA-TELEVENDAS,returned,2024-04-16T14:19:50,177.78,0.0,11.86,189.64,SKU-2090,2,88.89,0.0,5.93,94.82,False
PED-00672,CLI-10054,CH-TELEVENDAS,LOJA-TELEVENDAS,returned,2024-04-16T14:19:50,219.7,0.0,14.62,234.32,SKU-2049,1,41.92,0.0,2.76,44.68,False
PED-00672,CLI-10054,CH-TELEVENDAS,LOJA-TELEVENDAS,returned,2024-04-16T14:19:50,4170.37,0.0,435.52,4605.89,SKU-2087,3,1316.89,0.0,140.3,1457.19,False
PED-00673,CLI-10054,CH-TELEVENDAS,LOJA-TELEVENDAS,confirmed,2024-04-18T20:11:56,21.08,1.82,1.02,20.28,SKU-2014,1,21.08,1.82,1.02,20.28,True
PED-00673,CLI-10054,CH-TELEVENDAS,LOJA-TELEVENDAS,confirmed,2024-04-18T20:11:56,1405.4,1.82,156.52,1560.1,SKU-2019,2,692.16,0.0,77.75,769.91,False
PED-00674,CLI-10054,CH-TELEVENDAS,LOJA-TELEVENDAS,delivered,2024-04-25T11:54:42,1384.32,0.0,89.16,1473.48,SKU-2019,2,692.16,0.0,44.58,736.74,False
PED-00675,CLI-10054,CH-TELEVENDAS,LOJA-TELEVENDAS,confirmed,2024-07-14T21:54:04,23339.67,0.0,2625.9,25965.57,SKU-2077,3,7779.89,0.0,875.3,8655.19,False
PED-00675,CLI-10054,CH-TELEVENDAS,LOJA-TELEVENDAS,confirmed,2024-07-14T21:54:04,23424.85,0.0,2633.16,26058.01,SKU-2093,2,42.59,0.0,3.63,46.22,False
PED-00675,CLI-10054,CH-TELEVENDAS,LOJA-TELEVENDAS,confirmed,2024-07-14T21:54:04,23895.93,0.0,2670.26,26566.19,SKU-2141,1,471.08,0.0,37.1,508.18,False
PED-00675,CLI-10054,CH-TELEVENDAS,LOJA-TELEVENDAS,confirmed,2024-07-14T21:54:04,23971.83,0.0,2674.46,26646.29,SKU-2074,3,25.3,0.0,1.4,26.7,False
PED-00676,CLI-10054,CH-TELEVENDAS,LOJA-TELEVENDAS,delivered,2024-10-11T02:48:58,1507.74,0.0,90.36,1598.1,SKU-2031,3,502.58,0.0,30.12,532.7,False
PED-00676,CLI-10054,CH-TELEVENDAS,LOJA-TELEVENDAS,delivered,2024-10-11T02:48:58,1533.84,0.0,92.85,1626.69,SKU-2095,1,26.1,0.0,2.49,28.59,False
PED-00677,CLI-10054,CH-TELEVENDAS,LOJA-TELEVENDAS,delivered,2024-10-16T22:15:51,1665.54,0.0,154.37,1819.91,SKU-2098,1,1665.54,0.0,154.37,1819.91,False
PED-00677,CLI-10054,CH-TELEVENDAS,LOJA-TELEVENDAS,delivered,2024-10-16T22:15:51,16722.62,1904.98,1220.77,16038.41,SKU-2076,2,7528.54,952.49,533.2,7109.25,True
PED-00677,CLI-10054,CH-TELEVENDAS,LOJA-TELEVENDAS,delivered,2024-10-16T22:15:51,17366.4,1904.98,1261.27,16722.69,SKU-2021,1,643.78,0.0,40.5,684.28,False
PED-00678,CLI-10054,CH-TELEVENDAS,LOJA-TELEVENDAS,delivered,2024-10-19T11:57:56,27338.37,0.0,1419.24,28757.61,SKU-2006,3,9112.79,0.0,473.08,9585.87,False
PED-00678,CLI-10054,CH-TELEVENDAS,LOJA-TELEVENDAS,delivered,2024-10-19T11:57:56,45731.37,0.0,2897.76,48629.13,SKU-2086,3,6131.0,0.0,492.84,6623.84,False
PED-00678,CLI-10054,CH-TELEVENDAS,LOJA-TELEVENDAS,delivered,2024-10-19T11:57:56,54649.71,0.0,3923.36,58573.07,SKU-2067,2,4459.17,0.0,512.8,4971.97,False
PED-00679,CLI-10054,CH-TELEVENDAS,LOJA-TELEVENDAS,cancelled,2025-01-06T09:24:05,12730.53,0.0,1321.83,14052.36,SKU-2136,3,4243.51,0.0,440.61,4684.12,False
PED-00679,CLI-10054,CH-TELEVENDAS,LOJA-TELEVENDAS,cancelled,2025-01-06T09:24:05,14913.77,0.0,1489.27,16403.04,SKU-2118,2,1091.62,0.0,83.72,1175.34,False
PED-00679,CLI-10054,CH-TELEVENDAS,LOJA-TELEVENDAS,cancelled,2025-01-06T09:24:05,17593.91,0.0,1667.98,19261.89,SKU-2108,3,893.38,0.0,59.57,952.95,False
PED-00680,CLI-10054,CH-TELEVENDAS,LOJA-TELEVENDAS,delivered,2025-01-22T04:08:55,720.34,0.0,37.96,758.3,SKU-2138,2,360.17,0.0,18.98,379.15,False
PED-00680,CLI-10054,CH-TELEVENDAS,LOJA-TELEVENDAS,delivered,2025-01-22T04:08:55,757.14,0.0,41.5,798.64,SKU-2075,2,18.4,0.0,1.77,20.17,False
PED-00681,CLI-10054,CH-TELEVENDAS,LOJA-TELEVENDAS,delivered,2025-04-11T18:47:57,8918.34,461.74,444.74,8901.34,SKU-2067,2,4459.17,230.87,222.37,4450.67,True
PED-00681,CLI-10054,CH-TELEVENDAS,LOJA-TELEVENDAS,delivered,2025-04-11T18:47:57,8948.12,461.74,447.98,8934.36,SKU-2045,2,14.89,0.0,1.62,16.51,False
PED-00681,CLI-10054,CH-TELEVENDAS,LOJA-TELEVENDAS,delivered,2025-04-11T18:47:57,9016.43,461.74,454.17,9008.86,SKU-2113,1,68.31,0.0,6.19,74.5,False
PED-00682,CLI-10055,CH-TELEVENDAS,LOJA-TELEVENDAS,confirmed,2024-10-18T04:34:40,1925.49,0.0,184.69,2110.18,SKU-2058,1,1925.49,0.0,184.69,2110.18,False
PED-00682,CLI-10055,CH-TELEVENDAS,LOJA-TELEVENDAS,confirmed,2024-10-18T04:34:40,1961.65,2.09,188.03,2147.59,SKU-2044,1,36.16,2.09,3.34,37.41,True
PED-00683,CLI-10056,CH-WEB,LOJA-WEB,confirmed,2024-03-26T03:31:02,917.12,138.84,45.08,823.36,SKU-2060,2,458.56,69.42,22.54,411.68,True
PED-00684,CLI-10057,CH-TELEVENDAS,LOJA-TELEVENDAS,delivered,2024-04-14T23:43:27,53.26,0.0,3.76,57.02,SKU-2085,2,26.63,0.0,1.88,28.51,False
PED-00684,CLI-10057,CH-TELEVENDAS,LOJA-TELEVENDAS,delivered,2024-04-14T23:43:27,97.62,0.0,6.12,103.74,SKU-2104,1,44.36,0.0,2.36,46.72,False
PED-00684,CLI-10057,CH-TELEVENDAS,LOJA-TELEVENDAS,delivered,2024-04-14T23:43:27,123.72,0.0,7.47,131.19,SKU-2095,1,26.1,0.0,1.35,27.45,False
PED-00685,CLI-10057,CH-TELEVENDAS,LOJA-TELEVENDAS,confirmed,2024-05-11T16:08:10,13.55,0.0,0.82,14.37,SKU-2055,1,13.55,0.0,0.82,14.37,False
PED-00685,CLI-10057,CH-TELEVENDAS,LOJA-TELEVENDAS,confirmed,2024-05-11T16:08:10,5995.52,391.59,646.42,6250.35,SKU-2096,3,1993.99,130.53,215.2,2078.66,True
PED-00685,CLI-10057,CH-TELEVENDAS,LOJA-TELEVENDAS,confirmed,2024-05-11T16:08:10,6276.01,391.59,680.04,6564.46,SKU-2149,1,280.49,0.0,33.62,314.11,False
PED-00686,CLI-10057,CH-TELEVENDAS,LOJA-TELEVENDAS,delivered,2024-06-02T01:54:40,1397.79,0.0,113.04,1510.83,SKU-2120,3,465.93,0.0,37.68,503.61,False
PED-00687,CLI-10057,CH-TELEVENDAS,LOJA-TELEVENDAS,delivered,2024-07-01T07:26:20,976.3,0.0,115.26,1091.56,SKU-2092,2,488.15,0.0,57.63,545.78,False
PED-00687,CLI-10057,CH-TELEVENDAS,LOJA-TELEVENDAS,delivered,2024-07-01T07:26:20,1102.72,0.0,128.07,1230.79,SKU-2059,3,42.14,0.0,4.27,46.41,False
PED-00688,CLI-10057,CH-TELEVENDAS,LOJA-TELEVENDAS,delivered,2024-07-08T13:45:07,293.38,0.0,31.66,325.04,SKU-2123,2,146.69,0.0,15.83,162.52,False
PED-00688,CLI-10057,CH-TELEVENDAS,LOJA-TELEVENDAS,delivered,2024-07-08T13:45:07,2218.87,0.0,160.95,2379.82,SKU-2058,1,1925.49,0.0,129.29,2054.78,False
PED-00688,CLI-10057,CH-TELEVENDAS,LOJA-TELEVENDAS,delivered,2024-07-08T13:45:07,2235.91,0.0,162.59,2398.5,SKU-2114,2,8.52,0.0,0.82,9.34,False
PED-00689,CLI-10057,CH-TELEVENDAS,LOJA-TELEVENDAS,delivered,2024-08-03T06:17:48,2045.74,0.0,212.94,2258.68,SKU-2107,2,1022.87,0.0,106.47,1129.34,False
PED-00689,CLI-10057,CH-TELEVENDAS,LOJA-TELEVENDAS,delivered,2024-08-03T06:17:48,2247.05,0.0,223.22,2470.27,SKU-2129,1,201.31,0.0,10.28,211.59,False
PED-00689,CLI-10057,CH-TELEVENDAS,LOJA-TELEVENDAS,delivered,2024-08-03T06:17:48,6805.27,0.0,695.39,7500.66,SKU-2037,1,4558.22,0.0,472.17,5030.39,False
PED-00689,CLI-10057,CH-TELEVENDAS,LOJA-TELEVENDAS,delivered,2024-08-03T06:17:48,19253.53,0.0,1965.11,21218.64,SKU-2147,3,4149.42,0.0,423.24,4572.66,False
PED-00690,CLI-10057,CH-TELEVENDAS,LOJA-TELEVENDAS,delivered,2024-08-03T19:44:58,553.89,0.0,63.3,617.19,SKU-2033,3,184.63,0.0,21.1,205.73,False
PED-00691,CLI-10057,CH-TELEVENDAS,LOJA-TELEVENDAS,delivered,2024-08-10T21:31:13,600.21,118.68,36.03,517.56,SKU-2030,3,200.07,39.56,12.01,172.52,True
PED-00691,CLI-10057,CH-TELEVENDAS,LOJA-TELEVENDAS,delivered,2024-08-10T21:31:13,12862.21,118.68,1190.59,13934.12,SKU-2086,2,6131.0,0.0,577.28,6708.28,False
PED-00691,CLI-10057,CH-TELEVENDAS,LOJA-TELEVENDAS,delivered,2024-08-10T21:31:13,16033.39,118.68,1413.37,17328.08,SKU-2027,3,1057.06,0.0,74.26,1131.32,False
PED-00692,CLI-10057,CH-TELEVENDAS,LOJA-TELEVENDAS,confirmed,2024-08-13T05:37:02,219.43,0.0,16.65,236.08,SKU-2038,1,219.43,0.0,16.65,236.08,False
PED-00693,CLI-10057,CH-TELEVENDAS,LOJA-TELEVENDAS,delivered,2024-08-20T22:42:57,87.42,0.0,7.82,95.24,SKU-2024,2,43.71,0.0,3.91,47.62,False
PED-00693,CLI-10057,CH-TELEVENDAS,LOJA-TELEVENDAS,delivered,2024-08-20T22:42:57,213.84,0.0,21.62,235.46,SKU-2059,3,42.14,0.0,4.6,46.74,False
PED-00693,CLI-10057,CH-TELEVENDAS,LOJA-TELEVENDAS,delivered,2024-08-20T22:42:57,15270.92,0.0,1179.28,16450.2,SKU-2076,2,7528.54,0.0,578.83,8107.37,False
PED-00694,CLI-10057,CH-APP,LOJA-02,delivered,2024-10-09T13:24:34,36.41,3.81,2.63,35.23,SKU-2025,1,36.41,3.81,2.63,35.23,True
PED-00694,CLI-10057,CH-APP,LOJA-02,delivered,2024-10-09T13:24:34,1856.01,3.81,210.5,2062.7,SKU-2088,1,1819.6,0.0,207.87,2027.47,False
PED-00694,CLI-10057,CH-APP,LOJA-02,delivered,2024-10-09T13:24:34,2758.02,3.81,313.97,3068.18,SKU-2072,3,300.67,0.0,34.49,335.16,False
PED-00695,CLI-10057,CH-TELEVENDAS,LOJA-TELEVENDAS,confirmed,2024-10-12T00:23:07,20595.81,0.0,1311.12,21906.93,SKU-2007,3,6865.27,0.0,437.04,7302.31,False
PED-00695,CLI-10057,CH-TELEVENDAS,LOJA-TELEVENDAS,confirmed,2024-10-12T00:23:07,21243.51,0.0,1344.68,22588.19,SKU-2010,2,323.85,0.0,16.78,340.63,False
PED-00696,CLI-10057,CH-TELEVENDAS,LOJA-TELEVENDAS,delivered,2024-11-26T23:55:07,9963.35,0.0,1139.24,11102.59,SKU-2116,1,9963.35,0.0,1139.24,11102.59,False
PED-00696,CLI-10057,CH-TELEVENDAS,LOJA-TELEVENDAS,delivered,2024-11-26T23:55:07,9981.75,0.0,1140.72,11122.47,SKU-2075,1,18.4,0.0,1.48,19.88,False
PED-00697,CLI-10057,CH-TELEVENDAS,LOJA-TELEVENDAS,delivered,2024-12-29T07:30:19,88.89,0.0,5.83,94.72,SKU-2090,1,88.89,0.0,5.83,94.72,False
PED-00698,CLI-10057,CH-TELEVENDAS,LOJA-TELEVENDAS,delivered,2025-01-01T01:39:00,71.96,0.0,8.29,80.25,SKU-2080,1,71.96,0.0,8.29,80.25,False
PED-00699,CLI-10057,CH-TELEVENDAS,LOJA-TELEVENDAS,delivered,2025-01-07T05:53:18,194.99,0.0,14.88,209.87,SKU-2002,1,194.99,0.0,14.88,209.87,False
PED-00700,CLI-10057,CH-TELEVENDAS,LOJA-TELEVENDAS,delivered,2025-01-25T08:02:02,5863.96,0.0,652.72,6516.68,SKU-2127,1,5863.96,0.0,652.72,6516.68,False
PED-00700,CLI-10057,CH-TELEVENDAS,LOJA-TELEVENDAS,delivered,2025-01-25T08:02:02,6765.97,0.0,745.15,7511.12,SKU-2072,3,300.67,0.0,30.81,331.48,False
PED-00701,CLI-10058,CH-APP,LOJA-01,delivered,2024-04-07T23:19:57,651.27,0.0,40.77,692.04,SKU-2089,3,217.09,0.0,13.59,230.68,False
PED-00701,CLI-10058,CH-APP,LOJA-01,delivered,2024-04-07T23:19:57,944.65,0.0,73.41,1018.06,SKU-2123,2,146.69,0.0,16.32,163.01,False
PED-00702,CLI-10058,CH-APP,LOJA-01,delivered,2024-04-13T03:54:12,36.8,0.0,3.0,39.8,SKU-2075,2,18.4,0.0,1.5,19.9,False
PED-00702,CLI-10058,CH-APP,LOJA-01,delivered,2024-04-13T03:54:12,80.51,0.0,5.54,86.05,SKU-2024,1,43.71,0.0,2.54,46.25,False
PED-00702,CLI-10058,CH-APP,LOJA-01,delivered,2024-04-13T03:54:12,5533.85,0.0,530.38,6064.23,SKU-2056,2,2726.67,0.0,262.42,2989.09,False
PED-00702,CLI-10058,CH-APP,LOJA-01,delivered,2024-04-13T03:54:12,7306.81,0.0,706.5,8013.31,SKU-2028,2,886.48,0.0,88.06,974.54,False
PED-00703,CLI-10058,CH-APP,LOJA-01,delivered,2024-04-18T06:08:16,1375.68,0.0,150.72,1526.4,SKU-2060,3,458.56,0.0,50.24,508.8,False
PED-00703,CLI-10058,CH-APP,LOJA-01,delivered,2024-04-18T06:08:16,15106.22,2805.96,897.0,13197.26,SKU-2007,2,6865.27,1402.98,373.14,5835.43,True
PED-00703,CLI-10058,CH-APP,LOJA-01,delivered,2024-04-18T06:08:16,15156.82,2805.96,902.4,13253.26,SKU-2074,2,25.3,0.0,2.7,28.0,False
PED-00703,CLI-10058,CH-APP,LOJA-01,delivered,2024-04-18T06:08:16,18439.52,2805.96,1276.18,16909.74,SKU-2068,2,1641.35,0.0,186.89,1828.24,False
PED-00704,CLI-10058,CH-APP,LOJA-01,confirmed,2024-04-28T06:58:28,25.56,0.0,2.25,27.81,SKU-2114,3,8.52,0.0,0.75,9.27,False
PED-00704,CLI-10058,CH-APP,LOJA-01,confirmed,2024-04-28T06:58:28,158.64,0.0,17.91,176.55,SKU-2104,3,44.36,0.0,5.22,49.58,False
PED-00704,CLI-10058,CH-APP,LOJA-01,confirmed,2024-04-28T06:58:28,8338.65,0.0,773.31,9111.96,SKU-2056,3,2726.67,0.0,251.8,2978.47,False
PED-00705,CLI-10058,CH-APP,LOJA-01,delivered,2024-05-08T03:48:09,266.67,24.57,21.18,263.28,SKU-2090,3,88.89,8.19,7.06,87.76,True
PED-00705,CLI-10058,CH-APP,LOJA-01,delivered,2024-05-08T03:48:09,737.75,24.57,57.78,770.96,SKU-2141,1,471.08,0.0,36.6,507.68,False
PED-00705,CLI-10058,CH-APP,LOJA-01,delivered,2024-05-08T03:48:09,23057.9,24.57,2425.71,25459.04,SKU-2016,3,7440.05,0.0,789.31,8229.36,False
PED-00706,CLI-10058,CH-APP,LOJA-01,delivered,2024-05-11T06:15:33,344.68,0.0,29.94,374.62,SKU-2009,1,344.68,0.0,29.94,374.62,False
PED-00707,CLI-10058,CH-FISICO,LOJA-03,delivered,2024-05-23T07:59:02,3739.71,0.0,392.22,4131.93,SKU-2008,3,1246.57,0.0,130.74,1377.31,False
PED-00707,CLI-10058,CH-FISICO,LOJA-03,delivered,2024-05-23T07:59:02,5082.9,0.0,536.31,5619.21,SKU-2069,3,447.73,0.0,48.03,495.76,False
PED-00708,CLI-10058,CH-TELEVENDAS,LOJA-TELEVENDAS,delivered,2024-06-07T14:07:27,43.71,0.0,4.81,48.52,SKU-2024,1,43.71,0.0,4.81,48.52,False
PED-00708,CLI-10058,CH-TELEVENDAS,LOJA-TELEVENDAS,delivered,2024-06-07T14:07:27,446.59,0.0,45.93,492.52,SKU-2100,2,201.44,0.0,20.56,222.0,False
PED-00709,CLI-10058,CH-TELEVENDAS,LOJA-TELEVENDAS,delivered,2024-06-12T07:40:21,5453.34,0.0,457.18,5910.52,SKU-2056,2,2726.67,0.0,228.59,2955.26,False
PED-00710,CLI-10058,CH-APP,LOJA-01,delivered,2024-06-18T04:31:42,402.88,0.0,47.64,450.52,SKU-2100,2,201.44,0.0,23.82,225.26,False
PED-00710,CLI-10058,CH-APP,LOJA-01,delivered,2024-06-18T04:31:42,455.08,0.0,51.88,506.96,SKU-2095,2,26.1,0.0,2.12,28.22,False
PED-00710,CLI-10058,CH-APP,LOJA-01,delivered,2024-06-18T04:31:42,792.4,0.0,83.92,876.32,SKU-2139,2,168.66,0.0,16.02,184.68,False
PED-00710,CLI-10058,CH-APP,LOJA-01,delivered,2024-06-18T04:31:42,2906.52,0.0,282.84,3189.36,SKU-2027,2,1057.06,0.0,99.46,1156.52,False
PED-00711,CLI-10058,CH-APP,LOJA-01,cancelled,2024-06-24T12:41:12,1287.56,0.0,107.06,1394.62,SKU-2021,2,643.78,0.0,53.53,697.31,False
PED-00711,CLI-10058,CH-APP,LOJA-01,cancelled,2024-06-24T12:41:12,14945.18,0.0,1517.09,16462.27,SKU-2036,3,4552.54,0.0,470.01,5022.55,False
PED-00712,CLI-10058,CH-APP,LOJA-01,delivered,2024-06-29T18:25:13,1034.04,0.0,81.12,1115.16,SKU-2009,3,344.68,0.0,27.04,371.72,False
PED-00712,CLI-10058,CH-APP,LOJA-01,delivered,2024-06-29T18:25:13,1468.36,0.0,109.2,1577.56,SKU-2082,1,434.32,0.0,28.08,462.4,False
PED-00713,CLI-10058,CH-APP,LOJA-01,cancelled,2024-07-04T22:26:58,1302.96,0.0,115.74,1418.7,SKU-2082,3,434.32,0.0,38.58,472.9,False
PED-00713,CLI-10058,CH-APP,LOJA-01,cancelled,2024-07-04T22:26:58,4577.82,0.0,298.14,4875.96,SKU-2118,3,1091.62,0.0,60.8,1152.42,False
PED-00714,CLI-10058,CH-APP,LOJA-01,confirmed,2024-07-14T04:35:10,47.8,0.0,5.3,53.1,SKU-2133,1,47.8,0.0,5.3,53.1,False
PED-00714,CLI-10058,CH-APP,LOJA-01,confirmed,2024-07-14T04:35:10,550.38,67.77,32.24,514.85,SKU-2031,1,502.58,67.77,26.94,461.75,True
PED-00715,CLI-10058,CH-APP,LOJA-01,delivered,2024-07-19T08:03:43,389.98,0.0,43.52,433.5,SKU-2002,2,194.99,0.0,21.76,216.75,False
PED-00715,CLI-10058,CH-APP,LOJA-01,delivered,2024-07-19T08:03:43,426.78,0.0,46.94,473.72,SKU-2075,2,18.4,0.0,1.71,20.11,False
PED-00715,CLI-10058,CH-APP,LOJA-01,delivered,2024-07-19T08:03:43,826.92,0.0,71.6,898.52,SKU-2030,2,200.07,0.0,12.33,212.4,False
PED-00715,CLI-10058,CH-APP,LOJA-01,delivered,2024-07-19T08:03:43,1177.66,0.0,94.16,1271.82,SKU-2111,2,175.37,0.0,11.28,186.65,False
PED-00716,CLI-10058,CH-APP,LOJA-01,delivered,2024-07-28T23:47:58,141.87,0.0,11.79,153.66,SKU-2053,3,47.29,0.0,3.93,51.22,False
PED-00716,CLI-10058,CH-APP,LOJA-01,delivered,2024-07-28T23:47:58,160.15,0.0,12.89,173.04,SKU-2084,2,9.14,0.0,0.55,9.69,False
PED-00716,CLI-10058,CH-APP,LOJA-01,delivered,2024-07-28T23:47:58,175.88,0.0,13.68,189.56,SKU-2034,1,15.73,0.0,0.79,16.52,False
PED-00716,CLI-10058,CH-APP,LOJA-01,delivered,2024-07-28T23:47:58,1424.0,0.0,136.71,1560.71,SKU-2042,3,416.04,0.0,41.01,457.05,False
PED-00717,CLI-10058,CH-TELEVENDAS,LOJA-TELEVENDAS,delivered,2024-08-01T02:07:38,1819.6,0.0,195.52,2015.12,SKU-2088,1,1819.6,0.0,195.52,2015.12,False
PED-00717,CLI-10058,CH-TELEVENDAS,LOJA-TELEVENDAS,delivered,2024-08-01T02:07:38,1909.98,0.0,201.98,2111.96,SKU-2003,2,45.19,0.0,3.23,48.42,False
PED-00718,CLI-10058,CH-APP,LOJA-01,delivered,2024-08-05T01:34:49,692.16,0.0,48.17,740.33,SKU-2019,1,692.16,0.0,48.17,740.33,False
PED-00718,CLI-10058,CH-APP,LOJA-01,delivered,2024-08-05T01:34:49,871.66,0.0,58.73,930.39,SKU-2039,2,89.75,0.0,5.28,95.03,False
PED-00719,CLI-10058,CH-APP,LOJA-01,delivered,2024-08-13T00:57:51,598.97,0.0,71.42,670.39,SKU-2121,1,598.97,0.0,71.42,670.39,False
PED-00719,CLI-10058,CH-APP,LOJA-01,delivered,2024-08-13T00:57:51,646.26,0.0,75.82,722.08,SKU-2053,1,47.29,0.0,4.4,51.69,False
PED-00719,CLI-10058,CH-APP,LOJA-01,delivered,2024-08-13T00:57:51,752.94,0.0,87.69,840.63,SKU-2043,1,106.68,0.0,11.87,118.55,False
PED-00720,CLI-10058,CH-TELEVENDAS,LOJA-TELEVENDAS,delivered,2024-08-30T11:20:24,7779.89,0.0,594.47,8374.36,SKU-2077,1,7779.89,0.0,594.47,8374.36,False
PED-00720,CLI-10058,CH-TELEVENDAS,LOJA-TELEVENDAS,delivered,2024-08-30T11:20:24,10257.25,0.0,779.89,11037.14,SKU-2128,2,1238.68,0.0,92.71,1331.39,False
PED-00720,CLI-10058,CH-TELEVENDAS,LOJA-TELEVENDAS,delivered,2024-08-30T11:20:24,10857.46,0.0,813.19,11670.65,SKU-2030,3,200.07,0.0,11.1,211.17,False
PED-00721,CLI-10058,CH-APP,LOJA-01,delivered,2024-09-01T07:50:10,9105.08,0.0,958.1,10063.18,SKU-2036,2,4552.54,0.0,479.05,5031.59,False
PED-00721,CLI-10058,CH-APP,LOJA-01,delivered,2024-09-01T07:50:10,9631.19,0.0,1017.53,10648.72,SKU-2111,3,175.37,0.0,19.81,195.18,False
PED-00721,CLI-10058,CH-APP,LOJA-01,delivered,2024-09-01T07:50:10,9750.62,0.0,1023.71,10774.33,SKU-2143,3,39.81,0.0,2.06,41.87,False
PED-00722,CLI-10058,CH-APP,LOJA-01,delivered,2024-09-06T03:51:03,79.62,0.0,9.18,88.8,SKU-2143,2,39.81,0.0,4.59,44.4,False
PED-00722,CLI-10058,CH-APP,LOJA-01,delivered,2024-09-06T03:51:03,1200.58,0.0,93.55,1294.13,SKU-2048,1,1120.96,0.0,84.37,1205.33,False
PED-00723,CLI-10058,CH-APP,LOJA-01,cancelled,2024-09-12T22:58:55,1238.68,0.0,117.57,1356.25,SKU-2128,1,1238.68,0.0,117.57,1356.25,False
PED-00723,CLI-10058,CH-APP,LOJA-01,cancelled,2024-09-12T22:58:55,1329.06,17.1,122.53,1434.49,SKU-2003,2,45.19,8.55,2.48,39.12,True
PED-00723,CLI-10058,CH-APP,LOJA-01,cancelled,2024-09-12T22:58:55,2672.25,237.96,181.03,2615.32,SKU-2069,3,447.73,73.62,19.5,393.61,True
PED-00724,CLI-10058,CH-APP,LOJA-01,delivered,2024-09-17T20:38:34,598.97,33.4,63.68,629.25,SKU-2121,1,598.97,33.4,63.68,629.25,True
PED-00724,CLI-10058,CH-APP,LOJA-01,delivered,2024-09-17T20:38:34,767.63,33.4,74.2,808.43,SKU-2139,1,168.66,0.0,10.52,179.18,False
PED-00725,CLI-10058,CH-APP,LOJA-01,delivered,2024-09-18T12:37:38,54.26,0.0,3.46,57.72,SKU-2015,2,27.13,0.0,1.73,28.86,False
PED-00725,CLI-10058,CH-APP,LOJA-01,delivered,2024-09-18T12:37:38,270.14,0.0,19.27,289.41,SKU-2080,3,71.96,0.0,5.27,77.23,False
PED-00725,CLI-10058,CH-APP,LOJA-01,delivered,2024-09-18T12:37:38,401.27,0.0,28.72,429.99,SKU-2024,3,43.71,0.0,3.15,46.86,False
PED-00725,CLI-10058,CH-APP,LOJA-01,delivered,2024-09-18T12:37:38,907.25,0.0,88.96,996.21,SKU-2139,3,168.66,0.0,20.08,188.74,False
PED-00726,CLI-10058,CH-TELEVENDAS,LOJA-TELEVENDAS,confirmed,2024-09-22T00:57:17,7440.05,0.0,633.2,8073.25,SKU-2016,1,7440.05,0.0,633.2,8073.25,False
PED-00727,CLI-10058,CH-APP,LOJA-01,delivered,2024-09-22T17:10:12,201.31,0.0,21.93,223.24,SKU-2129,1,201.31,0.0,21.93,223.24,False
PED-00727,CLI-10058,CH-APP,LOJA-01,delivered,2024-09-22T17:10:12,245.67,0.0,25.89,271.56,SKU-2104,1,44.36,0.0,3.96,48.32,False
PED-00728,CLI-10058,CH-APP,LOJA-01,delivered,2024-09-27T13:14:45,1048.68,119.04,87.27,1016.91,SKU-2022,3,349.56,39.68,29.09,338.97,True
PED-00728,CLI-10058,CH-APP,LOJA-01,delivered,2024-09-27T13:14:45,1356.43,119.04,119.65,1357.04,SKU-2029,1,307.75,0.0,32.38,340.13,False
PED-00728,CLI-10058,CH-APP,LOJA-01,delivered,2024-09-27T13:14:45,1520.72,119.04,133.16,1534.84,SKU-2023,1,164.29,0.0,13.51,177.8,False
PED-00728,CLI-10058,CH-APP,LOJA-01,delivered,2024-09-27T13:14:45,15531.59,119.04,1135.55,16548.1,SKU-2046,3,4670.29,0.0,334.13,5004.42,False
PED-00729,CLI-10058,CH-APP,LOJA-01,delivered,2024-10-19T13:46:28,575.64,0.0,35.96,611.6,SKU-2079,2,287.82,0.0,17.98,305.8,False
PED-00729,CLI-10058,CH-APP,LOJA-01,delivered,2024-10-19T13:46:28,649.03,0.0,41.76,690.79,SKU-2013,1,73.39,0.0,5.8,79.19,False
PED-00730,CLI-10058,CH-APP,LOJA-01,returned,2024-10-22T00:40:11,771.28,0.0,58.2,829.48,SKU-2112,2,385.64,0.0,29.1,414.74,False
PED-00730,CLI-10058,CH-APP,LOJA-01,returned,2024-10-22T00:40:11,14148.79,0.0,1503.84,15652.63,SKU-2067,3,4459.17,0.0,481.88,4941.05,False
PED-00730,CLI-10058,CH-APP,LOJA-01,returned,2024-10-22T00:40:11,14641.66,0.0,1529.76,16171.42,SKU-2023,3,164.29,0.0,8.64,172.93,False
PED-00731,CLI-10058,CH-APP,LOJA-01,delivered,2024-10-25T18:45:09,5458.8,0.0,483.72,5942.52,SKU-2088,3,1819.6,0.0,161.24,1980.84,False
PED-00731,CLI-10058,CH-APP,LOJA-01,delivered,2024-10-25T18:45:09,5938.77,0.0,510.78,6449.55,SKU-2073,3,159.99,0.0,9.02,169.01,False
PED-00731,CLI-10058,CH-APP,LOJA-01,delivered,2024-10-25T18:45:09,5986.06,0.0,514.69,6500.75,SKU-2053,1,47.29,0.0,3.91,51.2,False
PED-00731,CLI-10058,CH-APP,LOJA-01,delivered,2024-10-25T18:45:09,7302.95,0.0,628.2,7931.15,SKU-2087,1,1316.89,0.0,113.51,1430.4,False
PED-00732,CLI-10058,CH-APP,LOJA-01,delivered,2024-10-30T17:57:27,1246.57,0.0,103.82,1350.39,SKU-2008,1,1246.57,0.0,103.82,1350.39,False
PED-00732,CLI-10058,CH-APP,LOJA-01,delivered,2024-10-30T17:57:27,2115.21,0.0,153.34,2268.55,SKU-2082,2,434.32,0.0,24.76,459.08,False
PED-00732,CLI-10058,CH-APP,LOJA-01,delivered,2024-10-30T17:57:27,10131.83,0.0,816.14,10947.97,SKU-2026,2,4008.31,0.0,331.4,4339.71,False
PED-00732,CLI-10058,CH-APP,LOJA-01,delivered,2024-10-30T17:57:27,10238.34,0.0,824.74,11063.08,SKU-2091,1,106.51,0.0,8.6,115.11,False
PED-00733,CLI-10058,CH-APP,LOJA-01,delivered,2024-11-06T16:25:06,1007.92,0.0,71.58,1079.5,SKU-2062,2,503.96,0.0,35.79,539.75,False
PED-00733,CLI-10058,CH-APP,LOJA-01,delivered,2024-11-06T16:25:06,1025.83,0.0,73.6,1099.43,SKU-2064,1,17.91,0.0,2.02,19.93,False
PED-00733,CLI-10058,CH-APP,LOJA-01,delivered,2024-11-06T16:25:06,1104.13,0.0,79.84,1183.97,SKU-2095,3,26.1,0.0,2.08,28.18,False
PED-00733,CLI-10058,CH-APP,LOJA-01,delivered,2024-11-06T16:25:06,13366.13,0.0,1036.92,14403.05,SKU-2086,2,6131.0,0.0,478.54,6609.54,False
PED-00734,CLI-10058,CH-APP,LOJA-01,confirmed,2024-11-12T05:08:19,18.12,0.0,1.91,20.03,SKU-2145,1,18.12,0.0,1.91,20.03,False
PED-00734,CLI-10058,CH-APP,LOJA-01,confirmed,2024-11-12T05:08:19,26.97,0.0,2.54,29.51,SKU-2035,1,8.85,0.0,0.63,9.48,False
PED-00735,CLI-10058,CH-APP,LOJA-01,delivered,2024-11-24T16:04:46,4558.22,0.0,324.04,4882.26,SKU-2037,1,4558.22,0.0,324.04,4882.26,False
PED-00736,CLI-10058,CH-APP,LOJA-01,delivered,2024-11-26T17:53:32,179.5,14.7,9.4,174.2,SKU-2039,2,89.75,7.35,4.7,87.1,True
PED-00736,CLI-10058,CH-APP,LOJA-01,delivered,2024-11-26T17:53:32,1239.88,14.7,114.28,1339.46,SKU-2142,3,353.46,0.0,34.96,388.42,False
PED-00737,CLI-10058,CH-APP,LOJA-01,delivered,2024-12-05T05:59:31,147.55,0.0,17.04,164.59,SKU-2099,1,147.55,0.0,17.04,164.59,False
PED-00738,CLI-10058,CH-APP,LOJA-01,delivered,2024-12-08T07:14:18,402.88,0.0,47.5,450.38,SKU-2100,2,201.44,0.0,23.75,225.19,False
PED-00738,CLI-10058,CH-APP,LOJA-01,delivered,2024-12-08T07:14:18,4646.39,0.0,440.43,5086.82,SKU-2136,1,4243.51,0.0,392.93,4636.44,False
PED-00738,CLI-10058,CH-APP,LOJA-01,delivered,2024-12-08T07:14:18,4756.47,0.0,448.55,5205.02,SKU-2018,1,110.08,0.0,8.12,118.2,False
PED-00738,CLI-10058,CH-APP,LOJA-01,delivered,2024-12-08T07:14:18,6576.07,0.0,635.27,7211.34,SKU-2088,1,1819.6,0.0,186.72,2006.32,False
PED-00739,CLI-10058,CH-APP,LOJA-01,delivered,2024-12-16T07:00:42,328.58,0.0,23.58,352.16,SKU-2023,2,164.29,0.0,11.79,176.08,False
PED-00739,CLI-10058,CH-APP,LOJA-01,delivered,2024-12-16T07:00:42,18721.58,0.0,988.08,19709.66,SKU-2086,3,6131.0,0.0,321.5,6452.5,False
PED-00739,CLI-10058,CH-APP,LOJA-01,delivered,2024-12-16T07:00:42,22052.66,0.0,1247.48,23300.14,SKU-2098,2,1665.54,0.0,129.7,1795.24,False
PED-00739,CLI-10058,CH-APP,LOJA-01,delivered,2024-12-16T07:00:42,36063.53,0.0,2404.01,38467.54,SKU-2046,3,4670.29,0.0,385.51,5055.8,False
PED-00740,CLI-10058,CH-TELEVENDAS,LOJA-TELEVENDAS,delivered,2024-12-25T05:12:45,8298.84,0.0,421.68,8720.52,SKU-2147,2,4149.42,0.0,210.84,4360.26,False
PED-00740,CLI-10058,CH-TELEVENDAS,LOJA-TELEVENDAS,delivered,2024-12-25T05:12:45,8902.77,0.0,468.87,9371.64,SKU-2129,3,201.31,0.0,15.73,217.04,False
PED-00741,CLI-10058,CH-APP,LOJA-01,delivered,2024-12-27T23:56:16,3716.04,0.0,214.86,3930.9,SKU-2128,3,1238.68,0.0,71.62,1310.3,False
PED-00741,CLI-10058,CH-APP,LOJA-01,delivered,2024-12-27T23:56:16,3742.14,0.0,217.14,3959.28,SKU-2095,1,26.1,0.0,2.28,28.38,False
PED-00741,CLI-10058,CH-APP,LOJA-01,delivered,2024-12-27T23:56:16,4940.08,0.0,283.74,5223.82,SKU-2121,2,598.97,0.0,33.3,632.27,False
PED-00741,CLI-10058,CH-APP,LOJA-01,delivered,2024-12-27T23:56:16,4966.71,0.0,286.81,5253.52,SKU-2085,1,26.63,0.0,3.07,29.7,False
PED-00742,CLI-10058,CH-APP,LOJA-01,delivered,2024-12-29T16:38:33,175.37,0.0,14.78,190.15,SKU-2111,1,175.37,0.0,14.78,190.15,False
PED-00742,CLI-10058,CH-APP,LOJA-01,delivered,2024-12-29T16:38:33,968.09,134.66,64.7,898.13,SKU-2012,2,396.36,67.33,24.96,353.99,True
PED-00742,CLI-10058,CH-APP,LOJA-01,delivered,2024-12-29T16:38:33,3151.33,134.66,219.12,3235.79,SKU-2118,2,1091.62,0.0,77.21,1168.83,False
PED-00742,CLI-10058,CH-APP,LOJA-01,delivered,2024-12-29T16:38:33,3452.0,134.66,237.92,3555.26,SKU-2072,1,300.67,0.0,18.8,319.47,False
PED-00743,CLI-10058,CH-APP,LOJA-01,delivered,2024-12-29T19:54:37,319.53,63.18,17.28,273.63,SKU-2091,3,106.51,21.06,5.76,91.21,True
PED-00744,CLI-10058,CH-APP,LOJA-01,delivered,2024-12-30T14:16:41,1667.1,0.0,149.76,1816.86,SKU-2070,3,555.7,0.0,49.92,605.62,False
PED-00744,CLI-10058,CH-APP,LOJA-01,delivered,2024-12-30T14:16:41,3486.7,226.65,245.77,3505.82,SKU-2088,1,1819.6,226.65,96.01,1688.96,True
PED-00744,CLI-10058,CH-APP,LOJA-01,delivered,2024-12-30T14:16:41,16237.18,226.65,1670.53,17681.06,SKU-2117,3,4250.16,0.0,474.92,4725.08,False
PED-00744,CLI-10058,CH-APP,LOJA-01,delivered,2024-12-30T14:16:41,17245.1,226.65,1772.11,18790.56,SKU-2062,2,503.96,0.0,50.79,554.75,False
PED-00745,CLI-10058,CH-APP,LOJA-01,delivered,2025-01-07T09:29:54,44.62,0.0,4.7,49.32,SKU-2065,2,22.31,0.0,2.35,24.66,False
PED-00745,CLI-10058,CH-APP,LOJA-01,delivered,2025-01-07T09:29:54,1329.73,0.0,96.23,1425.96,SKU-2020,3,428.37,0.0,30.51,458.88,False
PED-00746,CLI-10058,CH-APP,LOJA-01,confirmed,2025-01-22T05:33:03,10982.92,0.0,1078.74,12061.66,SKU-2146,2,5491.46,0.0,539.37,6030.83,False
PED-00746,CLI-10058,CH-APP,LOJA-01,confirmed,2025-01-22T05:33:03,11581.89,0.0,1136.84,12718.73,SKU-2121,1,598.97,0.0,58.1,657.07,False
PED-00746,CLI-10058,CH-APP,LOJA-01,confirmed,2025-01-22T05:33:03,11622.54,0.0,1139.39,12761.93,SKU-2055,3,13.55,0.0,0.85,14.4,False
PED-00747,CLI-10058,CH-APP,LOJA-01,confirmed,2025-01-22T06:29:13,1111.4,0.0,131.5,1242.9,SKU-2070,2,555.7,0.0,65.75,621.45,False
PED-00747,CLI-10058,CH-APP,LOJA-01,confirmed,2025-01-22T06:29:13,4394.1,311.74,427.5,4509.86,SKU-2068,2,1641.35,155.87,148.0,1633.48,True
PED-00748,CLI-10058,CH-APP,LOJA-01,delivered,2025-01-29T13:14:00,2045.74,0.0,104.08,2149.82,SKU-2107,2,1022.87,0.0,52.04,1074.91,False
PED-00748,CLI-10058,CH-APP,LOJA-01,delivered,2025-01-29T13:14:00,2064.02,0.0,106.04,2170.06,SKU-2084,2,9.14,0.0,0.98,10.12,False
PED-00748,CLI-10058,CH-APP,LOJA-01,delivered,2025-01-29T13:14:00,2424.19,0.0,142.77,2566.96,SKU-2138,1,360.17,0.0,36.73,396.9,False
PED-00748,CLI-10058,CH-APP,LOJA-01,delivered,2025-01-29T13:14:00,2571.74,0.0,151.9,2723.64,SKU-2099,1,147.55,0.0,9.13,156.68,False
PED-00749,CLI-10058,CH-APP,LOJA-01,delivered,2025-02-02T12:35:03,48.03,0.0,2.67,50.7,SKU-2124,3,16.01,0.0,0.89,16.9,False
PED-00750,CLI-10058,CH-APP,LOJA-01,confirmed,2025-02-08T08:00:53,99.05,0.0,8.87,107.92,SKU-2119,1,99.05,0.0,8.87,107.92,False
PED-00750,CLI-10058,CH-APP,LOJA-01,confirmed,2025-02-08T08:00:53,13829.59,0.0,717.89,14547.48,SKU-2007,2,6865.27,0.0,354.51,7219.78,False
PED-00750,CLI-10058,CH-APP,LOJA-01,confirmed,2025-02-08T08:00:53,14009.09,0.0,733.03,14742.12,SKU-2039,2,89.75,0.0,7.57,97.32,False
PED-00750,CLI-10058,CH-APP,LOJA-01,confirmed,2025-02-08T08:00:53,14289.58,0.0,757.61,15047.19,SKU-2149,1,280.49,0.0,24.58,305.07,False
PED-00751,CLI-10058,CH-TELEVENDAS,LOJA-TELEVENDAS,delivered,2025-03-03T05:33:38,10982.92,0.0,671.48,11654.4,SKU-2146,2,5491.46,0.0,335.74,5827.2,False
PED-00752,CLI-10058,CH-APP,LOJA-01,delivered,2025-03-13T10:42:54,2045.74,0.0,192.54,2238.28,SKU-2107,2,1022.87,0.0,96.27,1119.14,False
PED-00752,CLI-10058,CH-APP,LOJA-01,delivered,2025-03-13T10:42:54,3850.99,0.0,404.16,4255.15,SKU-2071,3,601.75,0.0,70.54,672.29,False
PED-00753,CLI-10058,CH-APP,LOJA-01,delivered,2025-03-16T09:24:49,3650.87,0.0,227.94,3878.81,SKU-2126,1,3650.87,0.0,227.94,3878.81,False
PED-00753,CLI-10058,CH-APP,LOJA-01,delivered,2025-03-16T09:24:49,5834.11,471.52,404.94,5767.53,SKU-2118,2,1091.62,235.76,88.5,944.36,True
PED-00753,CLI-10058,CH-APP,LOJA-01,delivered,2025-03-16T09:24:49,6314.08,471.52,459.42,6301.98,SKU-2073,3,159.99,0.0,18.16,178.15,False
PED-00753,CLI-10058,CH-APP,LOJA-01,delivered,2025-03-16T09:24:49,6333.82,471.52,460.98,6323.28,SKU-2115,2,9.87,0.0,0.78,10.65,False
PED-00754,CLI-10058,CH-APP,LOJA-01,delivered,2025-03-18T00:06:57,16474.38,0.0,850.05,17324.43,SKU-2146,3,5491.46,0.0,283.35,5774.81,False
PED-00755,CLI-10058,CH-APP,LOJA-01,delivered,2025-03-19T09:46:41,32.49,0.0,3.57,36.06,SKU-2005,3,10.83,0.0,1.19,12.02,False
PED-00755,CLI-10058,CH-APP,LOJA-01,delivered,2025-03-19T09:46:41,180.04,0.0,18.42,198.46,SKU-2099,1,147.55,0.0,14.85,162.4,False
PED-00755,CLI-10058,CH-APP,LOJA-01,delivered,2025-03-19T09:46:41,651.12,0.0,72.88,724.0,SKU-2141,1,471.08,0.0,54.46,525.54,False
PED-00756,CLI-10058,CH-APP,LOJA-01,confirmed,2025-03-22T09:49:22,8298.84,0.0,765.38,9064.22,SKU-2147,2,4149.42,0.0,382.69,4532.11,False
PED-00756,CLI-10058,CH-APP,LOJA-01,confirmed,2025-03-22T09:49:22,9390.46,0.0,894.3,10284.76,SKU-2118,1,1091.62,0.0,128.92,1220.54,False
PED-00757,CLI-10058,CH-APP,LOJA-01,delivered,2025-03-23T07:36:31,1511.88,0.0,76.32,1588.2,SKU-2062,3,503.96,0.0,25.44,529.4,False
PED-00757,CLI-10058,CH-APP,LOJA-01,delivered,2025-03-23T07:36:31,2603.5,0.0,161.95,2765.45,SKU-2118,1,1091.62,0.0,85.63,1177.25,False
PED-00758,CLI-10058,CH-APP,LOJA-01,confirmed,2025-03-28T05:03:37,3890.34,568.62,334.89,3656.61,SKU-2137,3,1296.78,189.54,111.63,1218.87,True
PED-00758,CLI-10058,CH-APP,LOJA-01,confirmed,2025-03-28T05:03:37,4290.48,568.62,378.09,4099.95,SKU-2030,2,200.07,0.0,21.6,221.67,False
PED-00758,CLI-10058,CH-APP,LOJA-01,confirmed,2025-03-28T05:03:37,17021.01,568.62,1338.42,17790.81,SKU-2136,3,4243.51,0.0,320.11,4563.62,False
PED-00759,CLI-10058,CH-APP,LOJA-01,delivered,2025-04-02T17:32:11,4008.31,0.0,413.08,4421.39,SKU-2026,1,4008.31,0.0,413.08,4421.39,False
PED-00760,CLI-10058,CH-APP,LOJA-01,delivered,2025-04-14T19:30:17,4552.54,0.0,332.8,4885.34,SKU-2036,1,4552.54,0.0,332.8,4885.34,False
PED-00760,CLI-10058,CH-APP,LOJA-01,delivered,2025-04-14T19:30:17,6064.42,347.49,431.08,6148.01,SKU-2062,3,503.96,115.83,32.76,420.89,True
PED-00760,CLI-10058,CH-APP,LOJA-01,delivered,2025-04-14T19:30:17,6211.11,347.49,441.93,6305.55,SKU-2123,1,146.69,0.0,10.85,157.54,False
PED-00761,CLI-10058,CH-APP,LOJA-01,delivered,2025-04-17T21:43:45,1034.04,0.0,67.71,1101.75,SKU-2009,3,344.68,0.0,22.57,367.25,False
PED-00761,CLI-10058,CH-APP,LOJA-01,delivered,2025-04-17T21:43:45,1051.74,0.0,69.47,1121.21,SKU-2035,2,8.85,0.0,0.88,9.73,False
PED-00761,CLI-10058,CH-APP,LOJA-01,delivered,2025-04-17T21:43:45,10168.18,0.0,626.31,10794.49,SKU-2037,2,4558.22,0.0,278.42,4836.64,False
PED-00762,CLI-10058,CH-APP,LOJA-01,delivered,2025-04-22T20:57:38,9116.44,0.0,601.26,9717.7,SKU-2037,2,4558.22,0.0,300.63,4858.85,False
PED-00762,CLI-10058,CH-APP,LOJA-01,delivered,2025-04-22T20:57:38,9141.74,0.0,602.79,9744.53,SKU-2074,1,25.3,0.0,1.53,26.83,False
PED-00763,CLI-10059,CH-TELEVENDAS,LOJA-TELEVENDAS,delivered,2024-07-11T23:06:01,95.6,0.0,10.6,106.2,SKU-2133,2,47.8,0.0,5.3,53.1,False
PED-00763,CLI-10059,CH-TELEVENDAS,LOJA-TELEVENDAS,delivered,2024-07-11T23:06:01,147.8,0.0,16.48,164.28,SKU-2095,2,26.1,0.0,2.94,29.04,False
PED-00763,CLI-10059,CH-TELEVENDAS,LOJA-TELEVENDAS,delivered,2024-07-11T23:06:01,2141.79,0.0,125.22,2267.01,SKU-2096,1,1993.99,0.0,108.74,2102.73,False
PED-00764,CLI-10059,CH-TELEVENDAS,LOJA-TELEVENDAS,delivered,2024-07-21T19:10:50,454.42,0.0,40.84,495.26,SKU-2050,2,227.21,0.0,20.42,247.63,False
PED-00765,CLI-10059,CH-TELEVENDAS,LOJA-TELEVENDAS,confirmed,2024-07-22T07:42:53,1935.39,339.24,186.18,1782.33,SKU-2051,3,645.13,113.08,62.06,594.11,True
PED-00765,CLI-10059,CH-TELEVENDAS,LOJA-TELEVENDAS,confirmed,2024-07-22T07:42:53,2063.16,359.76,195.57,1898.97,SKU-2093,3,42.59,6.84,3.13,38.88,True
PED-00766,CLI-10059,CH-TELEVENDAS,LOJA-TELEVENDAS,delivered,2024-10-17T23:38:24,1511.88,0.0,174.69,1686.57,SKU-2062,3,503.96,0.0,58.23,562.19,False
PED-00766,CLI-10059,CH-TELEVENDAS,LOJA-TELEVENDAS,delivered,2024-10-17T23:38:24,1534.19,0.0,176.93,1711.12,SKU-2065,1,22.31,0.0,2.24,24.55,False
PED-00767,CLI-10059,CH-TELEVENDAS,LOJA-TELEVENDAS,delivered,2025-04-01T02:43:24,22320.15,0.0,1440.57,23760.72,SKU-2016,3,7440.05,0.0,480.19,7920.24,False
PED-00767,CLI-10059,CH-TELEVENDAS,LOJA-TELEVENDAS,delivered,2025-04-01T02:43:24,22504.78,0.0,1457.31,23962.09,SKU-2033,1,184.63,0.0,16.74,201.37,False
PED-00768,CLI-10059,CH-TELEVENDAS,LOJA-TELEVENDAS,delivered,2025-05-03T20:48:58,454.42,30.3,27.06,451.18,SKU-2050,2,227.21,15.15,13.53,225.59,True
PED-00769,CLI-10059,CH-TELEVENDAS,LOJA-TELEVENDAS,delivered,2025-05-14T03:58:33,886.48,0.0,69.59,956.07,SKU-2028,1,886.48,0.0,69.59,956.07,False
PED-00769,CLI-10059,CH-TELEVENDAS,LOJA-TELEVENDAS,delivered,2025-05-14T03:58:33,1023.1,0.0,78.11,1101.21,SKU-2113,2,68.31,0.0,4.26,72.57,False
PED-00769,CLI-10059,CH-TELEVENDAS,LOJA-TELEVENDAS,delivered,2025-05-14T03:58:33,1148.86,0.0,86.9,1235.76,SKU-2049,3,41.92,0.0,2.93,44.85,False
PED-00769,CLI-10059,CH-TELEVENDAS,LOJA-TELEVENDAS,delivered,2025-05-14T03:58:33,31038.91,0.0,3395.99,34434.9,SKU-2116,3,9963.35,0.0,1103.03,11066.38,False
PED-00770,CLI-10059,CH-TELEVENDAS,LOJA-TELEVENDAS,delivered,2025-05-27T20:44:09,1772.96,0.0,151.88,1924.84,SKU-2028,2,886.48,0.0,75.94,962.42,False
PED-00770,CLI-10059,CH-TELEVENDAS,LOJA-TELEVENDAS,delivered,2025-05-27T20:44:09,11113.54,0.0,661.78,11775.32,SKU-2046,2,4670.29,0.0,254.95,4925.24,False
PED-00770,CLI-10059,CH-TELEVENDAS,LOJA-TELEVENDAS,delivered,2025-05-27T20:44:09,11145.56,0.0,663.6,11809.16,SKU-2124,2,16.01,0.0,0.91,16.92,False
PED-00770,CLI-10059,CH-TELEVENDAS,LOJA-TELEVENDAS,delivered,2025-05-27T20:44:09,11366.44,0.0,685.26,12051.7,SKU-2001,2,110.44,0.0,10.83,121.27,False
PED-00771,CLI-10059,CH-APP,LOJA-01,delivered,2025-06-06T00:26:07,106.08,0.0,12.19,118.27,SKU-2081,1,106.08,0.0,12.19,118.27,False
PED-00771,CLI-10059,CH-APP,LOJA-01,delivered,2025-06-06T00:26:07,113.65,0.0,12.65,126.3,SKU-2135,1,7.57,0.0,0.46,8.03,False
PED-00771,CLI-10059,CH-APP,LOJA-01,delivered,2025-06-06T00:26:07,579.58,0.0,48.87,628.45,SKU-2120,1,465.93,0.0,36.22,502.15,False
PED-00772,CLI-10059,CH-TELEVENDAS,LOJA-TELEVENDAS,delivered,2025-06-13T07:57:44,18715.88,0.0,2029.0,20744.88,SKU-2106,2,9357.94,0.0,1014.5,10372.44,False
PED-00772,CLI-10059,CH-TELEVENDAS,LOJA-TELEVENDAS,delivered,2025-06-13T07:57:44,21998.58,383.24,2245.8,23861.14,SKU-2068,2,1641.35,191.62,108.4,1558.13,True
PED-00772,CLI-10059,CH-TELEVENDAS,LOJA-TELEVENDAS,delivered,2025-06-13T07:57:44,27775.05,383.24,2659.17,30050.98,SKU-2058,3,1925.49,0.0,137.79,2063.28,False
PED-00772,CLI-10059,CH-TELEVENDAS,LOJA-TELEVENDAS,delivered,2025-06-13T07:57:44,41152.56,383.24,3718.65,44487.97,SKU-2067,3,4459.17,0.0,353.16,4812.33,False
PED-00773,CLI-10059,CH-TELEVENDAS,LOJA-TELEVENDAS,delivered,2025-07-05T08:30:38,9963.35,0.0,639.2,10602.55,SKU-2116,1,9963.35,0.0,639.2,10602.55,False
PED-00773,CLI-10059,CH-TELEVENDAS,LOJA-TELEVENDAS,delivered,2025-07-05T08:30:38,11630.45,0.0,756.95,12387.4,SKU-2070,3,555.7,0.0,39.25,594.95,False
PED-00774,CLI-10059,CH-TELEVENDAS,LOJA-TELEVENDAS,delivered,2025-07-21T21:04:03,27.1,0.0,1.56,28.66,SKU-2055,2,13.55,0.0,0.78,14.33,False
PED-00774,CLI-10059,CH-TELEVENDAS,LOJA-TELEVENDAS,delivered,2025-07-21T21:04:03,1265.78,0.0,126.17,1391.95,SKU-2128,1,1238.68,0.0,124.61,1363.29,False
PED-00775,CLI-10059,CH-TELEVENDAS,LOJA-TELEVENDAS,cancelled,2025-08-29T02:47:04,16.01,2.85,0.91,14.07,SKU-2124,1,16.01,2.85,0.91,14.07,True
PED-00775,CLI-10059,CH-TELEVENDAS,LOJA-TELEVENDAS,cancelled,2025-08-29T02:47:04,137.05,2.85,9.37,143.57,SKU-2063,2,60.52,0.0,4.23,64.75,False
PED-00775,CLI-10059,CH-TELEVENDAS,LOJA-TELEVENDAS,cancelled,2025-08-29T02:47:04,1340.55,243.51,79.39,1176.43,SKU-2071,2,601.75,120.33,35.01,516.43,True
PED-00775,CLI-10059,CH-TELEVENDAS,LOJA-TELEVENDAS,cancelled,2025-08-29T02:47:04,7322.52,243.51,442.03,7521.04,SKU-2096,3,1993.99,0.0,120.88,2114.87,False
PED-00776,CLI-10060,CH-APP,LOJA-02,delivered,2024-04-22T06:03:58,32.49,0.0,2.34,34.83,SKU-2005,3,10.83,0.0,0.78,11.61,False
PED-00776,CLI-10060,CH-APP,LOJA-02,delivered,2024-04-22T06:03:58,50.19,0.0,3.78,53.97,SKU-2035,2,8.85,0.0,0.72,9.57,False
PED-00776,CLI-10060,CH-APP,LOJA-02,delivered,2024-04-22T06:03:58,2789.75,0.0,230.57,3020.32,SKU-2017,1,2739.56,0.0,226.79,2966.35,False
PED-00777,CLI-10060,CH-APP,LOJA-02,delivered,2024-05-01T14:21:58,32.49,0.0,2.52,35.01,SKU-2005,3,10.83,0.0,0.84,11.67,False
PED-00777,CLI-10060,CH-APP,LOJA-02,delivered,2024-05-01T14:21:58,50.19,0.0,4.44,54.63,SKU-2035,2,8.85,0.0,0.96,9.81,False
PED-00777,CLI-10060,CH-APP,LOJA-02,delivered,2024-05-01T14:21:58,250.26,0.0,21.62,271.88,SKU-2030,1,200.07,0.0,17.18,217.25,False
PED-00778,CLI-10061,CH-FISICO,LOJA-05,delivered,2024-04-24T18:28:50,18.57,0.0,1.94,20.51,SKU-2144,1,18.57,0.0,1.94,20.51,False
PED-00779,CLI-10061,CH-FISICO,LOJA-05,delivered,2024-08-17T10:23:36,2241.92,0.0,250.28,2492.2,SKU-2048,2,1120.96,0.0,125.14,1246.1,False
PED-00779,CLI-10061,CH-FISICO,LOJA-05,delivered,2024-08-17T10:23:36,2572.16,0.0,274.43,2846.59,SKU-2018,3,110.08,0.0,8.05,118.13,False
PED-00779,CLI-10061,CH-FISICO,LOJA-05,delivered,2024-08-17T10:23:36,3271.42,0.0,326.03,3597.45,SKU-2110,1,699.26,0.0,51.6,750.86,False
PED-00779,CLI-10061,CH-FISICO,LOJA-05,delivered,2024-08-17T10:23:36,4938.52,0.0,495.68,5434.2,SKU-2070,3,555.7,0.0,56.55,612.25,False
PED-00780,CLI-10061,CH-FISICO,LOJA-05,delivered,2025-01-21T23:40:11,97.68,0.0,10.74,108.42,SKU-2004,2,48.84,0.0,5.37,54.21,False
PED-00780,CLI-10061,CH-FISICO,LOJA-05,delivered,2025-01-21T23:40:11,682.65,0.0,53.37,736.02,SKU-2002,3,194.99,0.0,14.21,209.2,False
PED-00780,CLI-10061,CH-FISICO,LOJA-05,delivered,2025-01-21T23:40:11,4391.77,0.0,290.83,4682.6,SKU-2057,2,1854.56,0.0,118.73,1973.29,False
PED-00780,CLI-10061,CH-FISICO,LOJA-05,delivered,2025-01-21T23:40:11,5694.73,0.0,437.44,6132.17,SKU-2082,3,434.32,0.0,48.87,483.19,False
PED-00781,CLI-10061,CH-FISICO,LOJA-05,delivered,2025-03-24T12:39:54,14010.87,0.0,1528.98,15539.85,SKU-2046,3,4670.29,0.0,509.66,5179.95,False
PED-00781,CLI-10061,CH-FISICO,LOJA-05,delivered,2025-03-24T12:39:54,14047.28,0.0,1533.23,15580.51,SKU-2025,1,36.41,0.0,4.25,40.66,False
PED-00781,CLI-10061,CH-FISICO,LOJA-05,delivered,2025-03-24T12:39:54,32272.86,0.0,3629.03,35901.89,SKU-2006,2,9112.79,0.0,1047.9,10160.69,False
PED-00782,CLI-10061,CH-FISICO,LOJA-05,returned,2025-04-09T15:32:14,13.55,3.11,0.84,11.28,SKU-2055,1,13.55,3.11,0.84,11.28,True
PED-00782,CLI-10061,CH-FISICO,LOJA-05,returned,2025-04-09T15:32:14,191.33,42.85,16.0,164.48,SKU-2090,2,88.89,19.87,7.58,76.6,True
PED-00783,CLI-10061,CH-FISICO,LOJA-05,delivered,2025-04-13T06:12:21,1507.74,0.0,88.23,1595.97,SKU-2031,3,502.58,0.0,29.41,531.99,False
PED-00783,CLI-10061,CH-FISICO,LOJA-05,delivered,2025-04-13T06:12:21,1672.03,24.29,101.16,1748.9,SKU-2023,1,164.29,24.29,12.93,152.93,True
PED-00783,CLI-10061,CH-FISICO,LOJA-05,delivered,2025-04-13T06:12:21,1780.51,24.29,109.74,1865.96,SKU-2044,3,36.16,0.0,2.86,39.02,False
PED-00783,CLI-10061,CH-FISICO,LOJA-05,delivered,2025-04-13T06:12:21,1981.82,24.29,131.08,2088.61,SKU-2129,1,201.31,0.0,21.34,222.65,False
PED-00784,CLI-10061,CH-TELEVENDAS,LOJA-TELEVENDAS,delivered,2025-05-04T08:24:01,286.0,0.0,23.0,309.0,SKU-2102,2,143.0,0.0,11.5,154.5,False
PED-00784,CLI-10061,CH-TELEVENDAS,LOJA-TELEVENDAS,delivered,2025-05-04T08:24:01,395.23,0.0,36.11,431.34,SKU-2025,3,36.41,0.0,4.37,40.78,False
PED-00784,CLI-10061,CH-TELEVENDAS,LOJA-TELEVENDAS,delivered,2025-05-04T08:24:01,484.12,0.0,45.6,529.72,SKU-2090,1,88.89,0.0,9.49,98.38,False
PED-00784,CLI-10061,CH-TELEVENDAS,LOJA-TELEVENDAS,delivered,2025-05-04T08:24:01,1460.42,237.1,120.32,1343.64,SKU-2092,2,488.15,118.55,37.36,406.96,True
PED-00785,CLI-10061,CH-FISICO,LOJA-05,delivered,2025-05-07T16:08:19,1662.84,0.0,164.04,1826.88,SKU-2032,3,554.28,0.0,54.68,608.96,False
PED-00786,CLI-10061,CH-FISICO,LOJA-05,confirmed,2025-05-12T04:33:36,52.2,0.0,6.04,58.24,SKU-2095,2,26.1,0.0,3.02,29.12,False
PED-00786,CLI-10061,CH-FISICO,LOJA-05,confirmed,2025-05-12T04:33:36,9410.14,0.0,1004.74,10414.88,SKU-2106,1,9357.94,0.0,998.7,10356.64,False
PED-00786,CLI-10061,CH-FISICO,LOJA-05,confirmed,2025-05-12T04:33:36,10099.33,0.0,1083.82,11183.15,SKU-2040,1,689.19,0.0,79.08,768.27,False
PED-00787,CLI-10061,CH-FISICO,LOJA-05,delivered,2025-05-14T08:50:03,4459.17,0.0,500.4,4959.57,SKU-2067,1,4459.17,0.0,500.4,4959.57,False
PED-00787,CLI-10061,CH-FISICO,LOJA-05,delivered,2025-05-14T08:50:03,4893.49,0.0,526.5,5419.99,SKU-2082,1,434.32,0.0,26.1,460.42,False
PED-00787,CLI-10061,CH-FISICO,LOJA-05,delivered,2025-05-14T08:50:03,18624.03,1721.92,1630.04,18532.15,SKU-2007,2,6865.27,860.96,551.77,6556.08,True
PED-00788,CLI-10061,CH-APP,LOJA-01,delivered,2025-05-26T16:31:41,1772.96,0.0,140.16,1913.12,SKU-2028,2,886.48,0.0,70.08,956.56,False
PED-00789,CLI-10061,CH-FISICO,LOJA-05,confirmed,2025-07-07T05:33:19,575.64,0.0,65.16,640.8,SKU-2079,2,287.82,0.0,32.58,320.4,False
PED-00790,CLI-10062,CH-WEB,LOJA-WEB,delivered,2024-10-15T14:49:44,71.8,0.0,4.0,75.8,SKU-2131,1,71.8,0.0,4.0,75.8,False
PED-00790,CLI-10062,CH-WEB,LOJA-WEB,delivered,2024-10-15T14:49:44,256.43,0.0,16.88,273.31,SKU-2033,1,184.63,0.0,12.88,197.51,False
PED-00791,CLI-10062,CH-WEB,LOJA-WEB,delivered,2024-11-25T17:41:05,27.42,0.0,3.06,30.48,SKU-2084,3,9.14,0.0,1.02,10.16,False
PED-00791,CLI-10062,CH-WEB,LOJA-WEB,delivered,2024-11-25T17:41:05,1119.04,0.0,86.28,1205.32,SKU-2118,1,1091.62,0.0,83.22,1174.84,False
PED-00791,CLI-10062,CH-WEB,LOJA-WEB,delivered,2024-11-25T17:41:05,1166.84,0.0,91.8,1258.64,SKU-2133,1,47.8,0.0,5.52,53.32,False
PED-00792,CLI-10063,CH-APP,LOJA-01,delivered,2024-04-12T03:29:39,10982.92,0.0,813.54,11796.46,SKU-2146,2,5491.46,0.0,406.77,5898.23,False
PED-00793,CLI-10063,CH-APP,LOJA-01,delivered,2025-01-24T23:14:22,29890.05,0.0,3053.19,32943.24,SKU-2116,3,9963.35,0.0,1017.73,10981.08,False
PED-00793,CLI-10063,CH-APP,LOJA-01,delivered,2025-01-24T23:14:22,43267.56,0.0,4587.21,47854.77,SKU-2067,3,4459.17,0.0,511.34,4970.51,False
PED-00794,CLI-10064,CH-TELEVENDAS,LOJA-TELEVENDAS,confirmed,2024-04-27T03:42:35,22320.15,3541.41,1063.26,19842.0,SKU-2016,3,7440.05,1180.47,354.42,6614.0,True
PED-00794,CLI-10064,CH-TELEVENDAS,LOJA-TELEVENDAS,confirmed,2024-04-27T03:42:35,22405.33,3541.41,1068.24,19932.16,SKU-2093,2,42.59,0.0,2.49,45.08,False
PED-00794,CLI-10064,CH-TELEVENDAS,LOJA-TELEVENDAS,confirmed,2024-04-27T03:42:35,22611.97,3541.41,1091.19,20161.75,SKU-2109,3,68.88,0.0,7.65,76.53,False
PED-00795,CLI-10065,CH-APP,LOJA-02,delivered,2024-07-06T20:12:12,146.52,0.0,12.72,159.24,SKU-2004,3,48.84,0.0,4.24,53.08,False
PED-00795,CLI-10065,CH-APP,LOJA-02,delivered,2024-07-06T20:12:12,373.73,0.0,32.52,406.25,SKU-2050,1,227.21,0.0,19.8,247.01,False
PED-00796,CLI-10066,CH-APP,LOJA-02,delivered,2024-03-26T08:58:41,658.29,0.0,42.24,700.53,SKU-2038,3,219.43,0.0,14.08,233.51,False
PED-00796,CLI-10066,CH-APP,LOJA-02,delivered,2024-03-26T08:58:41,1018.46,0.0,84.17,1102.63,SKU-2138,1,360.17,0.0,41.93,402.1,False
PED-00797,CLI-10066,CH-APP,LOJA-02,confirmed,2024-06-30T05:26:08,434.32,0.0,38.61,472.93,SKU-2082,1,434.32,0.0,38.61,472.93,False
PED-00797,CLI-10066,CH-APP,LOJA-02,confirmed,2024-06-30T05:26:08,465.78,0.0,41.79,507.57,SKU-2034,2,15.73,0.0,1.59,17.32,False
PED-00797,CLI-10066,CH-APP,LOJA-02,confirmed,2024-06-30T05:26:08,23051.4,0.0,1264.71,24316.11,SKU-2076,3,7528.54,0.0,407.64,7936.18,False
PED-00797,CLI-10066,CH-APP,LOJA-02,confirmed,2024-06-30T05:26:08,24343.26,188.86,1332.23,25486.63,SKU-2000,2,645.93,94.43,33.76,585.26,True
PED-00798,CLI-10066,CH-APP,LOJA-02,delivered,2024-12-02T15:14:50,3068.61,0.0,332.64,3401.25,SKU-2107,3,1022.87,0.0,110.88,1133.75,False
PED-00798,CLI-10066,CH-APP,LOJA-02,delivered,2024-12-02T15:14:50,3270.05,0.0,356.09,3626.14,SKU-2100,1,201.44,0.0,23.45,224.89,False
PED-00799,CLI-10067,CH-APP,LOJA-01,delivered,2024-04-05T12:22:33,95.6,0.0,9.94,105.54,SKU-2133,2,47.8,0.0,4.97,52.77,False
PED-00800,CLI-10067,CH-APP,LOJA-01,confirmed,2024-04-15T00:01:48,89.75,0.0,10.09,99.84,SKU-2039,1,89.75,0.0,10.09,99.84,False
PED-00800,CLI-10067,CH-APP,LOJA-01,confirmed,2024-04-15T00:01:48,199.83,0.0,18.88,218.71,SKU-2018,1,110.08,0.0,8.79,118.87,False
PED-00800,CLI-10067,CH-APP,LOJA-01,confirmed,2024-04-15T00:01:48,1516.72,0.0,148.46,1665.18,SKU-2087,1,1316.89,0.0,129.58,1446.47,False
PED-00800,CLI-10067,CH-APP,LOJA-01,confirmed,2024-04-15T00:01:48,2412.18,0.0,207.32,2619.5,SKU-2069,2,447.73,0.0,29.43,477.16,False
PED-00801,CLI-10068,CH-FISICO,LOJA-02,delivered,2024-12-26T21:20:36,3068.61,0.0,347.76,3416.37,SKU-2107,3,1022.87,0.0,115.92,1138.79,False
PED-00801,CLI-10068,CH-FISICO,LOJA-02,delivered,2024-12-26T21:20:36,3131.85,0.0,352.77,3484.62,SKU-2014,3,21.08,0.0,1.67,22.75,False
PED-00801,CLI-10068,CH-FISICO,LOJA-02,delivered,2024-12-26T21:20:36,11148.47,0.0,800.23,11948.7,SKU-2026,2,4008.31,0.0,223.73,4232.04,False
PED-00801,CLI-10068,CH-FISICO,LOJA-02,delivered,2024-12-26T21:20:36,11750.22,0.0,850.77,12600.99,SKU-2071,1,601.75,0.0,50.54,652.29,False
PED-00802,CLI-10069,CH-TELEVENDAS,LOJA-TELEVENDAS,delivered,2024-04-18T07:12:47,109.23,26.58,5.52,88.17,SKU-2025,3,36.41,8.86,1.84,29.39,True
PED-00803,CLI-10069,CH-TELEVENDAS,LOJA-TELEVENDAS,confirmed,2024-05-10T18:07:12,5458.8,0.0,598.59,6057.39,SKU-2088,3,1819.6,0.0,199.53,2019.13,False
PED-00804,CLI-10069,CH-TELEVENDAS,LOJA-TELEVENDAS,confirmed,2024-05-24T04:47:29,9112.79,0.0,665.48,9778.27,SKU-2006,1,9112.79,0.0,665.48,9778.27,False
PED-00804,CLI-10069,CH-TELEVENDAS,LOJA-TELEVENDAS,confirmed,2024-05-24T04:47:29,9139.89,0.0,668.36,9808.25,SKU-2055,2,13.55,0.0,1.44,14.99,False
PED-00804,CLI-10069,CH-TELEVENDAS,LOJA-TELEVENDAS,confirmed,2024-05-24T04:47:29,9194.25,0.0,674.48,9868.73,SKU-2145,3,18.12,0.0,2.04,20.16,False
PED-00804,CLI-10069,CH-TELEVENDAS,LOJA-TELEVENDAS,confirmed,2024-05-24T04:47:29,18534.83,0.0,1366.46,19901.29,SKU-2046,2,4670.29,0.0,345.99,5016.28,False
PED-00805,CLI-10069,CH-TELEVENDAS,LOJA-TELEVENDAS,delivered,2024-05-29T09:31:16,13377.51,0.0,1362.48,14739.99,SKU-2067,3,4459.17,0.0,454.16,4913.33,False
PED-00805,CLI-10069,CH-TELEVENDAS,LOJA-TELEVENDAS,delivered,2024-05-29T09:31:16,14100.51,0.0,1407.34,15507.85,SKU-2041,2,361.5,0.0,22.43,383.93,False
PED-00805,CLI-10069,CH-TELEVENDAS,LOJA-TELEVENDAS,delivered,2024-05-29T09:31:16,14195.09,0.0,1414.28,15609.37,SKU-2053,2,47.29,0.0,3.47,50.76,False
PED-00805,CLI-10069,CH-TELEVENDAS,LOJA-TELEVENDAS,delivered,2024-05-29T09:31:16,15255.47,0.0,1527.05,16782.52,SKU-2142,3,353.46,0.0,37.59,391.05,False
PED-00806,CLI-10069,CH-TELEVENDAS,LOJA-TELEVENDAS,cancelled,2024-06-05T07:31:35,229.68,0.0,21.76,251.44,SKU-2103,2,114.84,0.0,10.88,125.72,False
PED-00807,CLI-10069,CH-TELEVENDAS,LOJA-TELEVENDAS,delivered,2024-06-09T10:01:59,385.64,0.0,22.29,407.93,SKU-2112,1,385.64,0.0,22.29,407.93,False
PED-00807,CLI-10069,CH-TELEVENDAS,LOJA-TELEVENDAS,delivered,2024-06-09T10:01:59,1850.09,0.0,147.39,1997.48,SKU-2092,3,488.15,0.0,41.7,529.85,False
PED-00807,CLI-10069,CH-TELEVENDAS,LOJA-TELEVENDAS,delivered,2024-06-09T10:01:59,3917.66,0.0,360.3,4277.96,SKU-2040,3,689.19,0.0,70.97,760.16,False
PED-00808,CLI-10069,CH-TELEVENDAS,LOJA-TELEVENDAS,delivered,2024-06-18T15:22:43,229.68,0.0,16.96,246.64,SKU-2103,2,114.84,0.0,8.48,123.32,False
PED-00809,CLI-10069,CH-TELEVENDAS,LOJA-TELEVENDAS,confirmed,2024-06-21T05:38:47,18.12,0.0,0.96,19.08,SKU-2145,1,18.12,0.0,0.96,19.08,False
PED-00809,CLI-10069,CH-TELEVENDAS,LOJA-TELEVENDAS,confirmed,2024-06-21T05:38:47,1949.46,0.0,231.72,2181.18,SKU-2021,3,643.78,0.0,76.92,720.7,False
PED-00809,CLI-10069,CH-TELEVENDAS,LOJA-TELEVENDAS,confirmed,2024-06-21T05:38:47,2383.78,0.0,278.77,2662.55,SKU-2082,1,434.32,0.0,47.05,481.37,False
PED-00810,CLI-10069,CH-TELEVENDAS,LOJA-TELEVENDAS,delivered,2024-06-26T08:26:10,9116.44,0.0,469.08,9585.52,SKU-2037,2,4558.22,0.0,234.54,4792.76,False
PED-00810,CLI-10069,CH-TELEVENDAS,LOJA-TELEVENDAS,delivered,2024-06-26T08:26:10,9252.01,0.0,480.03,9732.04,SKU-2003,3,45.19,0.0,3.65,48.84,False
PED-00811,CLI-10069,CH-TELEVENDAS,LOJA-TELEVENDAS,delivered,2024-10-21T01:07:19,8298.84,0.0,626.7,8925.54,SKU-2147,2,4149.42,0.0,313.35,4462.77,False
PED-00811,CLI-10069,CH-TELEVENDAS,LOJA-TELEVENDAS,delivered,2024-10-21T01:07:19,8446.39,0.0,637.77,9084.16,SKU-2099,1,147.55,0.0,11.07,158.62,False
PED-00811,CLI-10069,CH-TELEVENDAS,LOJA-TELEVENDAS,delivered,2024-10-21T01:07:19,32809.24,0.0,3322.47,36131.71,SKU-2066,3,8120.95,0.0,894.9,9015.85,False
PED-00811,CLI-10069,CH-TELEVENDAS,LOJA-TELEVENDAS,delivered,2024-10-21T01:07:19,32937.01,0.0,3333.66,36270.67,SKU-2093,3,42.59,0.0,3.73,46.32,False
PED-00812,CLI-10069,CH-TELEVENDAS,LOJA-TELEVENDAS,delivered,2025-01-01T02:08:27,3890.34,0.0,385.74,4276.08,SKU-2137,3,1296.78,0.0,128.58,1425.36,False
PED-00812,CLI-10069,CH-TELEVENDAS,LOJA-TELEVENDAS,delivered,2025-01-01T02:08:27,4106.22,0.0,399.93,4506.15,SKU-2080,3,71.96,0.0,4.73,76.69,False
PED-00812,CLI-10069,CH-TELEVENDAS,LOJA-TELEVENDAS,delivered,2025-01-01T02:08:27,12122.84,0.0,830.61,12953.45,SKU-2026,2,4008.31,0.0,215.34,4223.65,False
PED-00812,CLI-10069,CH-TELEVENDAS,LOJA-TELEVENDAS,delivered,2025-01-01T02:08:27,17899.31,0.0,1358.43,19257.74,SKU-2058,3,1925.49,0.0,175.94,2101.43,False
PED-00813,CLI-10069,CH-TELEVENDAS,LOJA-TELEVENDAS,confirmed,2025-04-10T12:05:29,13674.66,0.0,1541.91,15216.57,SKU-2037,3,4558.22,0.0,513.97,5072.19,False
PED-00813,CLI-10069,CH-TELEVENDAS,LOJA-TELEVENDAS,confirmed,2025-04-10T12:05:29,21114.71,0.0,2169.53,23284.24,SKU-2016,1,7440.05,0.0,627.62,8067.67,False
PED-00813,CLI-10069,CH-TELEVENDAS,LOJA-TELEVENDAS,confirmed,2025-04-10T12:05:29,21381.38,0.0,2185.34,23566.72,SKU-2090,3,88.89,0.0,5.27,94.16,False
PED-00813,CLI-10069,CH-TELEVENDAS,LOJA-TELEVENDAS,confirmed,2025-04-10T12:05:29,22492.78,0.0,2276.08,24768.86,SKU-2070,2,555.7,0.0,45.37,601.07,False
PED-00814,CLI-10069,CH-TELEVENDAS,LOJA-TELEVENDAS,delivered,2025-04-30T21:53:40,13657.62,2743.71,994.5,11908.41,SKU-2036,3,4552.54,914.57,331.5,3969.47,True
PED-00814,CLI-10069,CH-TELEVENDAS,LOJA-TELEVENDAS,delivered,2025-04-30T21:53:40,14017.79,2743.71,1025.87,12299.95,SKU-2138,1,360.17,0.0,31.37,391.54,False
PED-00814,CLI-10069,CH-TELEVENDAS,LOJA-TELEVENDAS,delivered,2025-04-30T21:53:40,14233.67,2743.71,1039.61,12529.57,SKU-2080,3,71.96,0.0,4.58,76.54,False
PED-00814,CLI-10069,CH-TELEVENDAS,LOJA-TELEVENDAS,delivered,2025-04-30T21:53:40,14564.99,2743.71,1079.12,12900.4,SKU-2001,3,110.44,0.0,13.17,123.61,False
PED-00815,CLI-10069,CH-TELEVENDAS,LOJA-TELEVENDAS,delivered,2025-05-01T10:57:01,1048.68,0.0,102.75,1151.43,SKU-2022,3,349.56,0.0,34.25,383.81,False
PED-00815,CLI-10069,CH-TELEVENDAS,LOJA-TELEVENDAS,delivered,2025-05-01T10:57:01,1136.1,0.0,110.03,1246.13,SKU-2024,2,43.71,0.0,3.64,47.35,False
PED-00815,CLI-10069,CH-TELEVENDAS,LOJA-TELEVENDAS,delivered,2025-05-01T10:57:01,1365.78,0.0,126.51,1492.29,SKU-2103,2,114.84,0.0,8.24,123.08,False
PED-00816,CLI-10069,CH-TELEVENDAS,LOJA-TELEVENDAS,delivered,2025-05-11T16:25:05,286.0,0.0,26.98,312.98,SKU-2102,2,143.0,0.0,13.49,156.49,False
PED-00816,CLI-10069,CH-TELEVENDAS,LOJA-TELEVENDAS,delivered,2025-05-11T16:25:05,1576.26,0.0,99.98,1676.24,SKU-2051,2,645.13,0.0,36.5,681.63,False
PED-00816,CLI-10069,CH-TELEVENDAS,LOJA-TELEVENDAS,delivered,2025-05-11T16:25:05,5427.24,659.42,478.94,5246.76,SKU-2058,2,1925.49,329.71,189.48,1785.26,True
PED-00817,CLI-10069,CH-TELEVENDAS,LOJA-TELEVENDAS,cancelled,2025-05-20T04:08:18,220.88,0.0,11.48,232.36,SKU-2001,2,110.44,0.0,5.74,116.18,False
PED-00818,CLI-10069,CH-TELEVENDAS,LOJA-TELEVENDAS,cancelled,2025-06-04T05:35:30,17591.88,0.0,1304.73,18896.61,SKU-2127,3,5863.96,0.0,434.91,6298.87,False
PED-00818,CLI-10069,CH-TELEVENDAS,LOJA-TELEVENDAS,cancelled,2025-06-04T05:35:30,31602.75,0.0,2593.44,34196.19,SKU-2046,3,4670.29,0.0,429.57,5099.86,False
PED-00819,CLI-10069,CH-TELEVENDAS,LOJA-TELEVENDAS,confirmed,2025-07-14T14:07:17,402.62,23.26,33.24,412.6,SKU-2129,2,201.31,11.63,16.62,206.3,True
PED-00819,CLI-10069,CH-TELEVENDAS,LOJA-TELEVENDAS,confirmed,2025-07-14T14:07:17,622.05,23.26,49.0,647.79,SKU-2038,1,219.43,0.0,15.76,235.19,False
PED-00820,CLI-10069,CH-TELEVENDAS,LOJA-TELEVENDAS,delivered,2025-07-22T09:23:28,5863.96,0.0,702.58,6566.54,SKU-2127,1,5863.96,0.0,702.58,6566.54,False
PED-00821,CLI-10069,CH-TELEVENDAS,LOJA-TELEVENDAS,delivered,2025-09-10T20:59:53,17.04,0.0,1.02,18.06,SKU-2114,2,8.52,0.0,0.51,9.03,False
PED-00821,CLI-10069,CH-TELEVENDAS,LOJA-TELEVENDAS,delivered,2025-09-10T20:59:53,632.54,0.0,49.22,681.76,SKU-2029,2,307.75,0.0,24.1,331.85,False
PED-00821,CLI-10069,CH-TELEVENDAS,LOJA-TELEVENDAS,delivered,2025-09-10T20:59:53,1574.7,232.22,108.6,1451.08,SKU-2141,2,471.08,116.11,29.69,384.66,True
PED-00821,CLI-10069,CH-TELEVENDAS,LOJA-TELEVENDAS,delivered,2025-09-10T20:59:53,23894.85,232.22,2535.57,26198.2,SKU-2016,3,7440.05,0.0,808.99,8249.04,False
PED-00822,CLI-10069,CH-TELEVENDAS,LOJA-TELEVENDAS,delivered,2025-09-24T05:00:26,168.66,0.0,10.77,179.43,SKU-2139,1,168.66,0.0,10.77,179.43,False
PED-00822,CLI-10069,CH-TELEVENDAS,LOJA-TELEVENDAS,delivered,2025-09-24T05:00:26,2104.05,0.0,166.5,2270.55,SKU-2051,3,645.13,0.0,51.91,697.04,False
PED-00822,CLI-10069,CH-TELEVENDAS,LOJA-TELEVENDAS,delivered,2025-09-24T05:00:26,2404.72,0.0,191.87,2596.59,SKU-2072,1,300.67,0.0,25.37,326.04,False
PED-00822,CLI-10069,CH-TELEVENDAS,LOJA-TELEVENDAS,delivered,2025-09-24T05:00:26,3273.36,0.0,272.37,3545.73,SKU-2082,2,434.32,0.0,40.25,474.57,False
PED-00823,CLI-10069,CH-TELEVENDAS,LOJA-TELEVENDAS,confirmed,2025-12-21T15:02:01,7.57,0.0,0.43,8.0,SKU-2135,1,7.57,0.0,0.43,8.0,False
PED-00824,CLI-10069,CH-TELEVENDAS,LOJA-TELEVENDAS,delivered,2026-01-15T15:59:27,396.36,0.0,30.5,426.86,SKU-2012,1,396.36,0.0,30.5,426.86,False
PED-00824,CLI-10069,CH-TELEVENDAS,LOJA-TELEVENDAS,delivered,2026-01-15T15:59:27,8883.38,0.0,486.0,9369.38,SKU-2136,2,4243.51,0.0,227.75,4471.26,False
PED-00824,CLI-10069,CH-TELEVENDAS,LOJA-TELEVENDAS,delivered,2026-01-15T15:59:27,29479.19,0.0,2580.54,32059.73,SKU-2007,3,6865.27,0.0,698.18,7563.45,False
PED-00825,CLI-10069,CH-TELEVENDAS,LOJA-TELEVENDAS,delivered,2026-01-19T05:38:42,36.41,0.0,3.64,40.05,SKU-2025,1,36.41,0.0,3.64,40.05,False
PED-00825,CLI-10069,CH-TELEVENDAS,LOJA-TELEVENDAS,delivered,2026-01-19T05:38:42,4286.57,0.0,363.5,4650.07,SKU-2117,1,4250.16,0.0,359.86,4610.02,False
PED-00826,CLI-10069,CH-TELEVENDAS,LOJA-TELEVENDAS,cancelled,2026-02-05T11:45:15,25.3,0.0,2.43,27.73,SKU-2074,1,25.3,0.0,2.43,27.73,False
PED-00827,CLI-10069,CH-TELEVENDAS,LOJA-TELEVENDAS,delivered,2026-02-12T18:55:41,26.1,0.0,2.4,28.5,SKU-2095,1,26.1,0.0,2.4,28.5,False
PED-00827,CLI-10069,CH-TELEVENDAS,LOJA-TELEVENDAS,delivered,2026-02-12T18:55:41,455.1,0.0,50.34,505.44,SKU-2102,3,143.0,0.0,15.98,158.98,False
PED-00828,CLI-10069,CH-TELEVENDAS,LOJA-TELEVENDAS,delivered,2026-02-28T03:36:31,1343.19,288.39,80.58,1135.38,SKU-2069,3,447.73,96.13,26.86,378.46,True
PED-00828,CLI-10069,CH-TELEVENDAS,LOJA-TELEVENDAS,delivered,2026-02-28T03:36:31,1387.55,288.39,84.31,1183.47,SKU-2104,1,44.36,0.0,3.73,48.09,False
PED-00829,CLI-10070,CH-APP,LOJA-01,confirmed,2024-04-10T10:58:03,14010.87,0.0,1625.88,15636.75,SKU-2046,3,4670.29,0.0,541.96,5212.25,False
PED-00830,CLI-10070,CH-APP,LOJA-01,delivered,2024-05-22T08:52:39,300.67,0.0,23.35,324.02,SKU-2072,1,300.67,0.0,23.35,324.02,False
PED-00830,CLI-10070,CH-APP,LOJA-01,delivered,2024-05-22T08:52:39,318.79,0.0,24.96,343.75,SKU-2145,1,18.12,0.0,1.61,19.73,False
PED-00830,CLI-10070,CH-APP,LOJA-01,delivered,2024-05-22T08:52:39,16560.69,0.0,1426.24,17986.93,SKU-2066,2,8120.95,0.0,700.64,8821.59,False
PED-00831,CLI-10071,CH-TELEVENDAS,LOJA-TELEVENDAS,delivered,2024-06-19T09:25:08,1156.92,0.0,111.54,1268.46,SKU-2112,3,385.64,0.0,37.18,422.82,False
PED-00831,CLI-10071,CH-TELEVENDAS,LOJA-TELEVENDAS,delivered,2024-06-19T09:25:08,14814.54,0.0,975.09,15789.63,SKU-2036,3,4552.54,0.0,287.85,4840.39,False
PED-00831,CLI-10071,CH-TELEVENDAS,LOJA-TELEVENDAS,delivered,2024-06-19T09:25:08,14882.85,0.0,978.71,15861.56,SKU-2113,1,68.31,0.0,3.62,71.93,False
PED-00832,CLI-10072,CH-APP,LOJA-02,delivered,2024-04-02T22:26:15,25.3,0.0,2.38,27.68,SKU-2074,1,25.3,0.0,2.38,27.68,False
PED-00832,CLI-10072,CH-APP,LOJA-02,delivered,2024-04-02T22:26:15,427.92,0.0,34.88,462.8,SKU-2129,2,201.31,0.0,16.25,217.56,False
PED-00833,CLI-10072,CH-APP,LOJA-02,delivered,2024-04-03T21:03:13,9105.08,1702.22,582.56,7985.42,SKU-2036,2,4552.54,851.11,291.28,3992.71,True
PED-00833,CLI-10072,CH-APP,LOJA-02,delivered,2024-04-03T21:03:13,11069.72,2083.55,741.98,9728.15,SKU-2140,3,654.88,127.11,53.14,580.91,True
PED-00834,CLI-10072,CH-APP,LOJA-02,delivered,2024-04-04T09:22:43,5147.8,0.0,550.61,5698.41,SKU-2097,1,5147.8,0.0,550.61,5698.41,False
PED-00835,CLI-10072,CH-APP,LOJA-02,delivered,2024-04-06T01:27:23,32.49,0.0,2.7,35.19,SKU-2005,3,10.83,0.0,0.9,11.73,False
PED-00836,CLI-10072,CH-APP,LOJA-02,delivered,2024-04-12T10:53:35,36.84,0.0,3.48,40.32,SKU-2125,2,18.42,0.0,1.74,20.16,False
PED-00836,CLI-10072,CH-APP,LOJA-02,delivered,2024-04-12T10:53:35,72.66,0.0,5.66,78.32,SKU-2064,2,17.91,0.0,1.09,19.0,False
PED-00837,CLI-10072,CH-APP,LOJA-02,returned,2024-04-18T07:19:26,27.02,0.0,1.62,28.64,SKU-2094,2,13.51,0.0,0.81,14.32,False
PED-00837,CLI-10072,CH-APP,LOJA-02,returned,2024-04-18T07:19:26,48.68,0.0,4.04,52.72,SKU-2005,2,10.83,0.0,1.21,12.04,False
PED-00838,CLI-10072,CH-FISICO,LOJA-02,cancelled,2024-06-14T17:16:27,18715.88,0.0,1378.36,20094.24,SKU-2106,2,9357.94,0.0,689.18,10047.12,False
PED-00838,CLI-10072,CH-FISICO,LOJA-02,cancelled,2024-06-14T17:16:27,31466.36,0.0,2661.46,34127.82,SKU-2117,3,4250.16,0.0,427.7,4677.86,False
PED-00838,CLI-10072,CH-FISICO,LOJA-02,cancelled,2024-06-14T17:16:27,31476.23,0.0,2662.45,34138.68,SKU-2115,1,9.87,0.0,0.99,10.86,False
PED-00838,CLI-10072,CH-FISICO,LOJA-02,cancelled,2024-06-14T17:16:27,31681.16,0.0,2685.22,34366.38,SKU-2113,3,68.31,0.0,7.59,75.9,False
PED-00839,CLI-10072,CH-APP,LOJA-02,delivered,2024-06-27T08:39:58,26.1,0.0,2.3,28.4,SKU-2095,1,26.1,0.0,2.3,28.4,False
PED-00839,CLI-10072,CH-APP,LOJA-02,delivered,2024-06-27T08:39:58,665.12,0.0,71.5,736.62,SKU-2078,2,319.51,0.0,34.6,354.11,False
PED-00839,CLI-10072,CH-APP,LOJA-02,delivered,2024-06-27T08:39:58,780.65,0.0,78.88,859.53,SKU-2054,3,38.51,0.0,2.46,40.97,False
PED-00839,CLI-10072,CH-APP,LOJA-02,delivered,2024-06-27T08:39:58,1183.53,0.0,103.44,1286.97,SKU-2100,2,201.44,0.0,12.28,213.72,False
PED-00840,CLI-10072,CH-APP,LOJA-02,delivered,2024-07-06T21:52:41,4996.62,0.0,593.88,5590.5,SKU-2098,3,1665.54,0.0,197.96,1863.5,False
PED-00840,CLI-10072,CH-APP,LOJA-02,delivered,2024-07-06T21:52:41,5050.98,0.0,597.18,5648.16,SKU-2145,3,18.12,0.0,1.1,19.22,False
PED-00841,CLI-10072,CH-APP,LOJA-02,delivered,2024-07-26T20:45:51,1511.88,0.0,140.4,1652.28,SKU-2062,3,503.96,0.0,46.8,550.76,False
PED-00841,CLI-10072,CH-APP,LOJA-02,delivered,2024-07-26T20:45:51,2065.77,0.0,169.47,2235.24,SKU-2033,3,184.63,0.0,9.69,194.32,False
PED-00841,CLI-10072,CH-APP,LOJA-02,delivered,2024-07-26T20:45:51,2081.78,0.0,170.37,2252.15,SKU-2124,1,16.01,0.0,0.9,16.91,False
PED-00841,CLI-10072,CH-APP,LOJA-02,delivered,2024-07-26T20:45:51,2153.74,0.0,178.35,2332.09,SKU-2080,1,71.96,0.0,7.98,79.94,False
PED-00842,CLI-10072,CH-APP,LOJA-02,delivered,2024-07-28T02:24:29,38.51,0.0,4.38,42.89,SKU-2054,1,38.51,0.0,4.38,42.89,False
PED-00842,CLI-10072,CH-APP,LOJA-02,delivered,2024-07-28T02:24:29,997.04,0.0,82.26,1079.3,SKU-2078,3,319.51,0.0,25.96,345.47,False
PED-00843,CLI-10072,CH-APP,LOJA-02,confirmed,2024-07-30T14:59:43,438.86,101.84,26.52,363.54,SKU-2038,2,219.43,50.92,13.26,181.77,True
PED-00843,CLI-10072,CH-APP,LOJA-02,confirmed,2024-07-30T14:59:43,1523.36,101.84,116.4,1537.92,SKU-2041,3,361.5,0.0,29.96,391.46,False
PED-00844,CLI-10072,CH-APP,LOJA-02,returned,2024-08-14T23:18:52,68.31,0.0,5.24,73.55,SKU-2113,1,68.31,0.0,5.24,73.55,False
PED-00844,CLI-10072,CH-APP,LOJA-02,returned,2024-08-14T23:18:52,155.73,0.0,14.3,170.03,SKU-2024,2,43.71,0.0,4.53,48.24,False
PED-00845,CLI-10072,CH-APP,LOJA-02,delivered,2024-10-11T16:28:43,17.04,0.0,1.52,18.56,SKU-2114,2,8.52,0.0,0.76,9.28,False
PED-00845,CLI-10072,CH-APP,LOJA-02,delivered,2024-10-11T16:28:43,38.7,0.0,3.94,42.64,SKU-2005,2,10.83,0.0,1.21,12.04,False
PED-00846,CLI-10072,CH-APP,LOJA-02,delivered,2024-10-13T14:04:15,2659.44,0.0,265.41,2924.85,SKU-2028,3,886.48,0.0,88.47,974.95,False
PED-00846,CLI-10072,CH-APP,LOJA-02,delivered,2024-10-13T14:04:15,2886.65,0.0,292.41,3179.06,SKU-2050,1,227.21,0.0,27.0,254.21,False
PED-00847,CLI-10072,CH-APP,LOJA-02,returned,2024-10-26T07:56:12,35.82,0.0,4.06,39.88,SKU-2064,2,17.91,0.0,2.03,19.94,False
PED-00847,CLI-10072,CH-APP,LOJA-02,returned,2024-10-26T07:56:12,77.74,0.0,8.81,86.55,SKU-2049,1,41.92,0.0,4.75,46.67,False
PED-00847,CLI-10072,CH-APP,LOJA-02,returned,2024-10-26T07:56:12,149.54,0.0,15.92,165.46,SKU-2131,1,71.8,0.0,7.11,78.91,False
PED-00848,CLI-10072,CH-APP,LOJA-02,delivered,2025-01-07T04:52:02,428.37,0.0,49.2,477.57,SKU-2020,1,428.37,0.0,49.2,477.57,False
PED-00848,CLI-10072,CH-APP,LOJA-02,delivered,2025-01-07T04:52:02,455.0,0.0,50.57,505.57,SKU-2085,1,26.63,0.0,1.37,28.0,False
PED-00848,CLI-10072,CH-APP,LOJA-02,delivered,2025-01-07T04:52:02,1397.16,0.0,128.69,1525.85,SKU-2141,2,471.08,0.0,39.06,510.14,False
PED-00848,CLI-10072,CH-APP,LOJA-02,delivered,2025-01-07T04:52:02,3890.3,459.68,329.55,3760.17,SKU-2008,2,1246.57,229.84,100.43,1117.16,True
PED-00849,CLI-10072,CH-APP,LOJA-02,confirmed,2025-01-28T12:02:53,3950.67,0.0,275.43,4226.1,SKU-2087,3,1316.89,0.0,91.81,1408.7,False
PED-00849,CLI-10072,CH-APP,LOJA-02,confirmed,2025-01-28T12:02:53,4135.3,0.0,296.54,4431.84,SKU-2033,1,184.63,0.0,21.11,205.74,False
PED-00849,CLI-10072,CH-APP,LOJA-02,confirmed,2025-01-28T12:02:53,5954.9,0.0,503.85,6458.75,SKU-2088,1,1819.6,0.0,207.31,2026.91,False
PED-00849,CLI-10072,CH-APP,LOJA-02,confirmed,2025-01-28T12:02:53,30317.75,0.0,1761.24,32078.99,SKU-2066,3,8120.95,0.0,419.13,8540.08,False
PED-00850,CLI-10072,CH-APP,LOJA-02,delivered,2025-02-16T07:36:53,269.25,0.0,28.14,297.39,SKU-2039,3,89.75,0.0,9.38,99.13,False
PED-00851,CLI-10072,CH-FISICO,LOJA-05,delivered,2025-02-16T10:39:47,27.42,0.0,3.12,30.54,SKU-2084,3,9.14,0.0,1.04,10.18,False
PED-00851,CLI-10072,CH-FISICO,LOJA-05,delivered,2025-02-16T10:39:47,1084.48,0.0,109.12,1193.6,SKU-2027,1,1057.06,0.0,106.0,1163.06,False
PED-00851,CLI-10072,CH-FISICO,LOJA-05,delivered,2025-02-16T10:39:47,1587.06,104.7,135.51,1617.87,SKU-2031,1,502.58,104.7,26.39,424.27,True
PED-00851,CLI-10072,CH-FISICO,LOJA-05,delivered,2025-02-16T10:39:47,1608.14,104.7,137.13,1640.57,SKU-2014,1,21.08,0.0,1.62,22.7,False
PED-00852,CLI-10072,CH-APP,LOJA-02,delivered,2025-02-19T05:57:52,7732.82,0.0,390.06,8122.88,SKU-2047,2,3866.41,0.0,195.03,4061.44,False
PED-00852,CLI-10072,CH-APP,LOJA-02,delivered,2025-02-19T05:57:52,8198.75,0.0,421.94,8620.69,SKU-2120,1,465.93,0.0,31.88,497.81,False
PED-00852,CLI-10072,CH-APP,LOJA-02,delivered,2025-02-19T05:57:52,8678.72,0.0,452.3,9131.02,SKU-2073,3,159.99,0.0,10.12,170.11,False
PED-00852,CLI-10072,CH-APP,LOJA-02,delivered,2025-02-19T05:57:52,8705.85,0.0,453.8,9159.65,SKU-2015,1,27.13,0.0,1.5,28.63,False
PED-00853,CLI-10072,CH-APP,LOJA-02,delivered,2025-02-24T07:54:44,26.48,0.0,2.85,29.33,SKU-2105,1,26.48,0.0,2.85,29.33,False
PED-00853,CLI-10072,CH-APP,LOJA-02,delivered,2025-02-24T07:54:44,630.41,0.0,33.33,663.74,SKU-2129,3,201.31,0.0,10.16,211.47,False
PED-00853,CLI-10072,CH-APP,LOJA-02,delivered,2025-02-24T07:54:44,1110.38,0.0,82.68,1193.06,SKU-2073,3,159.99,0.0,16.45,176.44,False
PED-00854,CLI-10072,CH-APP,LOJA-02,delivered,2025-02-25T04:18:20,856.74,0.0,97.8,954.54,SKU-2020,2,428.37,0.0,48.9,477.27,False
PED-00854,CLI-10072,CH-APP,LOJA-02,delivered,2025-02-25T04:18:20,873.78,0.0,99.38,973.16,SKU-2114,2,8.52,0.0,0.79,9.31,False
PED-00854,CLI-10072,CH-APP,LOJA-02,delivered,2025-02-25T04:18:20,918.97,0.0,103.94,1022.91,SKU-2003,1,45.19,0.0,4.56,49.75,False
PED-00854,CLI-10072,CH-APP,LOJA-02,delivered,2025-02-25T04:18:20,1618.09,0.0,175.22,1793.31,SKU-2022,2,349.56,0.0,35.64,385.2,False
PED-00855,CLI-10072,CH-APP,LOJA-02,delivered,2025-03-06T06:07:11,1925.49,0.0,151.5,2076.99,SKU-2058,1,1925.49,0.0,151.5,2076.99,False
PED-00855,CLI-10072,CH-APP,LOJA-02,delivered,2025-03-06T06:07:11,2138.85,0.0,174.06,2312.91,SKU-2043,2,106.68,0.0,11.28,117.96,False
PED-00856,CLI-10072,CH-APP,LOJA-02,delivered,2025-03-13T00:29:11,9105.08,0.0,1011.9,10116.98,SKU-2036,2,4552.54,0.0,505.95,5058.49,False
PED-00856,CLI-10072,CH-APP,LOJA-02,delivered,2025-03-13T00:29:11,12436.16,0.0,1381.38,13817.54,SKU-2098,2,1665.54,0.0,184.74,1850.28,False
PED-00857,CLI-10072,CH-APP,LOJA-02,confirmed,2025-03-18T23:40:10,219.43,28.14,11.57,202.86,SKU-2038,1,219.43,28.14,11.57,202.86,True
PED-00857,CLI-10072,CH-APP,LOJA-02,confirmed,2025-03-18T23:40:10,7952.25,28.14,667.41,8591.52,SKU-2047,2,3866.41,0.0,327.92,4194.33,False
PED-00858,CLI-10072,CH-APP,LOJA-02,delivered,2025-04-11T04:34:06,32.02,0.0,3.5,35.52,SKU-2124,2,16.01,0.0,1.75,17.76,False
PED-00858,CLI-10072,CH-APP,LOJA-02,delivered,2025-04-11T04:34:06,11759.94,0.0,638.96,12398.9,SKU-2127,2,5863.96,0.0,317.73,6181.69,False
PED-00859,CLI-10072,CH-APP,LOJA-02,delivered,2025-04-12T02:20:54,9105.08,0.0,720.62,9825.7,SKU-2036,2,4552.54,0.0,360.31,4912.85,False
PED-00859,CLI-10072,CH-APP,LOJA-02,delivered,2025-04-12T02:20:54,9563.64,0.0,763.82,10327.46,SKU-2060,1,458.56,0.0,43.2,501.76,False
PED-00859,CLI-10072,CH-APP,LOJA-02,delivered,2025-04-12T02:20:54,9725.18,0.0,779.64,10504.82,SKU-2132,2,80.77,0.0,7.91,88.68,False
PED-00860,CLI-10072,CH-FISICO,LOJA-03,delivered,2025-04-13T19:12:54,27.02,3.76,1.84,25.1,SKU-2094,2,13.51,1.88,0.92,12.55,True
PED-00860,CLI-10072,CH-FISICO,LOJA-03,delivered,2025-04-13T19:12:54,45.59,3.76,3.66,45.49,SKU-2144,1,18.57,0.0,1.82,20.39,False
PED-00861,CLI-10072,CH-APP,LOJA-02,cancelled,2025-05-14T07:33:08,1203.5,0.0,136.16,1339.66,SKU-2071,2,601.75,0.0,68.08,669.83,False
PED-00861,CLI-10072,CH-APP,LOJA-02,cancelled,2025-05-14T07:33:08,1910.42,0.0,199.82,2110.24,SKU-2142,2,353.46,0.0,31.83,385.29,False
PED-00861,CLI-10072,CH-APP,LOJA-02,cancelled,2025-05-14T07:33:08,3227.31,0.0,321.84,3549.15,SKU-2087,1,1316.89,0.0,122.02,1438.91,False
PED-00861,CLI-10072,CH-APP,LOJA-02,cancelled,2025-05-14T07:33:08,7376.73,0.0,665.76,8042.49,SKU-2147,1,4149.42,0.0,343.92,4493.34,False
PED-00862,CLI-10073,CH-FISICO,LOJA-01,confirmed,2024-05-16T06:56:38,2739.56,0.0,189.95,2929.51,SKU-2017,1,2739.56,0.0,189.95,2929.51,False
PED-00862,CLI-10073,CH-FISICO,LOJA-01,confirmed,2024-05-16T06:56:38,2749.43,0.0,190.98,2940.41,SKU-2115,1,9.87,0.0,1.03,10.9,False
PED-00862,CLI-10073,CH-FISICO,LOJA-01,confirmed,2024-05-16T06:56:38,3044.53,0.0,218.82,3263.35,SKU-2099,2,147.55,0.0,13.92,161.47,False
PED-00863,CLI-10073,CH-FISICO,LOJA-01,delivered,2024-09-07T13:24:43,318.24,0.0,20.37,338.61,SKU-2081,3,106.08,0.0,6.79,112.87,False
PED-00863,CLI-10073,CH-FISICO,LOJA-01,delivered,2024-09-07T13:24:43,366.27,0.0,25.89,392.16,SKU-2124,3,16.01,0.0,1.84,17.85,False
PED-00863,CLI-10073,CH-FISICO,LOJA-01,delivered,2024-09-07T13:24:43,582.15,42.45,43.5,583.2,SKU-2080,3,71.96,14.15,5.87,63.68,True
PED-00864,CLI-10073,CH-FISICO,LOJA-01,confirmed,2024-12-21T18:05:34,194.99,0.0,10.14,205.13,SKU-2002,1,194.99,0.0,10.14,205.13,False
PED-00864,CLI-10073,CH-FISICO,LOJA-01,confirmed,2024-12-21T18:05:34,22780.61,0.0,1263.87,24044.48,SKU-2076,3,7528.54,0.0,417.91,7946.45,False
PED-00864,CLI-10073,CH-FISICO,LOJA-01,confirmed,2024-12-21T18:05:34,39022.51,0.0,3204.91,42227.42,SKU-2066,2,8120.95,0.0,970.52,9091.47,False
PED-00864,CLI-10073,CH-FISICO,LOJA-01,confirmed,2024-12-21T18:05:34,39872.07,0.0,3280.41,43152.48,SKU-2052,2,424.78,0.0,37.75,462.53,False
PED-00865,CLI-10073,CH-FISICO,LOJA-04,delivered,2025-03-24T22:43:33,300.67,67.21,20.7,254.16,SKU-2072,1,300.67,67.21,20.7,254.16,True
PED-00865,CLI-10073,CH-FISICO,LOJA-04,delivered,2025-03-24T22:43:33,1023.67,223.63,63.9,863.94,SKU-2041,2,361.5,78.21,21.6,304.89,True
PED-00865,CLI-10073,CH-FISICO,LOJA-04,delivered,2025-03-24T22:43:33,1577.95,223.63,116.69,1471.01,SKU-2032,1,554.28,0.0,52.79,607.07,False
PED-00865,CLI-10073,CH-FISICO,LOJA-04,delivered,2025-03-24T22:43:33,2446.59,223.63,197.41,2420.37,SKU-2082,2,434.32,0.0,40.36,474.68,False
PED-00866,CLI-10073,CH-FISICO,LOJA-01,confirmed,2025-05-31T15:00:51,203.03,0.0,20.29,223.32,SKU-2130,1,203.03,0.0,20.29,223.32,False
PED-00867,CLI-10073,CH-WEB,LOJA-WEB,cancelled,2025-11-19T06:17:11,328.58,0.0,25.92,354.5,SKU-2023,2,164.29,0.0,12.96,177.25,False
PED-00867,CLI-10073,CH-WEB,LOJA-WEB,cancelled,2025-11-19T06:17:11,816.73,0.0,68.95,885.68,SKU-2092,1,488.15,0.0,43.03,531.18,False
PED-00868,CLI-10073,CH-FISICO,LOJA-01,delivered,2026-01-25T14:37:59,94.58,0.0,9.78,104.36,SKU-2053,2,47.29,0.0,4.89,52.18,False
PED-00869,CLI-10073,CH-WEB,LOJA-WEB,delivered,2026-02-11T12:46:55,301.27,0.0,19.97,321.24,SKU-2122,1,301.27,0.0,19.97,321.24,False
PED-00869,CLI-10073,CH-WEB,LOJA-WEB,delivered,2026-02-11T12:46:55,625.12,0.0,39.28,664.4,SKU-2010,1,323.85,0.0,19.31,343.16,False
PED-00870,CLI-10073,CH-FISICO,LOJA-01,delivered,2026-03-15T16:34:22,10952.61,986.01,523.44,10490.04,SKU-2126,3,3650.87,328.67,174.48,3496.68,True
PED-00870,CLI-10073,CH-FISICO,LOJA-01,delivered,2026-03-15T16:34:22,20065.4,986.01,983.64,20063.03,SKU-2006,1,9112.79,0.0,460.2,9572.99,False
PED-00870,CLI-10073,CH-FISICO,LOJA-01,delivered,2026-03-15T16:34:22,48139.22,7339.95,2843.73,43643.0,SKU-2106,3,9357.94,2117.98,620.03,7859.99,True
PED-00871,CLI-10074,CH-FISICO,LOJA-03,confirmed,2024-04-16T21:54:57,53.26,0.0,5.08,58.34,SKU-2085,2,26.63,0.0,2.54,29.17,False
PED-00871,CLI-10074,CH-FISICO,LOJA-03,confirmed,2024-04-16T21:54:57,507.68,77.56,41.1,471.22,SKU-2050,2,227.21,38.78,18.01,206.44,True
PED-00871,CLI-10074,CH-FISICO,LOJA-03,confirmed,2024-04-16T21:54:57,951.08,77.56,69.63,943.15,SKU-2083,3,147.8,0.0,9.51,157.31,False
PED-00872,CLI-10074,CH-APP,LOJA-01,confirmed,2024-05-01T10:57:35,77.02,13.5,5.7,69.22,SKU-2054,2,38.51,6.75,2.85,34.61,True
PED-00872,CLI-10074,CH-APP,LOJA-01,confirmed,2024-05-01T10:57:35,15636.8,13.5,809.62,16432.92,SKU-2077,2,7779.89,0.0,401.96,8181.85,False
PED-00872,CLI-10074,CH-APP,LOJA-01,confirmed,2024-05-01T10:57:35,16124.95,13.5,840.21,16951.66,SKU-2092,1,488.15,0.0,30.59,518.74,False
PED-00873,CLI-10074,CH-FISICO,LOJA-03,delivered,2024-05-22T00:00:14,604.32,0.0,63.84,668.16,SKU-2100,3,201.44,0.0,21.28,222.72,False
PED-00873,CLI-10074,CH-FISICO,LOJA-03,delivered,2024-05-22T00:00:14,1852.44,0.0,147.96,2000.4,SKU-2042,3,416.04,0.0,28.04,444.08,False
PED-00873,CLI-10074,CH-FISICO,LOJA-03,delivered,2024-05-22T00:00:14,1907.7,2.76,150.69,2055.63,SKU-2125,3,18.42,0.92,0.91,18.41,True
PED-00873,CLI-10074,CH-FISICO,LOJA-03,delivered,2024-05-22T00:00:14,2208.97,2.76,185.72,2391.93,SKU-2122,1,301.27,0.0,35.03,336.3,False
PED-00874,CLI-10074,CH-FISICO,LOJA-03,delivered,2024-06-01T17:31:28,87.42,0.0,5.54,92.96,SKU-2024,2,43.71,0.0,2.77,46.48,False
PED-00874,CLI-10074,CH-FISICO,LOJA-03,delivered,2024-06-01T17:31:28,234.2,0.0,16.7,250.9,SKU-2013,2,73.39,0.0,5.58,78.97,False
PED-00875,CLI-10074,CH-FISICO,LOJA-03,delivered,2024-07-03T04:34:12,7779.89,0.0,895.53,8675.42,SKU-2077,1,7779.89,0.0,895.53,8675.42,False
PED-00876,CLI-10074,CH-FISICO,LOJA-03,cancelled,2024-08-20T00:42:51,598.97,40.26,37.12,595.83,SKU-2121,1,598.97,40.26,37.12,595.83,True
PED-00877,CLI-10074,CH-FISICO,LOJA-03,delivered,2024-09-14T18:07:32,22320.15,0.0,1174.08,23494.23,SKU-2016,3,7440.05,0.0,391.36,7831.41,False
PED-00877,CLI-10074,CH-FISICO,LOJA-03,delivered,2024-09-14T18:07:32,22499.65,0.0,1188.24,23687.89,SKU-2039,2,89.75,0.0,7.08,96.83,False
PED-00877,CLI-10074,CH-FISICO,LOJA-03,delivered,2024-09-14T18:07:32,22513.2,0.0,1188.96,23702.16,SKU-2055,1,13.55,0.0,0.72,14.27,False
PED-00877,CLI-10074,CH-FISICO,LOJA-03,delivered,2024-09-14T18:07:32,22894.67,0.0,1231.44,24126.11,SKU-2101,1,381.47,0.0,42.48,423.95,False
PED-00878,CLI-10074,CH-FISICO,LOJA-03,delivered,2024-10-22T09:48:00,1120.96,0.0,59.51,1180.47,SKU-2048,1,1120.96,0.0,59.51,1180.47,False
PED-00878,CLI-10074,CH-FISICO,LOJA-03,delivered,2024-10-22T09:48:00,2496.64,0.0,170.21,2666.85,SKU-2060,3,458.56,0.0,36.9,495.46,False
PED-00878,CLI-10074,CH-FISICO,LOJA-03,delivered,2024-10-22T09:48:00,2522.2,0.0,171.89,2694.09,SKU-2114,3,8.52,0.0,0.56,9.08,False
PED-00879,CLI-10074,CH-FISICO,LOJA-03,delivered,2024-10-23T20:18:12,1397.79,0.0,140.94,1538.73,SKU-2120,3,465.93,0.0,46.98,512.91,False
PED-00879,CLI-10074,CH-FISICO,LOJA-03,delivered,2024-10-23T20:18:12,1903.77,0.0,192.27,2096.04,SKU-2139,3,168.66,0.0,17.11,185.77,False
PED-00879,CLI-10074,CH-FISICO,LOJA-03,delivered,2024-10-23T20:18:12,2626.77,0.0,257.79,2884.56,SKU-2041,2,361.5,0.0,32.76,394.26,False
PED-00879,CLI-10074,CH-FISICO,LOJA-03,delivered,2024-10-23T20:18:12,2678.97,0.0,261.67,2940.64,SKU-2095,2,26.1,0.0,1.94,28.04,False
PED-00880,CLI-10074,CH-FISICO,LOJA-03,delivered,2024-12-12T19:00:54,488.15,0.0,36.66,524.81,SKU-2092,1,488.15,0.0,36.66,524.81,False
PED-00880,CLI-10074,CH-FISICO,LOJA-03,delivered,2024-12-12T19:00:54,1886.67,0.0,159.38,2046.05,SKU-2110,2,699.26,0.0,61.36,760.62,False
PED-00880,CLI-10074,CH-FISICO,LOJA-03,delivered,2024-12-12T19:00:54,2935.35,0.0,214.94,3150.29,SKU-2022,3,349.56,0.0,18.52,368.08,False
PED-00880,CLI-10074,CH-FISICO,LOJA-03,delivered,2024-12-12T19:00:54,2989.08,0.0,221.33,3210.41,SKU-2064,3,17.91,0.0,2.13,20.04,False
PED-00881,CLI-10074,CH-FISICO,LOJA-03,delivered,2024-12-25T04:42:22,424.78,0.0,47.43,472.21,SKU-2052,1,424.78,0.0,47.43,472.21,False
PED-00881,CLI-10074,CH-FISICO,LOJA-03,delivered,2024-12-25T04:42:22,1569.19,0.0,146.28,1715.47,SKU-2101,3,381.47,0.0,32.95,414.42,False
PED-00882,CLI-10074,CH-FISICO,LOJA-03,cancelled,2025-01-02T22:04:19,26.63,0.0,2.89,29.52,SKU-2085,1,26.63,0.0,2.89,29.52,False
PED-00882,CLI-10074,CH-FISICO,LOJA-03,cancelled,2025-01-02T22:04:19,63.47,0.0,5.75,69.22,SKU-2125,2,18.42,0.0,1.43,19.85,False
PED-00883,CLI-10074,CH-FISICO,LOJA-03,delivered,2025-01-17T17:21:37,5563.68,0.0,338.82,5902.5,SKU-2057,3,1854.56,0.0,112.94,1967.5,False
PED-00884,CLI-10074,CH-FISICO,LOJA-03,confirmed,2025-02-28T06:07:32,3650.87,0.0,360.14,4011.01,SKU-2126,1,3650.87,0.0,360.14,4011.01,False
PED-00885,CLI-10074,CH-FISICO,LOJA-03,delivered,2025-04-11T02:05:29,1120.96,122.36,64.41,1063.01,SKU-2048,1,1120.96,122.36,64.41,1063.01,True
PED-00886,CLI-10074,CH-TELEVENDAS,LOJA-TELEVENDAS,delivered,2025-05-14T22:36:37,229.68,0.0,14.84,244.52,SKU-2103,2,114.84,0.0,7.42,122.26,False
PED-00886,CLI-10074,CH-TELEVENDAS,LOJA-TELEVENDAS,delivered,2025-05-14T22:36:37,619.66,0.0,59.44,679.1,SKU-2002,2,194.99,0.0,22.3,217.29,False
PED-00886,CLI-10074,CH-TELEVENDAS,LOJA-TELEVENDAS,delivered,2025-05-14T22:36:37,23205.28,0.0,1254.91,24460.19,SKU-2076,3,7528.54,0.0,398.49,7927.03,False
PED-00887,CLI-10074,CH-FISICO,LOJA-03,delivered,2025-05-15T21:25:02,4996.62,0.0,557.85,5554.47,SKU-2098,3,1665.54,0.0,185.95,1851.49,False
PED-00887,CLI-10074,CH-FISICO,LOJA-03,delivered,2025-05-15T21:25:02,8886.96,0.0,759.81,9646.77,SKU-2137,3,1296.78,0.0,67.32,1364.1,False
PED-00887,CLI-10074,CH-FISICO,LOJA-03,delivered,2025-05-15T21:25:02,8923.37,0.0,763.57,9686.94,SKU-2025,1,36.41,0.0,3.76,40.17,False
PED-00887,CLI-10074,CH-FISICO,LOJA-03,delivered,2025-05-15T21:25:02,9816.75,0.0,842.24,10658.99,SKU-2108,1,893.38,0.0,78.67,972.05,False
PED-00888,CLI-10074,CH-FISICO,LOJA-03,cancelled,2025-06-23T02:55:27,5147.8,0.0,456.53,5604.33,SKU-2097,1,5147.8,0.0,456.53,5604.33,False
PED-00888,CLI-10074,CH-FISICO,LOJA-03,cancelled,2025-06-23T02:55:27,23540.8,0.0,1655.0,25195.8,SKU-2086,3,6131.0,0.0,399.49,6530.49,False
PED-00888,CLI-10074,CH-FISICO,LOJA-03,cancelled,2025-06-23T02:55:27,23907.74,68.54,1682.32,25521.52,SKU-2061,2,183.47,34.27,13.66,162.86,True
PED-00888,CLI-10074,CH-FISICO,LOJA-03,cancelled,2025-06-23T02:55:27,25305.53,68.54,1843.75,27080.74,SKU-2120,3,465.93,0.0,53.81,519.74,False
PED-00889,CLI-10074,CH-FISICO,LOJA-03,delivered,2025-07-13T19:30:22,1296.78,0.0,109.42,1406.2,SKU-2137,1,1296.78,0.0,109.42,1406.2,False
PED-00889,CLI-10074,CH-FISICO,LOJA-03,delivered,2025-07-13T19:30:22,2089.5,0.0,158.08,2247.58,SKU-2012,2,396.36,0.0,24.33,420.69,False
PED-00889,CLI-10074,CH-FISICO,LOJA-03,delivered,2025-07-13T19:30:22,2125.32,0.0,160.94,2286.26,SKU-2064,2,17.91,0.0,1.43,19.34,False
PED-00889,CLI-10074,CH-FISICO,LOJA-03,delivered,2025-07-13T19:30:22,2966.79,0.0,252.35,3219.14,SKU-2149,3,280.49,0.0,30.47,310.96,False
PED-00890,CLI-10074,CH-APP,LOJA-02,delivered,2025-08-02T13:48:24,5563.68,0.0,470.31,6033.99,SKU-2057,3,1854.56,0.0,156.77,2011.33,False
PED-00890,CLI-10074,CH-APP,LOJA-02,delivered,2025-08-02T13:48:24,9514.35,0.0,861.63,10375.98,SKU-2087,3,1316.89,0.0,130.44,1447.33,False
PED-00891,CLI-10074,CH-WEB,LOJA-WEB,delivered,2025-08-05T18:03:25,10.83,0.0,0.57,11.4,SKU-2005,1,10.83,0.0,0.57,11.4,False
PED-00891,CLI-10074,CH-WEB,LOJA-WEB,delivered,2025-08-05T18:03:25,33.25,0.0,2.35,35.6,SKU-2134,2,11.21,0.0,0.89,12.1,False
PED-00891,CLI-10074,CH-WEB,LOJA-WEB,delivered,2025-08-05T18:03:25,46.76,3.05,3.36,47.07,SKU-2094,1,13.51,3.05,1.01,11.47,True
PED-00891,CLI-10074,CH-WEB,LOJA-WEB,delivered,2025-08-05T18:03:25,384.08,3.05,41.94,422.97,SKU-2139,2,168.66,0.0,19.29,187.95,False
PED-00892,CLI-10074,CH-APP,LOJA-01,delivered,2025-10-06T13:58:17,17.04,0.0,1.42,18.46,SKU-2114,2,8.52,0.0,0.71,9.23,False
PED-00892,CLI-10074,CH-APP,LOJA-01,delivered,2025-10-06T13:58:17,523.02,0.0,41.35,564.37,SKU-2139,3,168.66,0.0,13.31,181.97,False
PED-00893,CLI-10074,CH-APP,LOJA-03,delivered,2025-10-14T10:11:03,26.1,0.0,1.33,27.43,SKU-2095,1,26.1,0.0,1.33,27.43,False
PED-00894,CLI-10074,CH-FISICO,LOJA-03,delivered,2025-10-23T14:18:16,212.16,0.0,13.4,225.56,SKU-2081,2,106.08,0.0,6.7,112.78,False
PED-00894,CLI-10074,CH-FISICO,LOJA-03,delivered,2025-10-23T14:18:16,1220.08,0.0,78.9,1298.98,SKU-2062,2,503.96,0.0,32.75,536.71,False
PED-00895,CLI-10074,CH-FISICO,LOJA-03,confirmed,2025-11-16T11:46:34,13674.66,0.0,1171.8,14846.46,SKU-2037,3,4558.22,0.0,390.6,4948.82,False
PED-00896,CLI-10074,CH-FISICO,LOJA-03,returned,2025-11-18T13:55:22,181.56,0.0,11.94,193.5,SKU-2063,3,60.52,0.0,3.98,64.5,False
PED-00896,CLI-10074,CH-FISICO,LOJA-03,returned,2025-11-18T13:55:22,234.52,0.0,17.38,251.9,SKU-2105,2,26.48,0.0,2.72,29.2,False
PED-00897,CLI-10075,CH-FISICO,LOJA-04,delivered,2024-04-17T13:45:16,602.54,0.0,61.98,664.52,SKU-2122,2,301.27,0.0,30.99,332.26,False
PED-00897,CLI-10075,CH-FISICO,LOJA-04,delivered,2024-04-17T13:45:16,805.57,0.0,79.54,885.11,SKU-2130,1,203.03,0.0,17.56,220.59,False
PED-00898,CLI-10075,CH-FISICO,LOJA-04,delivered,2024-04-19T01:02:30,13674.66,1442.37,852.09,13084.38,SKU-2037,3,4558.22,480.79,284.03,4361.46,True
PED-00899,CLI-10075,CH-FISICO,LOJA-04,confirmed,2024-07-09T10:09:34,639.02,0.0,70.92,709.94,SKU-2078,2,319.51,0.0,35.46,354.97,False
PED-00899,CLI-10075,CH-FISICO,LOJA-04,confirmed,2024-07-09T10:09:34,2036.81,0.0,195.63,2232.44,SKU-2120,3,465.93,0.0,41.57,507.5,False
PED-00899,CLI-10075,CH-FISICO,LOJA-04,confirmed,2024-07-09T10:09:34,2645.9,0.0,254.28,2900.18,SKU-2130,3,203.03,0.0,19.55,222.58,False
PED-00900,CLI-10075,CH-TELEVENDAS,LOJA-TELEVENDAS,delivered,2024-07-21T08:43:39,53.73,0.0,3.72,57.45,SKU-2064,3,17.91,0.0,1.24,19.15,False
PED-00901,CLI-10075,CH-FISICO,LOJA-04,cancelled,2024-08-03T22:37:06,37.14,0.0,2.36,39.5,SKU-2144,2,18.57,0.0,1.18,19.75,False
PED-00901,CLI-10075,CH-FISICO,LOJA-04,cancelled,2024-08-03T22:37:06,2279.06,0.0,179.04,2458.1,SKU-2048,2,1120.96,0.0,88.34,1209.3,False
PED-00902,CLI-10075,CH-FISICO,LOJA-04,confirmed,2024-08-14T07:59:49,55.2,0.0,5.52,60.72,SKU-2075,3,18.4,0.0,1.84,20.24,False
PED-00902,CLI-10075,CH-FISICO,LOJA-04,confirmed,2024-08-14T07:59:49,3418.08,0.0,361.53,3779.61,SKU-2048,3,1120.96,0.0,118.67,1239.63,False
PED-00903,CLI-10075,CH-FISICO,LOJA-04,confirmed,2024-08-17T22:08:05,424.78,0.0,45.31,470.09,SKU-2052,1,424.78,0.0,45.31,470.09,False
PED-00903,CLI-10075,CH-FISICO,LOJA-04,confirmed,2024-08-17T22:08:05,12686.78,0.0,1074.15,13760.93,SKU-2086,2,6131.0,0.0,514.42,6645.42,False
PED-00904,CLI-10075,CH-FISICO,LOJA-04,delivered,2024-09-02T17:56:34,17.91,0.0,1.91,19.82,SKU-2064,1,17.91,0.0,1.91,19.82,False
PED-00905,CLI-10075,CH-FISICO,LOJA-04,cancelled,2024-09-02T19:25:22,29890.05,0.0,1911.27,31801.32,SKU-2116,3,9963.35,0.0,637.09,10600.44,False
PED-00905,CLI-10075,CH-FISICO,LOJA-04,cancelled,2024-09-02T19:25:22,30544.93,0.0,1972.81,32517.74,SKU-2140,1,654.88,0.0,61.54,716.42,False
PED-00905,CLI-10075,CH-FISICO,LOJA-04,cancelled,2024-09-02T19:25:22,31105.91,0.0,2019.57,33125.48,SKU-2149,2,280.49,0.0,23.38,303.87,False
PED-00905,CLI-10075,CH-FISICO,LOJA-04,cancelled,2024-09-02T19:25:22,32217.31,0.0,2086.01,34303.32,SKU-2070,2,555.7,0.0,33.22,588.92,False
PED-00906,CLI-10075,CH-FISICO,LOJA-04,delivered,2024-09-29T17:06:36,601.75,0.0,41.39,643.14,SKU-2071,1,601.75,0.0,41.39,643.14,False
PED-00907,CLI-10075,CH-FISICO,LOJA-04,delivered,2024-11-17T17:09:41,194.99,0.0,18.27,213.26,SKU-2002,1,194.99,0.0,18.27,213.26,False
PED-00908,CLI-10075,CH-FISICO,LOJA-04,delivered,2024-11-28T07:14:19,471.08,78.59,40.57,433.06,SKU-2141,1,471.08,78.59,40.57,433.06,True
PED-00908,CLI-10075,CH-FISICO,LOJA-04,delivered,2024-11-28T07:14:19,559.97,78.59,50.15,531.53,SKU-2090,1,88.89,0.0,9.58,98.47,False
PED-00908,CLI-10075,CH-FISICO,LOJA-04,delivered,2024-11-28T07:14:19,1018.53,78.59,73.64,1013.58,SKU-2060,1,458.56,0.0,23.49,482.05,False
PED-00909,CLI-10075,CH-FISICO,LOJA-04,returned,2024-12-14T06:15:13,502.58,0.0,46.58,549.16,SKU-2031,1,502.58,0.0,46.58,549.16,False
PED-00909,CLI-10075,CH-FISICO,LOJA-04,returned,2024-12-14T06:15:13,546.29,0.0,49.62,595.91,SKU-2024,1,43.71,0.0,3.04,46.75,False
PED-00909,CLI-10075,CH-FISICO,LOJA-04,returned,2024-12-14T06:15:13,606.81,0.0,53.95,660.76,SKU-2063,1,60.52,0.0,4.33,64.85,False
PED-00909,CLI-10075,CH-FISICO,LOJA-04,returned,2024-12-14T06:15:13,739.89,0.0,68.53,808.42,SKU-2104,3,44.36,0.0,4.86,49.22,False
PED-00910,CLI-10075,CH-FISICO,LOJA-04,delivered,2024-12-19T05:44:45,68.31,0.0,4.71,73.02,SKU-2113,1,68.31,0.0,4.71,73.02,False
PED-00910,CLI-10075,CH-FISICO,LOJA-04,delivered,2024-12-19T05:44:45,726.6,0.0,74.01,800.61,SKU-2038,3,219.43,0.0,23.1,242.53,False
PED-00910,CLI-10075,CH-FISICO,LOJA-04,delivered,2024-12-19T05:44:45,5723.22,0.0,331.08,6054.3,SKU-2098,3,1665.54,0.0,85.69,1751.23,False
PED-00910,CLI-10075,CH-FISICO,LOJA-04,delivered,2024-12-19T05:44:45,21166.62,0.0,2009.4,23176.02,SKU-2097,3,5147.8,0.0,559.44,5707.24,False
PED-00911,CLI-10075,CH-FISICO,LOJA-04,delivered,2024-12-28T00:50:41,213.36,0.0,14.76,228.12,SKU-2043,2,106.68,0.0,7.38,114.06,False
PED-00911,CLI-10075,CH-FISICO,LOJA-04,delivered,2024-12-28T00:50:41,557.88,0.0,37.56,595.44,SKU-2103,3,114.84,0.0,7.6,122.44,False
PED-00911,CLI-10075,CH-FISICO,LOJA-04,delivered,2024-12-28T00:50:41,699.75,0.0,54.18,753.93,SKU-2053,3,47.29,0.0,5.54,52.83,False
PED-00911,CLI-10075,CH-FISICO,LOJA-04,delivered,2024-12-28T00:50:41,740.4,0.0,56.91,797.31,SKU-2055,3,13.55,0.0,0.91,14.46,False
PED-00912,CLI-10075,CH-FISICO,LOJA-04,delivered,2025-01-08T09:05:00,976.3,0.0,79.24,1055.54,SKU-2092,2,488.15,0.0,39.62,527.77,False
PED-00912,CLI-10075,CH-FISICO,LOJA-04,delivered,2025-01-08T09:05:00,11271.9,1039.7,690.12,10922.32,SKU-2097,2,5147.8,519.85,305.44,4933.39,True
PED-00912,CLI-10075,CH-FISICO,LOJA-04,delivered,2025-01-08T09:05:00,11293.56,1039.7,691.6,10945.46,SKU-2005,2,10.83,0.0,0.74,11.57,False
PED-00913,CLI-10075,CH-FISICO,LOJA-04,delivered,2025-01-13T00:57:24,689.36,65.98,62.02,685.4,SKU-2009,2,344.68,32.99,31.01,342.7,True
PED-00913,CLI-10075,CH-FISICO,LOJA-04,delivered,2025-01-13T00:57:24,5837.16,1039.24,285.38,5083.3,SKU-2097,1,5147.8,973.26,223.36,4397.9,True
PED-00914,CLI-10075,CH-FISICO,LOJA-04,delivered,2025-03-04T16:51:27,1203.5,0.0,65.8,1269.3,SKU-2071,2,601.75,0.0,32.9,634.65,False
PED-00914,CLI-10075,CH-FISICO,LOJA-04,delivered,2025-03-04T16:51:27,5069.91,0.0,414.1,5484.01,SKU-2047,1,3866.41,0.0,348.3,4214.71,False
PED-00914,CLI-10075,CH-FISICO,LOJA-04,delivered,2025-03-04T16:51:27,10846.38,0.0,924.49,11770.87,SKU-2058,3,1925.49,0.0,170.13,2095.62,False
PED-00914,CLI-10075,CH-FISICO,LOJA-04,delivered,2025-03-04T16:51:27,10935.1,0.0,930.39,11865.49,SKU-2104,2,44.36,0.0,2.95,47.31,False
PED-00915,CLI-10075,CH-FISICO,LOJA-04,delivered,2025-03-08T19:10:43,1641.35,0.0,171.58,1812.93,SKU-2068,1,1641.35,0.0,171.58,1812.93,False
PED-00916,CLI-10075,CH-FISICO,LOJA-04,delivered,2025-03-17T11:22:47,1007.92,0.0,104.46,1112.38,SKU-2062,2,503.96,0.0,52.23,556.19,False
PED-00916,CLI-10075,CH-FISICO,LOJA-04,delivered,2025-03-17T11:22:47,1592.89,0.0,154.23,1747.12,SKU-2002,3,194.99,0.0,16.59,211.58,False
PED-00917,CLI-10075,CH-FISICO,LOJA-04,delivered,2025-03-26T21:46:10,550.41,0.0,45.33,595.74,SKU-2061,3,183.47,0.0,15.11,198.58,False
PED-00917,CLI-10075,CH-FISICO,LOJA-04,delivered,2025-03-26T21:46:10,577.43,0.0,46.89,624.32,SKU-2094,2,13.51,0.0,0.78,14.29,False
PED-00918,CLI-10075,CH-FISICO,LOJA-04,delivered,2025-04-15T04:00:37,47.19,0.0,4.59,51.78,SKU-2034,3,15.73,0.0,1.53,17.26,False
PED-00918,CLI-10075,CH-FISICO,LOJA-04,delivered,2025-04-15T04:00:37,1339.05,0.0,134.85,1473.9,SKU-2000,2,645.93,0.0,65.13,711.06,False
PED-00918,CLI-10075,CH-FISICO,LOJA-04,delivered,2025-04-15T04:00:37,1819.02,0.0,180.6,1999.62,SKU-2073,3,159.99,0.0,15.25,175.24,False
PED-00918,CLI-10075,CH-FISICO,LOJA-04,delivered,2025-04-15T04:00:37,14569.5,0.0,1358.58,15928.08,SKU-2117,3,4250.16,0.0,392.66,4642.82,False
PED-00919,CLI-10075,CH-FISICO,LOJA-04,delivered,2025-05-11T05:48:48,416.04,0.0,38.27,454.31,SKU-2042,1,416.04,0.0,38.27,454.31,False
PED-00919,CLI-10075,CH-FISICO,LOJA-04,delivered,2025-05-11T05:48:48,2893.4,0.0,182.17,3075.57,SKU-2128,2,1238.68,0.0,71.95,1310.63,False
PED-00919,CLI-10075,CH-FISICO,LOJA-04,delivered,2025-05-11T05:48:48,14621.32,0.0,1014.45,15635.77,SKU-2127,2,5863.96,0.0,416.14,6280.1,False
PED-00919,CLI-10075,CH-FISICO,LOJA-04,delivered,2025-05-11T05:48:48,15175.6,0.0,1049.87,16225.47,SKU-2032,1,554.28,0.0,35.42,589.7,False
PED-00920,CLI-10076,CH-APP,LOJA-03,delivered,2024-04-24T18:32:26,771.28,0.0,77.06,848.34,SKU-2112,2,385.64,0.0,38.53,424.17,False
PED-00920,CLI-10076,CH-APP,LOJA-03,delivered,2024-04-24T18:32:26,807.1,0.0,80.02,887.12,SKU-2064,2,17.91,0.0,1.48,19.39,False
PED-00921,CLI-10076,CH-APP,LOJA-03,confirmed,2024-04-26T19:00:23,36.8,5.26,2.44,33.98,SKU-2075,2,18.4,2.63,1.22,16.99,True
PED-00922,CLI-10076,CH-APP,LOJA-03,delivered,2024-05-18T13:19:19,647.7,0.0,74.18,721.88,SKU-2010,2,323.85,0.0,37.09,360.94,False
PED-00922,CLI-10076,CH-APP,LOJA-03,delivered,2024-05-18T13:19:19,948.97,21.17,102.78,1030.58,SKU-2122,1,301.27,21.17,28.6,308.7,True
PED-00922,CLI-10076,CH-APP,LOJA-03,delivered,2024-05-18T13:19:19,9167.65,21.17,527.91,9674.39,SKU-2017,3,2739.56,0.0,141.71,2881.27,False
PED-00922,CLI-10076,CH-APP,LOJA-03,delivered,2024-05-18T13:19:19,9256.54,21.17,534.66,9770.03,SKU-2090,1,88.89,0.0,6.75,95.64,False
PED-00923,CLI-10076,CH-APP,LOJA-03,delivered,2024-06-03T03:06:20,902.01,0.0,100.89,1002.9,SKU-2072,3,300.67,0.0,33.63,334.3,False
PED-00923,CLI-10076,CH-APP,LOJA-03,delivered,2024-06-03T03:06:20,929.03,0.0,103.21,1032.24,SKU-2094,2,13.51,0.0,1.16,14.67,False
PED-00923,CLI-10076,CH-APP,LOJA-03,delivered,2024-06-03T03:06:20,1149.2,0.0,125.44,1274.64,SKU-2013,3,73.39,0.0,7.41,80.8,False
PED-00924,CLI-10076,CH-APP,LOJA-03,cancelled,2024-06-05T19:09:17,9.14,0.0,0.58,9.72,SKU-2084,1,9.14,0.0,0.58,9.72,False
PED-00924,CLI-10076,CH-APP,LOJA-03,cancelled,2024-06-05T19:09:17,1166.06,0.0,90.37,1256.43,SKU-2112,3,385.64,0.0,29.93,415.57,False
PED-00924,CLI-10076,CH-APP,LOJA-03,cancelled,2024-06-05T19:09:17,2807.41,86.04,182.61,2903.98,SKU-2068,1,1641.35,86.04,92.24,1647.55,True
PED-00924,CLI-10076,CH-APP,LOJA-03,cancelled,2024-06-05T19:09:17,11912.49,86.04,904.01,12730.46,SKU-2036,2,4552.54,0.0,360.7,4913.24,False
PED-00925,CLI-10076,CH-APP,LOJA-03,delivered,2024-06-12T02:21:59,645.93,0.0,44.3,690.23,SKU-2000,1,645.93,0.0,44.3,690.23,False
PED-00925,CLI-10076,CH-APP,LOJA-03,delivered,2024-06-12T02:21:59,15526.03,0.0,1016.52,16542.55,SKU-2016,2,7440.05,0.0,486.11,7926.16,False
PED-00926,CLI-10076,CH-APP,LOJA-03,delivered,2024-06-19T00:49:52,3950.67,0.0,443.43,4394.1,SKU-2087,3,1316.89,0.0,147.81,1464.7,False
PED-00926,CLI-10076,CH-APP,LOJA-03,delivered,2024-06-19T00:49:52,4028.97,0.0,450.99,4479.96,SKU-2095,3,26.1,0.0,2.52,28.62,False
PED-00926,CLI-10076,CH-APP,LOJA-03,delivered,2024-06-19T00:49:52,5426.76,0.0,587.61,6014.37,SKU-2120,3,465.93,0.0,45.54,511.47,False
PED-00926,CLI-10076,CH-APP,LOJA-03,delivered,2024-06-19T00:49:52,29789.61,0.0,2969.85,32759.46,SKU-2066,3,8120.95,0.0,794.08,8915.03,False
PED-00927,CLI-10076,CH-APP,LOJA-03,confirmed,2024-08-15T17:54:38,293.38,0.0,29.54,322.92,SKU-2123,2,146.69,0.0,14.77,161.46,False
PED-00927,CLI-10076,CH-APP,LOJA-03,confirmed,2024-08-15T17:54:38,1188.84,150.74,108.56,1146.66,SKU-2069,2,447.73,75.37,39.51,411.87,True
PED-00927,CLI-10076,CH-APP,LOJA-03,confirmed,2024-08-15T17:54:38,1207.12,152.2,109.66,1164.58,SKU-2084,2,9.14,0.73,0.55,8.96,True
PED-00927,CLI-10076,CH-APP,LOJA-03,confirmed,2024-08-15T17:54:38,1410.15,152.2,123.35,1381.3,SKU-2130,1,203.03,0.0,13.69,216.72,False
PED-00928,CLI-10076,CH-APP,LOJA-03,delivered,2024-11-23T12:31:46,286.0,23.6,21.96,284.36,SKU-2102,2,143.0,11.8,10.98,142.18,True
PED-00928,CLI-10076,CH-APP,LOJA-03,delivered,2024-11-23T12:31:46,3354.61,369.71,327.57,3312.47,SKU-2107,3,1022.87,115.37,101.87,1009.37,True
PED-00928,CLI-10076,CH-APP,LOJA-03,delivered,2024-11-23T12:31:46,3390.85,369.71,330.47,3351.61,SKU-2145,2,18.12,0.0,1.45,19.57,False
PED-00928,CLI-10076,CH-APP,LOJA-03,delivered,2024-11-23T12:31:46,3409.13,369.71,331.43,3370.85,SKU-2084,2,9.14,0.0,0.48,9.62,False
PED-00929,CLI-10076,CH-APP,LOJA-03,confirmed,2024-11-28T08:12:55,381.47,0.0,35.38,416.85,SKU-2101,1,381.47,0.0,35.38,416.85,False
PED-00929,CLI-10076,CH-APP,LOJA-03,confirmed,2024-11-28T08:12:55,419.98,0.0,38.92,458.9,SKU-2054,1,38.51,0.0,3.54,42.05,False
PED-00929,CLI-10076,CH-APP,LOJA-03,confirmed,2024-11-28T08:12:55,764.5,0.0,58.15,822.65,SKU-2103,3,114.84,0.0,6.41,121.25,False
PED-00929,CLI-10076,CH-APP,LOJA-03,confirmed,2024-11-28T08:12:55,1463.76,138.09,92.1,1417.77,SKU-2110,1,699.26,138.09,33.95,595.12,True
PED-00930,CLI-10076,CH-APP,LOJA-03,confirmed,2025-02-23T06:25:54,146.78,0.0,8.72,155.5,SKU-2013,2,73.39,0.0,4.36,77.75,False
PED-00930,CLI-10076,CH-APP,LOJA-03,confirmed,2025-02-23T06:25:54,1438.64,0.0,156.34,1594.98,SKU-2000,2,645.93,0.0,73.81,719.74,False
PED-00931,CLI-10076,CH-APP,LOJA-02,delivered,2025-04-06T06:52:48,280.49,0.0,26.09,306.58,SKU-2149,1,280.49,0.0,26.09,306.58,False
PED-00932,CLI-10076,CH-APP,LOJA-03,delivered,2025-04-14T11:11:02,1057.06,0.0,73.9,1130.96,SKU-2027,1,1057.06,0.0,73.9,1130.96,False
PED-00932,CLI-10076,CH-APP,LOJA-03,delivered,2025-04-14T11:11:02,2698.41,0.0,253.9,2952.31,SKU-2068,1,1641.35,0.0,180.0,1821.35,False
PED-00932,CLI-10076,CH-APP,LOJA-03,delivered,2025-04-14T11:11:02,2723.71,0.0,256.4,2980.11,SKU-2074,1,25.3,0.0,2.5,27.8,False
PED-00932,CLI-10076,CH-APP,LOJA-03,delivered,2025-04-14T11:11:02,2734.92,0.0,257.14,2992.06,SKU-2134,1,11.21,0.0,0.74,11.95,False
PED-00933,CLI-10076,CH-APP,LOJA-03,delivered,2025-05-03T14:47:48,19.74,0.0,2.12,21.86,SKU-2115,2,9.87,0.0,1.06,10.93,False
PED-00933,CLI-10076,CH-APP,LOJA-03,delivered,2025-05-03T14:47:48,232.76,0.0,16.28,249.04,SKU-2091,2,106.51,0.0,7.08,113.59,False
PED-00933,CLI-10076,CH-APP,LOJA-03,delivered,2025-05-03T14:47:48,638.82,0.0,42.56,681.38,SKU-2130,2,203.03,0.0,13.14,216.17,False
PED-00933,CLI-10076,CH-APP,LOJA-03,delivered,2025-05-03T14:47:48,1277.84,51.78,75.18,1301.24,SKU-2078,2,319.51,25.89,16.31,309.93,True
PED-00934,CLI-10076,CH-TELEVENDAS,LOJA-TELEVENDAS,delivered,2025-05-08T09:57:10,601.34,0.0,54.46,655.8,SKU-2072,2,300.67,0.0,27.23,327.9,False
PED-00935,CLI-10076,CH-FISICO,LOJA-02,confirmed,2025-05-30T07:26:31,42.59,0.0,3.16,45.75,SKU-2093,1,42.59,0.0,3.16,45.75,False
PED-00936,CLI-10077,CH-TELEVENDAS,LOJA-TELEVENDAS,confirmed,2025-01-30T20:20:27,47.19,0.0,2.97,50.16,SKU-2034,3,15.73,0.0,0.99,16.72,False
PED-00936,CLI-10077,CH-TELEVENDAS,LOJA-TELEVENDAS,confirmed,2025-01-30T20:20:27,194.99,0.0,14.66,209.65,SKU-2083,1,147.8,0.0,11.69,159.49,False
PED-00936,CLI-10077,CH-TELEVENDAS,LOJA-TELEVENDAS,confirmed,2025-01-30T20:20:27,1981.75,0.0,145.84,2127.59,SKU-2108,2,893.38,0.0,65.59,958.97,False
PED-00936,CLI-10077,CH-TELEVENDAS,LOJA-TELEVENDAS,confirmed,2025-01-30T20:20:27,2053.71,0.0,150.65,2204.36,SKU-2080,1,71.96,0.0,4.81,76.77,False
PED-00937,CLI-10077,CH-TELEVENDAS,LOJA-TELEVENDAS,delivered,2025-11-03T17:27:04,1034.04,0.0,51.9,1085.94,SKU-2009,3,344.68,0.0,17.3,361.98,False
PED-00937,CLI-10077,CH-TELEVENDAS,LOJA-TELEVENDAS,delivered,2025-11-03T17:27:04,1424.02,0.0,97.86,1521.88,SKU-2002,2,194.99,0.0,22.98,217.97,False
PED-00937,CLI-10077,CH-TELEVENDAS,LOJA-TELEVENDAS,delivered,2025-11-03T17:27:04,1912.17,0.0,133.63,2045.8,SKU-2092,1,488.15,0.0,35.77,523.92,False
PED-00937,CLI-10077,CH-TELEVENDAS,LOJA-TELEVENDAS,delivered,2025-11-03T17:27:04,5862.84,0.0,536.92,6399.76,SKU-2087,3,1316.89,0.0,134.43,1451.32,False
PED-00938,CLI-10077,CH-TELEVENDAS,LOJA-TELEVENDAS,delivered,2025-12-17T07:14:48,350.74,0.0,32.04,382.78,SKU-2111,2,175.37,0.0,16.02,191.39,False
PED-00938,CLI-10077,CH-TELEVENDAS,LOJA-TELEVENDAS,delivered,2025-12-17T07:14:48,998.44,0.0,98.7,1097.14,SKU-2010,2,323.85,0.0,33.33,357.18,False
PED-00939,CLI-10078,CH-WEB,LOJA-WEB,cancelled,2024-05-21T05:04:23,143.92,0.0,16.18,160.1,SKU-2080,2,71.96,0.0,8.09,80.05,False
PED-00939,CLI-10078,CH-WEB,LOJA-WEB,cancelled,2024-05-21T05:04:23,1998.48,0.0,195.68,2194.16,SKU-2057,1,1854.56,0.0,179.5,2034.06,False
PED-00940,CLI-10078,CH-APP,LOJA-01,delivered,2024-05-30T13:31:37,183.47,0.0,19.48,202.95,SKU-2061,1,183.47,0.0,19.48,202.95,False
PED-00940,CLI-10078,CH-APP,LOJA-01,delivered,2024-05-30T13:31:37,946.41,0.0,105.66,1052.07,SKU-2101,2,381.47,0.0,43.09,424.56,False
PED-00940,CLI-10078,CH-APP,LOJA-01,delivered,2024-05-30T13:31:37,2238.27,289.0,207.24,2156.51,SKU-2000,2,645.93,144.5,50.79,552.22,True
PED-00940,CLI-10078,CH-APP,LOJA-01,delivered,2024-05-30T13:31:37,4336.05,289.0,425.04,4472.09,SKU-2110,3,699.26,0.0,72.6,771.86,False
PED-00941,CLI-10078,CH-WEB,LOJA-WEB,delivered,2024-06-12T08:18:56,923.25,0.0,57.63,980.88,SKU-2029,3,307.75,0.0,19.21,326.96,False
PED-00941,CLI-10078,CH-WEB,LOJA-WEB,delivered,2024-06-12T08:18:56,2298.93,0.0,192.39,2491.32,SKU-2060,3,458.56,0.0,44.92,503.48,False
PED-00941,CLI-10078,CH-WEB,LOJA-WEB,delivered,2024-06-12T08:18:56,2446.48,0.0,202.3,2648.78,SKU-2099,1,147.55,0.0,9.91,157.46,False
PED-00942,CLI-10078,CH-WEB,LOJA-WEB,delivered,2024-06-14T07:08:09,50.6,0.0,4.04,54.64,SKU-2074,2,25.3,0.0,2.02,27.32,False
PED-00942,CLI-10078,CH-WEB,LOJA-WEB,delivered,2024-06-14T07:08:09,117.53,0.0,7.85,125.38,SKU-2065,3,22.31,0.0,1.27,23.58,False
PED-00943,CLI-10078,CH-WEB,LOJA-WEB,delivered,2024-06-21T04:38:42,692.16,0.0,75.94,768.1,SKU-2019,1,692.16,0.0,75.94,768.1,False
PED-00944,CLI-10079,CH-FISICO,LOJA-02,delivered,2024-04-09T00:48:06,203.03,0.0,11.46,214.49,SKU-2130,1,203.03,0.0,11.46,214.49,False
PED-00944,CLI-10079,CH-FISICO,LOJA-02,delivered,2024-04-09T00:48:06,705.61,0.0,43.25,748.86,SKU-2031,1,502.58,0.0,31.79,534.37,False
PED-00944,CLI-10079,CH-FISICO,LOJA-02,delivered,2024-04-09T00:48:06,998.99,0.0,76.63,1075.62,SKU-2123,2,146.69,0.0,16.69,163.38,False
PED-00944,CLI-10079,CH-FISICO,LOJA-02,delivered,2024-04-09T00:48:06,2804.24,0.0,267.13,3071.37,SKU-2071,3,601.75,0.0,63.5,665.25,False
PED-00945,CLI-10079,CH-APP,LOJA-03,confirmed,2024-04-09T22:33:57,301.27,0.0,23.27,324.54,SKU-2122,1,301.27,0.0,23.27,324.54,False
PED-00945,CLI-10079,CH-APP,LOJA-03,confirmed,2024-04-09T22:33:57,735.45,66.2,62.59,731.84,SKU-2089,2,217.09,33.1,19.66,203.65,True
PED-00946,CLI-10079,CH-FISICO,LOJA-02,confirmed,2024-04-12T20:36:21,5776.47,0.0,604.53,6381.0,SKU-2058,3,1925.49,0.0,201.51,2127.0,False
PED-00947,CLI-10079,CH-FISICO,LOJA-02,delivered,2024-04-21T07:55:33,689.36,0.0,62.02,751.38,SKU-2009,2,344.68,0.0,31.01,375.69,False
